SET session_replication_role = replica;
--
-- PostgreSQL database dump
--

-- Dumped from database version 16.2 (Postgres.app)
-- Dumped by pg_dump version 17.0

SET statement_timeout = 0;
SET lock_timeout = 0;
SET idle_in_transaction_session_timeout = 0;
SET client_encoding = 'UTF8';
SET standard_conforming_strings = on;
SELECT pg_catalog.set_config('search_path', '', false);
SET check_function_bodies = false;
SET xmloption = content;
SET client_min_messages = warning;
SET row_security = off;

--
-- Data for Name: action_text_rich_texts; Type: TABLE DATA; Schema: public; Owner: -
--

COPY public.action_text_rich_texts (id, body, created_at, name, record_id, record_type, updated_at) FROM stdin;
1	We're celebrating the release of the new M3 chip!	2026-05-22 10:13:38.831198	body	1	Event	2026-05-22 10:13:38.831198
\.


--
-- Data for Name: active_storage_blobs; Type: TABLE DATA; Schema: public; Owner: -
--

COPY public.active_storage_blobs (id, byte_size, checksum, content_type, created_at, filename, key, metadata, service_name) FROM stdin;
1	53540	J8jjz3ZCrel+KLeatiOgiA==	image/png	2026-05-22 10:13:29.955089	iphone.jpg	q7n03la603aiptwp1sknlbcgl7py	{"identified":true,"width":360,"height":360,"analyzed":true}	local
2	91483	Ew8cuIn+2i4JUkYySamnoQ==	image/jpeg	2026-05-22 10:13:30.285867	ipod.jpg	4osqamfw8bocna3uf8eputpzzhf1	{"identified":true,"width":876,"height":493,"analyzed":true}	local
3	161143	1GADSOD/jNbYK8PKAUqjIA==	image/jpeg	2026-05-22 10:13:30.573488	macbook.jpg	4ks946rk9fla6dzixlicealcsyvp	{"identified":true,"width":2000,"height":2000,"analyzed":true}	local
4	72579	JbHGz9zOfGStaRM3c23I9w==	image/jpeg	2026-05-22 10:13:30.751505	watch.jpg	4v5cgeovtyqab41pnbq4cfkagwra	{"identified":true,"width":1200,"height":630,"analyzed":true}	local
5	98947	QYw7BoMsrPR1LDOExUKHLQ==	image/jpeg	2026-05-22 10:13:30.936261	dummy-image.jpg	kmtrh9jgknymsysue260jlpl1qkr	{"identified":true,"width":2000,"height":2000,"analyzed":true}	local
6	53540	J8jjz3ZCrel+KLeatiOgiA==	image/png	2026-05-22 10:13:31.137182	iphone.jpg	gk368dt9nhqjbpdy3qen9t5e577x	{"identified":true,"width":360,"height":360,"analyzed":true}	local
7	91483	Ew8cuIn+2i4JUkYySamnoQ==	image/jpeg	2026-05-22 10:13:31.407482	ipod.jpg	zc43jyr4gwgf5q5xxsmn1q2f0c4p	{"identified":true,"width":876,"height":493,"analyzed":true}	local
8	161143	1GADSOD/jNbYK8PKAUqjIA==	image/jpeg	2026-05-22 10:13:31.581614	macbook.jpg	vho96siidl7k7b71ua3pc5ufg1hp	{"identified":true,"width":2000,"height":2000,"analyzed":true}	local
9	72579	JbHGz9zOfGStaRM3c23I9w==	image/jpeg	2026-05-22 10:13:31.721856	watch.jpg	b4axsn87angqlvyc3kwwsa7gkxu6	{"identified":true,"width":1200,"height":630,"analyzed":true}	local
10	98947	QYw7BoMsrPR1LDOExUKHLQ==	image/jpeg	2026-05-22 10:13:31.851858	dummy-image.jpg	npimfjjutjwl9w68lw5s75o0mp7k	{"identified":true,"width":2000,"height":2000,"analyzed":true}	local
11	53540	J8jjz3ZCrel+KLeatiOgiA==	image/png	2026-05-22 10:13:31.969029	iphone.jpg	ax7pfufe2l4xw7m3ydzcbwtpmwln	{"identified":true,"width":360,"height":360,"analyzed":true}	local
12	91483	Ew8cuIn+2i4JUkYySamnoQ==	image/jpeg	2026-05-22 10:13:32.069137	ipod.jpg	tv0xcakalq8wt30b0nc0t5j80th9	{"identified":true,"width":876,"height":493,"analyzed":true}	local
13	161143	1GADSOD/jNbYK8PKAUqjIA==	image/jpeg	2026-05-22 10:13:32.232595	macbook.jpg	nlalacfv6j57rrtlr1qlcsuvzxxu	{"identified":true,"width":2000,"height":2000,"analyzed":true}	local
14	72579	JbHGz9zOfGStaRM3c23I9w==	image/jpeg	2026-05-22 10:13:32.313986	watch.jpg	hm9ztow9g66g2kgx23bc8mxh5jjh	{"identified":true,"width":1200,"height":630,"analyzed":true}	local
15	98947	QYw7BoMsrPR1LDOExUKHLQ==	image/jpeg	2026-05-22 10:13:32.423636	dummy-image.jpg	t8wecv4256fev7r189suwtzndyjr	{"identified":true,"width":2000,"height":2000,"analyzed":true}	local
16	53540	J8jjz3ZCrel+KLeatiOgiA==	image/png	2026-05-22 10:13:32.572611	iphone.jpg	5ctzdq0k0fq9yetymj0f37w9irol	{"identified":true,"width":360,"height":360,"analyzed":true}	local
17	91483	Ew8cuIn+2i4JUkYySamnoQ==	image/jpeg	2026-05-22 10:13:32.72182	ipod.jpg	2epo5u4p39mu4btuwi1os411ojri	{"identified":true,"width":876,"height":493,"analyzed":true}	local
18	161143	1GADSOD/jNbYK8PKAUqjIA==	image/jpeg	2026-05-22 10:13:32.936203	macbook.jpg	1rwhvbnpr79pp86eizwwpxad1f98	{"identified":true,"width":2000,"height":2000,"analyzed":true}	local
19	72579	JbHGz9zOfGStaRM3c23I9w==	image/jpeg	2026-05-22 10:13:33.076851	watch.jpg	d2v1s9lzj2gysjrldvdatzqwbyvf	{"identified":true,"width":1200,"height":630,"analyzed":true}	local
20	98947	QYw7BoMsrPR1LDOExUKHLQ==	image/jpeg	2026-05-22 10:13:33.205347	dummy-image.jpg	n7wfcmusrdlt0od97ce8cpju4ieq	{"identified":true,"width":2000,"height":2000,"analyzed":true}	local
21	53540	J8jjz3ZCrel+KLeatiOgiA==	image/png	2026-05-22 10:13:33.333284	iphone.jpg	7s4s4snmknu4mzyuwynecu547az0	{"identified":true,"width":360,"height":360,"analyzed":true}	local
22	91483	Ew8cuIn+2i4JUkYySamnoQ==	image/jpeg	2026-05-22 10:13:33.528451	ipod.jpg	rwo1thay1dbmzzs63plnjiphsivk	{"identified":true,"width":876,"height":493,"analyzed":true}	local
23	161143	1GADSOD/jNbYK8PKAUqjIA==	image/jpeg	2026-05-22 10:13:33.61604	macbook.jpg	k5xl4qohrgwqm26vq72pdam8luom	{"identified":true,"width":2000,"height":2000,"analyzed":true}	local
24	72579	JbHGz9zOfGStaRM3c23I9w==	image/jpeg	2026-05-22 10:13:33.79745	watch.jpg	tr6vbs0y7qp1kef63j7h3hp9x4vf	{"identified":true,"width":1200,"height":630,"analyzed":true}	local
25	98947	QYw7BoMsrPR1LDOExUKHLQ==	image/jpeg	2026-05-22 10:13:33.910911	dummy-image.jpg	8emazpxlcdx3m014ul2oul5c35r4	{"identified":true,"width":2000,"height":2000,"analyzed":true}	local
26	91483	Ew8cuIn+2i4JUkYySamnoQ==	image/jpeg	2026-05-22 10:13:38.572496	ipod.jpg	n11461o8ef2yl7aa434z0lhkpipp	{"identified":true,"width":876,"height":493,"analyzed":true}	local
27	161143	1GADSOD/jNbYK8PKAUqjIA==	image/jpeg	2026-05-22 10:13:38.596059	macbook.jpg	dlse5yyra2kdyeplsq8l20yzzq5l	{"identified":true,"width":2000,"height":2000,"analyzed":true}	local
29	53540	J8jjz3ZCrel+KLeatiOgiA==	image/png	2026-05-22 10:13:38.635524	iphone.jpg	qu9u8aargyiiguhhjt04f8xi3cqs	{"identified":true,"width":360,"height":360,"analyzed":true}	local
28	72579	JbHGz9zOfGStaRM3c23I9w==	image/jpeg	2026-05-22 10:13:38.619128	watch.jpg	iuf9sqkmfudihx6rk48gahttq9tg	{"identified":true,"width":1200,"height":630,"analyzed":true}	local
\.


--
-- Data for Name: active_storage_attachments; Type: TABLE DATA; Schema: public; Owner: -
--

COPY public.active_storage_attachments (id, blob_id, created_at, name, record_id, record_type) FROM stdin;
1	1	2026-05-22 10:13:29.96484	cover	9	Post
2	2	2026-05-22 10:13:30.287029	cover	10	Post
3	3	2026-05-22 10:13:30.575107	cover	11	Post
4	4	2026-05-22 10:13:30.752674	cover	12	Post
5	5	2026-05-22 10:13:30.937439	cover	13	Post
6	6	2026-05-22 10:13:31.138673	cover	14	Post
7	7	2026-05-22 10:13:31.408988	cover	15	Post
8	8	2026-05-22 10:13:31.582965	cover	16	Post
9	9	2026-05-22 10:13:31.728269	cover	17	Post
10	10	2026-05-22 10:13:31.853159	cover	18	Post
11	11	2026-05-22 10:13:31.970026	cover	19	Post
12	12	2026-05-22 10:13:32.070125	cover	20	Post
13	13	2026-05-22 10:13:32.234041	cover	21	Post
14	14	2026-05-22 10:13:32.315914	cover	22	Post
15	15	2026-05-22 10:13:32.424956	cover	23	Post
16	16	2026-05-22 10:13:32.574041	cover	24	Post
17	17	2026-05-22 10:13:32.723265	cover	25	Post
18	18	2026-05-22 10:13:32.937591	cover	26	Post
19	19	2026-05-22 10:13:33.077899	cover	27	Post
20	20	2026-05-22 10:13:33.206704	cover	28	Post
21	21	2026-05-22 10:13:33.334243	cover	29	Post
22	22	2026-05-22 10:13:33.530406	cover	30	Post
23	23	2026-05-22 10:13:33.617116	cover	31	Post
24	24	2026-05-22 10:13:33.798664	cover	32	Post
25	25	2026-05-22 10:13:33.912148	cover	33	Post
26	26	2026-05-22 10:13:38.579058	image	1	Product
27	27	2026-05-22 10:13:38.598031	image	2	Product
28	28	2026-05-22 10:13:38.622324	image	3	Product
29	29	2026-05-22 10:13:38.638605	image	4	Product
\.


--
-- Data for Name: active_storage_variant_records; Type: TABLE DATA; Schema: public; Owner: -
--

COPY public.active_storage_variant_records (id, blob_id, variation_digest) FROM stdin;
\.


--
-- Data for Name: cities; Type: TABLE DATA; Schema: public; Owner: -
--

COPY public.cities (id, city_center_area, created_at, features, image_url, is_capital, latitude, longitude, metadata, name, population, status, tiny_description, updated_at) FROM stdin;
1	\N	2026-05-22 10:13:38.299872	\N	\N	\N	40.7128	-74.006	\N	New York	8400000	\N	\N	2026-05-22 10:13:38.299872
2	\N	2026-05-22 10:13:38.299872	\N	\N	\N	41.3851	2.1734	\N	Barcelona	1600000	\N	\N	2026-05-22 10:13:38.299872
3	\N	2026-05-22 10:13:38.299872	\N	\N	\N	44.4268	26.1025	\N	Bucharest	1800000	\N	\N	2026-05-22 10:13:38.299872
4	\N	2026-05-22 10:13:38.299872	\N	\N	\N	22.3193	114.1694	\N	Hong Kong	7500000	\N	\N	2026-05-22 10:13:38.299872
5	\N	2026-05-22 10:13:38.299872	\N	\N	\N	35.6762	139.6503	\N	Tokyo	13900000	\N	\N	2026-05-22 10:13:38.299872
6	\N	2026-05-22 10:13:38.299872	\N	\N	\N	51.5074	-0.1278	\N	London	9000000	\N	\N	2026-05-22 10:13:38.299872
7	\N	2026-05-22 10:13:38.299872	\N	\N	\N	48.8566	2.3522	\N	Paris	2100000	\N	\N	2026-05-22 10:13:38.299872
8	\N	2026-05-22 10:13:38.299872	\N	\N	\N	52.52	13.405	\N	Berlin	3700000	\N	\N	2026-05-22 10:13:38.299872
9	\N	2026-05-22 10:13:38.299872	\N	\N	\N	41.9028	12.4964	\N	Rome	2800000	\N	\N	2026-05-22 10:13:38.299872
10	\N	2026-05-22 10:13:38.299872	\N	\N	\N	40.4168	-3.7038	\N	Madrid	3200000	\N	\N	2026-05-22 10:13:38.299872
11	\N	2026-05-22 10:13:38.299872	\N	\N	\N	52.3676	4.9041	\N	Amsterdam	900000	\N	\N	2026-05-22 10:13:38.299872
12	\N	2026-05-22 10:13:38.299872	\N	\N	\N	-33.8688	151.2093	\N	Sydney	5300000	\N	\N	2026-05-22 10:13:38.299872
13	\N	2026-05-22 10:13:38.299872	\N	\N	\N	-37.8136	144.9631	\N	Melbourne	5000000	\N	\N	2026-05-22 10:13:38.299872
14	\N	2026-05-22 10:13:38.299872	\N	\N	\N	1.3521	103.8198	\N	Singapore	5700000	\N	\N	2026-05-22 10:13:38.299872
15	\N	2026-05-22 10:13:38.299872	\N	\N	\N	25.2048	55.2708	\N	Dubai	3400000	\N	\N	2026-05-22 10:13:38.299872
16	\N	2026-05-22 10:13:38.299872	\N	\N	\N	19.076	72.8777	\N	Mumbai	20400000	\N	\N	2026-05-22 10:13:38.299872
17	\N	2026-05-22 10:13:38.299872	\N	\N	\N	-23.5505	-46.6333	\N	São Paulo	12300000	\N	\N	2026-05-22 10:13:38.299872
18	\N	2026-05-22 10:13:38.299872	\N	\N	\N	19.4326	-99.1332	\N	Mexico City	9200000	\N	\N	2026-05-22 10:13:38.299872
19	\N	2026-05-22 10:13:38.299872	\N	\N	\N	34.0522	-118.2437	\N	Los Angeles	4000000	\N	\N	2026-05-22 10:13:38.299872
20	\N	2026-05-22 10:13:38.299872	\N	\N	\N	41.8781	-87.6298	\N	Chicago	2700000	\N	\N	2026-05-22 10:13:38.299872
21	\N	2026-05-22 10:13:38.299872	\N	\N	\N	43.6532	-79.3832	\N	Toronto	2900000	\N	\N	2026-05-22 10:13:38.299872
22	\N	2026-05-22 10:13:38.299872	\N	\N	\N	49.2827	-123.1207	\N	Vancouver	675000	\N	\N	2026-05-22 10:13:38.299872
23	\N	2026-05-22 10:13:38.299872	\N	\N	\N	59.3293	18.0686	\N	Stockholm	975000	\N	\N	2026-05-22 10:13:38.299872
24	\N	2026-05-22 10:13:38.299872	\N	\N	\N	55.6761	12.5683	\N	Copenhagen	800000	\N	\N	2026-05-22 10:13:38.299872
25	\N	2026-05-22 10:13:38.299872	\N	\N	\N	48.2082	16.3738	\N	Vienna	1900000	\N	\N	2026-05-22 10:13:38.299872
26	\N	2026-05-22 10:13:38.299872	\N	\N	\N	47.3769	8.5417	\N	Zurich	420000	\N	\N	2026-05-22 10:13:38.299872
27	\N	2026-05-22 10:13:38.299872	\N	\N	\N	37.5665	126.978	\N	Seoul	9700000	\N	\N	2026-05-22 10:13:38.299872
\.


--
-- Data for Name: users; Type: TABLE DATA; Schema: public; Owner: -
--

COPY public.users (id, active, avo_preferences, birthday, created_at, custom_css, email, encrypted_password, first_name, last_name, remember_created_at, reset_password_sent_at, reset_password_token, roles, slug, team_id, updated_at) FROM stdin;
1	t	{}	1989-08-14	2026-05-22 10:13:21.175663	.header {\n  color: red;\n}	maryanne_kuvalis@bashirian-pagac.example	$2a$11$rKI5szhW9gPGKLmeEYaVNevTB2GwxeQ5jVqn8k/UTlyfORD3I9Ewa	Mauro	Rogahn	\N	\N	\N	{"admin":false,"manager":true,"writer":true}	mauro-rogahn	1	2026-05-22 10:13:21.175663
2	t	{}	2003-06-01	2026-05-22 10:13:21.313619	.header {\n  color: red;\n}	brandon_okon@larson.example	$2a$11$cQuzyVpioh/CKOgav5y4iOFha4xBlv/2TdVZ5mG0B53g/Asv/cWsW	Steve	Powlowski	\N	\N	\N	{"admin":false,"manager":false,"writer":true}	steve-powlowski	2	2026-05-22 10:13:21.313619
3	t	{}	1986-05-11	2026-05-22 10:13:21.451389	.header {\n  color: red;\n}	kiana@leuschke.example	$2a$11$n0oiNohz5Lohes095Ef.XODa4Tt8CiwJxaTaIPCHe7.O9BXyEUPYO	Bo	Fisher	\N	\N	\N	{"admin":false,"manager":false,"writer":true}	bo-fisher	4	2026-05-22 10:13:21.451389
4	t	{}	1977-02-20	2026-05-22 10:13:21.600075	.header {\n  color: red;\n}	classie.larkin@bergnaum.example	$2a$11$9C4nHfI.XW7.ibgstDoMQuhlAahKBRseCCbkLGGnrG0hJ2FTLQ5Vi	Bret	Schulist	\N	\N	\N	{"admin":false,"manager":true,"writer":true}	bret-schulist	3	2026-05-22 10:13:21.600075
5	t	{}	1979-09-21	2026-05-22 10:13:21.734398	.header {\n  color: red;\n}	nickolas@lockman.test	$2a$11$oEz.ihu9cbf2bqE3vZcoYuJnGmJBMc6AqPqL2Rmss5x7T7Axqwqiy	Lesli	Grady	\N	\N	\N	{"admin":false,"manager":false,"writer":false}	lesli-grady	4	2026-05-22 10:13:21.734398
6	t	{}	1969-12-12	2026-05-22 10:13:21.876178	.header {\n  color: red;\n}	kareem_wunsch@rath.example	$2a$11$WuEHI2utvJJ34jlV9djc.u9NB/9GjzFsy.1K7nSwdre/3J0jGXfTW	Quinn	Walker	\N	\N	\N	{"admin":false,"manager":true,"writer":false}	quinn-walker	3	2026-05-22 10:13:21.876178
7	t	{}	2000-04-07	2026-05-22 10:13:22.014614	.header {\n  color: red;\n}	pete@hoppe.test	$2a$11$7B1pcNdDyCkRYT1vxk1L2.s2LYZq14D0J1jMeYVpY/XY5rv5KDlOu	Chance	Harber	\N	\N	\N	{"admin":false,"manager":true,"writer":false}	chance-harber	2	2026-05-22 10:13:22.014614
8	t	{}	2000-12-24	2026-05-22 10:13:22.153082	.header {\n  color: red;\n}	miles@moore-feeney.example	$2a$11$aJ15mI18GZ3p9pqKOXdzIef3OztXdjcnmpgtcrMrqpNXzLGI2.cCy	Mariella	Hickle	\N	\N	\N	{"admin":false,"manager":true,"writer":true}	mariella-hickle	4	2026-05-22 10:13:22.153082
9	t	{}	1995-12-19	2026-05-22 10:13:22.286651	.header {\n  color: red;\n}	stanton@thompson.test	$2a$11$HqsJXB3vYJ.vLt.UmhemtOfxdE0qTRUN6TpEUlcvND/nsKyVSZHUS	Florentino	Hettinger	\N	\N	\N	{"admin":false,"manager":true,"writer":true}	florentino-hettinger	2	2026-05-22 10:13:22.286651
10	t	{}	2007-03-08	2026-05-22 10:13:22.435805	.header {\n  color: red;\n}	seth@dubuque-maggio.example	$2a$11$z38dZvMslit2UECb.0XQ1.WBJzgJbDMwW41VTPRNFJdlR2AdJOEUe	Dorothea	Miller	\N	\N	\N	{"admin":false,"manager":true,"writer":true}	dorothea-miller	1	2026-05-22 10:13:22.435805
11	t	{}	1976-08-26	2026-05-22 10:13:22.579664	.header {\n  color: red;\n}	carli.nitzsche@shanahan.test	$2a$11$rtw.qO4rIeUiaa1WdnWuhu47RnftEejY0yt2j.BBVwPlpqgur9ORq	Jermaine	Keeling	\N	\N	\N	{"admin":false,"manager":true,"writer":false}	jermaine-keeling	2	2026-05-22 10:13:22.579664
12	t	{}	1968-06-24	2026-05-22 10:13:22.788679	.header {\n  color: red;\n}	imogene@stiedemann.example	$2a$11$BYGA9k5kD5gQue4Z7RD0geL5wUzkW0dT2aQDLxXfY0jqcx5bK/e3.	Ava	Homenick	\N	\N	\N	{"admin":false,"manager":false,"writer":false}	ava-homenick	1	2026-05-22 10:13:22.788679
13	t	{}	1968-12-20	2026-05-22 10:13:22.934409	.header {\n  color: red;\n}	ben@reinger.example	$2a$11$wHsNlbOnKn.X07sEF4F9Beatoe4jflxiWwAswErkDHFDqvhAWFLya	Margarita	Frami	\N	\N	\N	{"admin":false,"manager":false,"writer":true}	margarita-frami	4	2026-05-22 10:13:22.934409
14	t	{}	1968-05-23	2026-05-22 10:13:23.066828	.header {\n  color: red;\n}	charley@crooks.example	$2a$11$1I0T8VkdKvCSo1IvzivKGunQPPBm2KIeT7aBeIESVBiVa/AtrX.12	Cari	Roob	\N	\N	\N	{"admin":false,"manager":true,"writer":false}	cari-roob	3	2026-05-22 10:13:23.066828
15	t	{}	1966-01-15	2026-05-22 10:13:23.198778	.header {\n  color: red;\n}	soraya_altenwerth@zemlak.test	$2a$11$pf5yD8aN28rMGD/OX5wnIO7MitumBnoL9JmBehynMiUF29gDXAylW	Lionel	Pouros	\N	\N	\N	{"admin":false,"manager":true,"writer":false}	lionel-pouros	3	2026-05-22 10:13:23.198778
16	t	{}	1977-07-22	2026-05-22 10:13:23.331042	.header {\n  color: red;\n}	maryland@cremin.example	$2a$11$KSizh.s9oJi47dWCHMGJ9OE3pOP.4gxdCFanr7lUir4uvnGptCfDm	Ima	Kuvalis	\N	\N	\N	{"admin":false,"manager":true,"writer":false}	ima-kuvalis	2	2026-05-22 10:13:23.331042
17	t	{}	1993-08-14	2026-05-22 10:13:23.467728	.header {\n  color: red;\n}	verdell@labadie.test	$2a$11$9LpXJ72dNa81v3jdzGKzwe9wufz76wtBYMMhoxL4nZoYM32tNGtyi	Lakisha	Dooley	\N	\N	\N	{"admin":false,"manager":false,"writer":true}	lakisha-dooley	2	2026-05-22 10:13:23.467728
18	t	{}	1982-08-21	2026-05-22 10:13:23.59769	.header {\n  color: red;\n}	josette@rosenbaum-beahan.example	$2a$11$gqipjpqiYwTnGKulP17HL./XfcUjczqRCngx445ahJ7U1Vbga5U36	Eveline	Lang	\N	\N	\N	{"admin":false,"manager":false,"writer":false}	eveline-lang	2	2026-05-22 10:13:23.59769
19	t	{}	1983-05-01	2026-05-22 10:13:23.727607	.header {\n  color: red;\n}	florida_mante@macejkovic.test	$2a$11$JVcLDIk14KKFwSmqgAyp9OZvGDL8SuG.tfvLUufOeRj3vwAKozhx6	Burt	Pouros	\N	\N	\N	{"admin":false,"manager":true,"writer":false}	burt-pouros	2	2026-05-22 10:13:23.727607
20	t	{}	1999-11-14	2026-05-22 10:13:23.863937	.header {\n  color: red;\n}	cindy_kerluke@konopelski.example	$2a$11$ToD9EZAa2DmMIkw6Tnh1repYAzTpteDrU0ud8Ti3wyqBTn43Ic9EK	Garland	Schowalter	\N	\N	\N	{"admin":false,"manager":false,"writer":true}	garland-schowalter	3	2026-05-22 10:13:23.863937
21	t	{}	1979-04-06	2026-05-22 10:13:23.996049	.header {\n  color: red;\n}	loree.wiza@kovacek.example	$2a$11$GzqrLDi1Kr4YfgP7pnY1JuQEFePp5WDfVpVgTeD5U60pGHkGya9IG	Lamont	Stark	\N	\N	\N	{"admin":false,"manager":false,"writer":false}	lamont-stark	4	2026-05-22 10:13:23.996049
22	t	{}	1973-07-29	2026-05-22 10:13:24.152462	.header {\n  color: red;\n}	octavio.langworth@larkin.example	$2a$11$U/3clqeOYDZuIAP16sP5ouVGrByQVco5VsMzu2oUWjLzZb0g.zdz6	Caitlyn	Roberts	\N	\N	\N	{"admin":false,"manager":false,"writer":true}	caitlyn-roberts	4	2026-05-22 10:13:24.152462
23	t	{}	1981-12-29	2026-05-22 10:13:24.281102	.header {\n  color: red;\n}	mariel_nitzsche@berge-nienow.example	$2a$11$ll8fAM3BPFSjUtOBDFK9J.walloeMeP64rSJPgoTZdHqiHjxjlTo2	Georgianne	Nienow	\N	\N	\N	{"admin":false,"manager":true,"writer":false}	georgianne-nienow	1	2026-05-22 10:13:24.281102
24	t	{}	1980-07-25	2026-05-22 10:13:24.415303	.header {\n  color: red;\n}	lee_purdy@watsica.test	$2a$11$jEQZZHkx94/YhaMeaB3EuecJzOQNd021LTE9ZG2FIr6PV8q2R.M4K	Jules	Muller	\N	\N	\N	{"admin":false,"manager":true,"writer":false}	jules-muller	4	2026-05-22 10:13:24.415303
25	t	{}	1997-05-30	2026-05-22 10:13:24.547568	.header {\n  color: red;\n}	colin.kihn@cole.example	$2a$11$HF2r4nlAAaprCY1Wr9kUauYljsH5oYGHAgIBTURizFLjtxCscEmR2	Sammy	Wiza	\N	\N	\N	{"admin":false,"manager":false,"writer":false}	sammy-wiza	3	2026-05-22 10:13:24.547568
26	t	{}	1962-05-25	2026-05-22 10:13:24.681885	.header {\n  color: red;\n}	arnoldo_hammes@bernhard.example	$2a$11$l13Awd9MVRUkPcYtKyxBc.0IFKoEUks1Bsbcd3hhSEyKCcYCJ3IC6	Casey	O'Kon	\N	\N	\N	{"admin":false,"manager":true,"writer":true}	casey-o-kon	3	2026-05-22 10:13:24.681885
27	t	{}	1996-05-19	2026-05-22 10:13:24.815957	.header {\n  color: red;\n}	sudie@reichert.test	$2a$11$Gt1a3DYdaAWfcqffS7v.YusX8iteKCsPtTwg73C4pw0WiIGgX8fnG	Alvin	Wintheiser	\N	\N	\N	{"admin":false,"manager":true,"writer":false}	alvin-wintheiser	2	2026-05-22 10:13:24.815957
28	t	{}	1985-09-09	2026-05-22 10:13:24.94821	.header {\n  color: red;\n}	teofila@dach.test	$2a$11$1Hu7e3uneoKwhEfhu5788eboEsxHUNr7Fioaidp/6A6lgCrE5fhV6	Marylouise	Reichert	\N	\N	\N	{"admin":false,"manager":false,"writer":true}	marylouise-reichert	2	2026-05-22 10:13:24.94821
29	t	{}	1994-10-24	2026-05-22 10:13:25.084443	.header {\n  color: red;\n}	antonio@welch-schumm.test	$2a$11$8T.WTgbjI21bjNyzqf4K/eu8NIFdG6PdSuJnViJyypArGeWRpkl0G	Christoper	Jast	\N	\N	\N	{"admin":false,"manager":true,"writer":true}	christoper-jast	1	2026-05-22 10:13:25.084443
30	t	{}	1978-06-11	2026-05-22 10:13:25.218084	.header {\n  color: red;\n}	hobert@bosco-simonis.example	$2a$11$x8THry8RWAtolOaW9o.4aubwCiL5MMob5xv1RX6Uf4M1YMj8vdy46	Wava	Tremblay	\N	\N	\N	{"admin":false,"manager":false,"writer":true}	wava-tremblay	3	2026-05-22 10:13:25.218084
31	t	{}	2002-10-11	2026-05-22 10:13:25.348719	.header {\n  color: red;\n}	eddy.zboncak@keebler.example	$2a$11$CrARstOqJ1GJlNz5Bpq5wekct.5srmzosGyfFaIAC6PCKjbsIQ546	Pearly	Vandervort	\N	\N	\N	{"admin":false,"manager":false,"writer":true}	pearly-vandervort	1	2026-05-22 10:13:25.348719
32	t	{}	2005-07-17	2026-05-22 10:13:25.479322	.header {\n  color: red;\n}	moises@gutkowski-hyatt.test	$2a$11$M0n9QDWOUKFCZVSveMTpmeKGTTAUTUj7RXQxpLPo6hY.K4ZVCIyx.	Dorathy	Rodriguez	\N	\N	\N	{"admin":false,"manager":true,"writer":true}	dorathy-rodriguez	4	2026-05-22 10:13:25.479322
33	t	{}	1994-12-09	2026-05-22 10:13:25.607333	.header {\n  color: red;\n}	rochell.weimann@thiel-durgan.example	$2a$11$1IT4L6xwt3/lB5lQIEHFT.uwSB8.pp.tluoG2vrhHFam8cmPLvrF.	Page	Schmitt	\N	\N	\N	{"admin":false,"manager":false,"writer":true}	page-schmitt	4	2026-05-22 10:13:25.607333
34	t	{}	1981-02-15	2026-05-22 10:13:25.735931	.header {\n  color: red;\n}	tameika@boyle.test	$2a$11$vaBhCsspoLSnUHx9QC1TSONE6tU9Cggrk/UK/FMnA9h/WubOFG2Re	Monty	Schimmel	\N	\N	\N	{"admin":false,"manager":false,"writer":false}	monty-schimmel	4	2026-05-22 10:13:25.735931
35	t	{}	1995-05-05	2026-05-22 10:13:25.865636	.header {\n  color: red;\n}	hollis.leannon@king.example	$2a$11$qj/sk3LxW3Yst84Hm2Zp2OOOvePrO363kraDFY0/dExxjGA9z.TPW	Lili	Pagac	\N	\N	\N	{"admin":false,"manager":false,"writer":true}	lili-pagac	2	2026-05-22 10:13:25.865636
36	t	{}	2007-11-30	2026-05-22 10:13:25.999056	.header {\n  color: red;\n}	erin_bechtelar@kovacek-barton.example	$2a$11$xIoHPoFDxAd.UPBb724wF.uhLJvotxvhDLNqROdt1jTO1IIIJSAYG	Jan	Hagenes	\N	\N	\N	{"admin":false,"manager":true,"writer":true}	jan-hagenes	2	2026-05-22 10:13:25.999056
37	t	{}	1964-11-12	2026-05-22 10:13:26.136695	.header {\n  color: red;\n}	darcel@pagac.test	$2a$11$x.aMIDfZfaXrQgpI/CXcZeYQGh6jedmJ/57eGbpXNjU0UVgJFx2ga	Lanell	Swaniawski	\N	\N	\N	{"admin":false,"manager":true,"writer":false}	lanell-swaniawski	4	2026-05-22 10:13:26.136695
38	t	{}	1998-08-20	2026-05-22 10:13:26.2763	.header {\n  color: red;\n}	adelina@pollich.test	$2a$11$3O8zWzG.6//vqzpWXm9cpOAE97.R2hT/NxFsxu3NPKHvB4rISN//y	Erick	Rowe	\N	\N	\N	{"admin":false,"manager":false,"writer":true}	erick-rowe	1	2026-05-22 10:13:26.2763
39	t	{}	2020-03-28	2026-05-22 10:13:26.405678	\N	hi@avohq.io	$2a$11$EV9bDYBii66QArtwwAgCbejy/2NkdW2qj2sUsdY7B6j5jvUlItiEa	Avo	Cado	\N	\N	\N	{"admin":true,"manager":false,"writer":false}	avo-cado	\N	2026-05-22 10:13:26.405678
40	t	{}	2005-10-05	2026-05-22 10:13:26.548025	.header {\n  color: red;\n}	adrian@adrianthedev.com	$2a$11$ahGbSr.qptA2ayARcpwMKuJmWZ7WCo9JEGUFZdneoJQCxxCK2czxu	Adrian	Marin	\N	\N	\N	{"admin":false,"manager":true,"writer":true}	adrian-marin	1	2026-05-22 10:13:26.548025
41	t	{}	2006-10-02	2026-05-22 10:13:26.681003	.header {\n  color: red;\n}	jeffrey@laracasts.com	$2a$11$ym8GofggmtwaxmiyhcTVbOdAEEF442NhU2hufCVM5Hooamscjjoj.	Jeffery	Way	\N	\N	\N	{"admin":false,"manager":false,"writer":true}	jeffery-way	3	2026-05-22 10:13:26.681003
42	t	{}	1965-07-27	2026-05-22 10:13:26.817791	.header {\n  color: red;\n}	adam@adamwathan.me	$2a$11$yL6OauHnNllF952HaQv/JefOOR2AhpGySOl/Dloz42iKiP/XUgYeG	Adam	Watham	\N	\N	\N	{"admin":false,"manager":false,"writer":false}	adam-watham	1	2026-05-22 10:13:26.817791
43	t	{}	1970-01-30	2026-05-22 10:13:26.948378	.header {\n  color: red;\n}	taylor@laravel.com	$2a$11$8KYw5YVICGQaPLWvupzhgeBgiB0gHBtqUViphDP7GHwjUGVxHSZhS	Taylor	Otwell	\N	\N	\N	{"admin":false,"manager":false,"writer":true}	taylor-otwell	3	2026-05-22 10:13:26.948378
44	t	{}	1995-02-07	2026-05-22 10:13:27.07908	.header {\n  color: red;\n}	mperham@gmail.com	$2a$11$pXvrSSb76z5c1kiAWgK3ZOL176e3WKW60liTDioNwBUvECaerzbWq	Mike	Perham	\N	\N	\N	{"admin":false,"manager":true,"writer":true}	mike-perham	2	2026-05-22 10:13:27.07908
45	t	{}	1991-10-24	2026-05-22 10:13:27.209471	.header {\n  color: red;\n}	lucian@ghinda.com	$2a$11$1wcMWB3P49QzARoLBkemS.Ju/YB8o07Mxp3GcDb2/dzpWQxhVctva	Lucian	Ghinda	\N	\N	\N	{"admin":false,"manager":true,"writer":false}	lucian-ghinda	1	2026-05-22 10:13:27.209471
46	t	{}	1965-03-03	2026-05-22 10:13:27.338021	.header {\n  color: red;\n}	joe@masilotti.com	$2a$11$FhK/PCbywyBtcHAjl/ikl.46KVSfAvv3KSet8gpcTS/83hUIL6QlK	Joe	Masilotti	\N	\N	\N	{"admin":false,"manager":true,"writer":true}	joe-masilotti	4	2026-05-22 10:13:27.338021
47	t	{}	1964-06-24	2026-05-22 10:13:27.469502	.header {\n  color: red;\n}	matz@ruby.or.jp	$2a$11$jEM6lvF9YZOn7CvDovn6/.RZnNAdf.PuKR//JCaZbbkn2.8jQke9y	Yukihiro "Matz"	Matsumoto	\N	\N	\N	{"admin":false,"manager":false,"writer":false}	yukihiro-matz-matsumoto	4	2026-05-22 10:13:27.469502
48	t	{}	1989-07-19	2026-05-22 10:13:27.61546	.header {\n  color: red;\n}	jason@benfranklinlabs.com	$2a$11$N8AblK0HVxmhT1eu6sb8OeuJAPoAjlrbqkA6dUEKpNhRsmuDQWWE.	Jason	Swett	\N	\N	\N	{"admin":false,"manager":false,"writer":true}	jason-swett	4	2026-05-22 10:13:27.61546
49	t	{}	1971-07-03	2026-05-22 10:13:27.748159	.header {\n  color: red;\n}	yashm@outlook.com	$2a$11$5JlcyDvudvBX092sFdafeOMEFSgTdMnmGt9n26OABHgy9GCbgMfCC	Yaroslav	Shmarov	\N	\N	\N	{"admin":false,"manager":true,"writer":true}	yaroslav-shmarov	3	2026-05-22 10:13:27.748159
50	t	{}	1999-10-11	2026-05-22 10:13:27.883617	.header {\n  color: red;\n}	andrew.culver@gmail.com	$2a$11$dKlhrxaKda6mVTIlIvZ3xuJcv1CN9gAYIGf6oXHVA8I2Aicm6/Df2	Andrew	Culver	\N	\N	\N	{"admin":false,"manager":true,"writer":false}	andrew-culver	3	2026-05-22 10:13:27.883617
51	t	{}	1989-11-16	2026-05-22 10:13:28.012706	.header {\n  color: red;\n}	jason@jasoncharnes.com	$2a$11$DM84SgayqKRDEdBAEbf97Orr5lfm0gALgRnnl8dQ3/TuYNmzFegKm	Jason	Charnes	\N	\N	\N	{"admin":false,"manager":true,"writer":false}	jason-charnes	4	2026-05-22 10:13:28.012706
52	t	{}	1986-04-21	2026-05-22 10:13:28.147246	.header {\n  color: red;\n}	palkan@evilmartians.com	$2a$11$5rSJFNIlSiFixX6JcH.IquRfogfxpvRk2z6c8pLH0tJEr9CfTc8eK	Vladimir	Dementyev	\N	\N	\N	{"admin":false,"manager":false,"writer":true}	vladimir-dementyev	2	2026-05-22 10:13:28.147246
53	t	{}	1984-01-19	2026-05-22 10:13:28.278161	.header {\n  color: red;\n}	eric@berry.sh	$2a$11$HsdKagcNtYLG7zlfqV7o2eRSB7XmzlZy2HEDrlsCHpPtj3P9k/EDi	Eric	Berry	\N	\N	\N	{"admin":false,"manager":false,"writer":false}	eric-berry	1	2026-05-22 10:13:28.278161
54	t	{}	2005-03-20	2026-05-22 10:13:28.413895	.header {\n  color: red;\n}	david@hey.com	$2a$11$NE0orMD5QOZB0eDZlD4ET.MRioIU7oneK/1/zMAs0Z9F524hE/UKC	David Heinemeier	Hansson	\N	\N	\N	{"admin":false,"manager":true,"writer":true}	david-heinemeier-hansson	1	2026-05-22 10:13:28.413895
\.


--
-- Data for Name: comments; Type: TABLE DATA; Schema: public; Owner: -
--

COPY public.comments (id, body, commentable_id, commentable_type, created_at, posted_at, updated_at, user_id) FROM stdin;
1	Itaque ut aliquid. Debitis molestiae quasi. Quos eos sed. Saepe asperiores dolor. Numquam sit sequi. Cumque iure harum. Enim voluptatem modi. Ex ab maiores. Quo repellat temporibus. Mollitia voluptas magnam. Distinctio enim aut. Quia repellat voluptas. Repellendus illum est. Aut ut nemo. Praesentium voluptas eveniet. Ea quae repellendus. Est consequuntur quibusdam. Harum perspiciatis molestias. Qui minima dolor. Sit quia qui. Suscipit asperiores voluptatem. Consectetur distinctio iusto. Veritatis tempore dolorem. Dolorem dolore quis. Repudiandae cumque non. Praesentium animi dignissimos. Eaque amet consequatur.	9	Post	2026-05-22 10:13:30.085952	2025-09-02 10:13:30.052407	2026-05-22 10:13:30.11737	6
2	Autem et sunt. Omnis libero repellat. Consequatur tempore tenetur. Doloremque tempora quibusdam. Non sapiente ut. Voluptates dolorum vitae. Commodi placeat cumque. Nesciunt consequatur ut. Voluptas id enim. Enim consequuntur exercitationem. Veniam aliquid error. Dolor debitis repudiandae. Ut optio ut. Rem quod sunt. Repellendus perspiciatis ipsum. Commodi porro eaque. Voluptate aut vel. Atque optio sint. Sit deleniti eaque. Odit vitae voluptatum. Quam eum incidunt.	9	Post	2026-05-22 10:13:30.132303	2026-05-05 10:13:30.129715	2026-05-22 10:13:30.155813	38
3	Velit illo aut. Nostrum ut quas. Eligendi cum veritatis. Et vitae rerum. Totam autem beatae. Voluptatem inventore dolores. Vel aut cumque. Consequuntur earum deleniti. Dolores voluptate quasi. Laudantium error fugiat. Aperiam in nam. Dolor minus veniam. Vel voluptas consequatur. Eveniet perferendis quasi. Mollitia et maxime. Culpa suscipit corporis. Vel neque aut. Tempora quasi voluptatum. Excepturi reiciendis aut. Occaecati doloribus excepturi. Facere odit optio. Aut voluptate ut. Dolor sapiente perspiciatis. Corporis officia quos.	9	Post	2026-05-22 10:13:30.180364	2025-08-03 10:13:30.174587	2026-05-22 10:13:30.201971	34
4	Est amet expedita. Qui explicabo quia. Architecto ut corporis. Quia illum odit. Et placeat sed. Dolorem delectus debitis. Est cupiditate voluptate. Aspernatur architecto vel. Nam nostrum quod. Illo in et. Placeat ratione et. Ipsum quae dolores. Laudantium pariatur minima. Quo autem ratione. Odio aut sequi. Fugiat temporibus perspiciatis. Dolor earum est. Rerum eius dicta.	9	Post	2026-05-22 10:13:30.218861	2025-08-21 10:13:30.213341	2026-05-22 10:13:30.221439	9
5	Atque qui quia. Id qui delectus. Repellendus molestiae dolorum. Temporibus ut ut. Blanditiis molestiae voluptatem. Atque modi officiis. Quidem et asperiores. Quasi nesciunt alias. Id sunt accusantium. Omnis possimus dolores. Beatae ut mollitia. Aliquid sed temporibus. Cupiditate odio voluptatem. Vero eligendi at. Tempora tenetur provident. Dolorum consequatur et. Debitis natus porro. Accusamus quod minima. Neque quia fugit. Eveniet numquam ea. Sunt quidem aut.	9	Post	2026-05-22 10:13:30.22781	2025-09-02 10:13:30.225583	2026-05-22 10:13:30.231744	51
6	Ut id provident. Voluptas voluptas quis. Explicabo itaque optio. Ipsa aperiam voluptate. Amet aut perspiciatis. Voluptates quaerat consequatur. Sit aliquam qui. Natus eius hic. Recusandae totam a. Qui sunt nobis. Blanditiis quasi at. Repellendus exercitationem enim. Illo dignissimos ducimus. Enim odit mollitia. Eos rerum quia. Inventore iure quis. Ut laudantium sequi. Nemo doloremque occaecati. Ad quod excepturi. Impedit et est. Id fugit quae.	10	Post	2026-05-22 10:13:30.310306	2026-01-11 11:13:30.303345	2026-05-22 10:13:30.325177	19
7	Quam in molestias. A ut qui. Corrupti qui molestiae. Deserunt officiis nisi. Dicta quia ut. Sint numquam nemo. Ea accusantium praesentium. Culpa sunt occaecati. Porro sint corrupti. Harum est cupiditate. Eos eum harum. Voluptates officia sed. Odio tempora qui. Soluta minus enim. Consequatur et temporibus. Asperiores vero est. Quo delectus sequi. Sed ad dolores. Voluptatem possimus quos. Eveniet modi aut. Consequuntur non ab. Quis voluptatem cum. Sapiente quam est. Aliquam quibusdam ut.	10	Post	2026-05-22 10:13:30.333079	2025-06-20 10:13:30.33055	2026-05-22 10:13:30.337989	53
8	Labore ut aut. Quia enim optio. Dolores in dignissimos. Porro et consequatur. Id velit delectus. Suscipit maiores officiis. Corrupti nostrum id. Tempore et est. Corrupti odio non. Minima deleniti tempora. Hic sapiente non. Perferendis rerum explicabo. Minima maxime unde. Consequatur quo vitae. Est quibusdam provident. Quisquam nisi suscipit. Totam molestias minus. Nulla optio ut. Illo delectus perferendis. Aut quia ab. Vero aliquam rerum. Praesentium voluptatem quis. Molestiae illum odio. Deleniti consequatur quibusdam. Ad voluptas veritatis. Id nesciunt et. Repellat distinctio maxime.	10	Post	2026-05-22 10:13:30.348007	2026-04-20 10:13:30.346233	2026-05-22 10:13:30.350581	16
9	Nesciunt est optio. Modi aliquid dignissimos. Cum tempore dolorum. Odit quibusdam placeat. Accusamus numquam eum. Repellat officiis aperiam. Quidem non nostrum. Quia assumenda sed. Qui architecto quis. Dolores ea a. Optio magni nemo. Quibusdam enim vitae.	10	Post	2026-05-22 10:13:30.353834	2025-05-30 10:13:30.352853	2026-05-22 10:13:30.356586	19
10	Qui et itaque. Unde ex officia. Sapiente expedita aut. Quia ipsa id. Debitis dolorem dolore. Officia consequuntur velit. Nihil ratione odit. Adipisci sunt veniam. Animi consequatur sit. Corrupti magnam aut. Omnis voluptatum dolorum. Et nesciunt doloribus.	10	Post	2026-05-22 10:13:30.360612	2026-05-08 10:13:30.358731	2026-05-22 10:13:30.367266	26
11	Aliquam possimus ducimus. Non aut officia. Blanditiis quos omnis. Voluptatem ratione voluptatum. Non error illo. Qui recusandae quaerat. Corporis quam facere. Tempora fuga est. Consequatur aut incidunt. Ut adipisci ratione. Quod voluptates voluptate. Aut consequatur similique. Eos mollitia sunt. Libero consequatur nihil. Voluptate pariatur velit. Veritatis quae aspernatur. Impedit aliquid tempore. Et at error. Sed aspernatur itaque. Pariatur voluptates in. Unde veniam est. Soluta tempore dolorem. Aut sed velit. Voluptatum aut eum.	10	Post	2026-05-22 10:13:30.371386	2025-06-03 10:13:30.369941	2026-05-22 10:13:30.381236	31
12	Unde magni incidunt. Magnam quod ea. Facere possimus rerum. Deserunt iure laborum. Praesentium dolores hic. Et expedita quos. Dolor rerum consequatur. Distinctio ea ipsum. Debitis nihil dolor. Doloremque sed assumenda. Optio ipsam repellendus. Molestiae in sequi. Nam ea et. Accusantium voluptas cupiditate. Exercitationem architecto eligendi.	10	Post	2026-05-22 10:13:30.39815	2026-02-24 11:13:30.389116	2026-05-22 10:13:30.403259	46
13	Nisi illo autem. Excepturi voluptate aliquid. Et sunt alias. Dignissimos molestias excepturi. Sint quod ipsa. Sequi et iure. Et inventore eius. Et sapiente tempore. Id itaque libero. Et qui omnis. Atque facilis quibusdam. Quia qui repellat. Ratione illum ipsa. Hic aliquid deleniti. Fuga quis aut.	10	Post	2026-05-22 10:13:30.412382	2025-10-08 10:13:30.410614	2026-05-22 10:13:30.417333	1
14	Aspernatur quia deleniti. Laudantium illo maiores. Quod cum incidunt. At deleniti ea. Aut eius amet. Placeat nihil rem. Magni in ducimus. Recusandae ipsum iste. Saepe aliquid sed. Nesciunt velit hic. Fugiat totam minus. Delectus ea modi. Aut consequatur sapiente. Consequatur dolores quia. Laudantium voluptatum porro. Non harum omnis. Facilis voluptatum accusantium. Est alias natus. Qui ea veritatis. Cumque ea consequuntur. Nobis laudantium dolorum. Nihil molestiae ratione. Maiores nobis eum. Doloremque labore rerum.	10	Post	2026-05-22 10:13:30.431678	2025-07-27 10:13:30.422206	2026-05-22 10:13:30.435663	50
15	Aliquam et molestias. Nesciunt aut debitis. Ipsam omnis earum. At dolor quibusdam. Dicta enim exercitationem. Eos omnis aperiam. Esse quibusdam et. Quia quaerat repellendus. Quis quisquam qui. Omnis mollitia quae. Rem perferendis eligendi. Laborum eos et. Aspernatur expedita maiores. Nam molestias a. Et aut enim. Consectetur asperiores quis. Voluptate dignissimos aperiam. Inventore explicabo perspiciatis. Cumque voluptatem reiciendis. Vero quia nihil. Animi vel rerum. Numquam commodi unde. Et corporis eos. Est rem quo.	10	Post	2026-05-22 10:13:30.447456	2026-02-03 11:13:30.444449	2026-05-22 10:13:30.453826	50
16	Doloribus est aperiam. Magni laborum harum. Quas rem porro. Perferendis expedita inventore. In aut enim. Est minus quis. Nemo saepe cumque. Aliquid exercitationem architecto. Architecto veniam expedita. Veritatis officia nemo. Magnam voluptatem architecto. Id necessitatibus aspernatur.	10	Post	2026-05-22 10:13:30.472499	2025-11-29 11:13:30.468476	2026-05-22 10:13:30.483956	3
17	Quas assumenda laudantium. Asperiores id et. Rerum voluptas eum. Temporibus est facilis. Unde eos reiciendis. Molestiae dolor fugit. Cumque ab nihil. Libero debitis dolorem. Ex dicta rerum. Quasi voluptatem sint. Iste facere et. Officiis eum fuga. Qui voluptas velit. Totam aut sapiente. Ut iure eligendi. Et laudantium repellat. Repudiandae eos beatae. Deserunt reprehenderit accusantium.	10	Post	2026-05-22 10:13:30.49388	2026-03-10 11:13:30.491112	2026-05-22 10:13:30.499897	1
18	Mollitia pariatur sequi. Natus minus incidunt. Veritatis perspiciatis aut. Ut nobis molestiae. Eligendi repellat nostrum. Excepturi vel et. Animi sint quidem. Nam architecto debitis. Vitae velit in. Veritatis sapiente velit. Corrupti aspernatur quia. Tempore et tenetur.	10	Post	2026-05-22 10:13:30.51397	2026-03-12 11:13:30.506808	2026-05-22 10:13:30.517752	47
19	Hic laboriosam et. Id optio et. Deserunt vel earum. Aut ipsam quasi. Aut quae impedit. Error sint et. Et modi est. Sit dicta rerum. Est labore sed. Nulla fugit reiciendis. Quis voluptatem asperiores. Odio delectus esse.	11	Post	2026-05-22 10:13:30.604499	2026-02-04 11:13:30.599753	2026-05-22 10:13:30.614221	43
20	Ut accusamus voluptatem. Officiis necessitatibus amet. Ullam consequuntur occaecati. Iure sint libero. In ut natus. Ducimus sed consequuntur. Suscipit minus rerum. Magni suscipit ad. Minus quo ea. Molestiae qui ipsam. Minus fugiat sunt. Aliquam ducimus tempora. Repudiandae aut voluptatem. Aut quaerat fugiat. Sit dignissimos voluptatem. Delectus in ut. Est nihil voluptate. Cupiditate nostrum nobis. Perspiciatis sit unde. Est sint expedita. Quia animi nostrum. Ipsa molestiae rerum. Omnis sed fuga. Excepturi eaque vero. Recusandae in maiores. Ipsam neque maiores. Earum praesentium necessitatibus.	11	Post	2026-05-22 10:13:30.622953	2026-01-13 11:13:30.621042	2026-05-22 10:13:30.626194	26
21	Quidem pariatur vel. Doloribus ut inventore. Eos vitae et. Id dolore ut. Et voluptatum illo. Ipsum eum omnis. Culpa veritatis hic. Voluptatem qui quae. Beatae iste reiciendis. Ut incidunt nostrum. Ab saepe dignissimos. Recusandae vel eveniet. Eligendi molestiae enim. Impedit iusto quia. Et autem rerum. Est iste autem. Repellat distinctio dolorem. Consequatur velit explicabo. Maiores dolor earum. Quod voluptatem veritatis. Voluptates quia commodi.	11	Post	2026-05-22 10:13:30.630906	2026-04-07 10:13:30.629753	2026-05-22 10:13:30.635256	2
22	Sunt beatae nostrum. Vitae unde omnis. Ullam ea delectus. Consequuntur quo quos. Magnam qui sunt. Tempore doloribus magni. Quia ullam autem. Sequi rerum reprehenderit. Perferendis labore ea. Consequatur optio laudantium. Sapiente culpa nobis. Temporibus eum tempore. Nam ea mollitia. Ipsum blanditiis et. Explicabo maxime voluptate. Tenetur et sapiente. Qui distinctio architecto. Quo velit est. Fugit est natus. Et ex eos. Cupiditate est laborum. Nemo ab odio. Distinctio et culpa. Non facilis maxime. Illo ipsa sint. Molestiae quam ratione. Mollitia ea voluptatibus.	11	Post	2026-05-22 10:13:30.640521	2025-07-29 10:13:30.63847	2026-05-22 10:13:30.644893	7
23	Ipsa nemo fugiat. Ducimus distinctio odit. Non nam sit. Aut tempora quo. A enim ut. Eum voluptatem ducimus. Qui fugiat at. Et voluptatem qui. Quia et non. Quia dolores est. Quia nemo nam. Ipsam voluptatem consequatur. Architecto corrupti voluptatem. Itaque quia sed. Incidunt veritatis harum. Nobis repellendus cum. Nulla laborum quasi. Fugiat id inventore. Optio ullam facilis. Voluptatem dolor dolorum. Molestiae voluptas et.	11	Post	2026-05-22 10:13:30.648593	2025-11-27 11:13:30.647453	2026-05-22 10:13:30.651395	36
24	Et in corrupti. Error doloremque doloribus. Sunt est et. Soluta iure est. Ipsum asperiores exercitationem. Ipsum similique error. Molestiae eveniet delectus. Maxime voluptatem voluptatem. Accusantium voluptatem id. Ipsa corrupti occaecati. Similique accusamus quod. Odio dolor nisi. Sunt minus cumque. Enim voluptatibus culpa. Inventore doloremque id.	11	Post	2026-05-22 10:13:30.654407	2025-10-28 11:13:30.65341	2026-05-22 10:13:30.656431	42
25	Magni ea nobis. Tempora numquam et. Eveniet expedita deleniti. Qui ut beatae. Eos praesentium molestiae. Dolorem eum sint. Ipsa fugit omnis. Aspernatur corporis culpa. Aperiam dolor similique. Aperiam officiis asperiores. Reiciendis laudantium vitae. Distinctio iusto voluptatibus. Ab aspernatur iste. Quisquam eveniet sit. Nostrum culpa nemo.	11	Post	2026-05-22 10:13:30.659891	2026-04-09 10:13:30.658678	2026-05-22 10:13:30.661827	18
26	Odio et deleniti. Est facilis fuga. Odio dolores dolorem. Itaque nostrum voluptas. Et hic fugit. Qui harum quae. Officia id in. Nam eligendi non. Ea laborum sed. Atque voluptatem repudiandae. Iste sit blanditiis. Voluptates officiis ipsum. Vel officia harum. Hic unde fugit. Odit temporibus eos.	11	Post	2026-05-22 10:13:30.666912	2026-02-01 11:13:30.664827	2026-05-22 10:13:30.66902	36
27	Quidem consequatur nihil. Cumque saepe aut. Repudiandae assumenda blanditiis. Exercitationem libero voluptate. Eos ex ipsum. Quasi id odit. Est eum animi. Cum earum reprehenderit. Minus inventore voluptate. Mollitia incidunt porro. Voluptas quisquam ea. Quo est cumque. Nemo consequatur ducimus. Repellendus pariatur suscipit. Rerum itaque eum.	11	Post	2026-05-22 10:13:30.672034	2026-01-14 11:13:30.671035	2026-05-22 10:13:30.675102	33
28	Est doloribus impedit. Vel qui aut. Sunt reiciendis molestias. Eum magni suscipit. Veniam id provident. Vero ex officiis. Odit laborum dignissimos. Adipisci voluptates aperiam. Corrupti dolores ut. Quisquam aut non. Asperiores repellendus qui. Et omnis est. Sed eos sunt. Omnis et et. Dolor excepturi quidem. Esse tenetur id. Quas sequi rerum. Et et molestias. Et aliquam qui. Nostrum voluptas molestiae. Eum voluptatem ut. Velit doloribus quo. Debitis blanditiis voluptate. Nemo doloremque molestiae. Unde mollitia vel. Et sunt totam. Est commodi exercitationem.	11	Post	2026-05-22 10:13:30.679519	2025-10-02 10:13:30.678407	2026-05-22 10:13:30.682	38
29	Nisi occaecati nesciunt. A omnis quia. Eveniet nihil vero. Exercitationem quae vero. Et adipisci aut. Delectus quae praesentium. Quo et et. Accusamus assumenda quibusdam. Sint dolorem rerum. Voluptatem eaque omnis. Omnis voluptatem aut. Vel at sunt.	11	Post	2026-05-22 10:13:30.687741	2026-02-07 11:13:30.686297	2026-05-22 10:13:30.6925	26
30	Blanditiis consequuntur ducimus. Repellat eius corrupti. Excepturi earum illum. Repellat eligendi corrupti. Rerum iusto ut. Voluptas at aliquid. Et et repudiandae. Quos dolor et. Consequuntur est animi. Molestiae et quod. Qui a natus. Quae rerum pariatur. Veritatis sequi et. Laudantium molestiae est. Minus blanditiis voluptate. Mollitia itaque quis. Voluptate deleniti itaque. Ipsum repellat eos. Fugit dolores labore. Repellat corrupti et. Totam excepturi commodi. Necessitatibus rerum et. Et repellat vel. Qui atque laborum. Nihil nisi unde. Earum adipisci et. Omnis accusamus rerum.	11	Post	2026-05-22 10:13:30.696297	2025-07-13 10:13:30.695096	2026-05-22 10:13:30.699607	48
31	Ut sit repudiandae. Quam quia voluptas. Minima laborum necessitatibus. Dolorum in excepturi. Adipisci deleniti consequatur. Quas reprehenderit autem. Voluptas et tempora. Facere sit dolorem. Adipisci vero et. Blanditiis ut aperiam. Aut consequuntur ut. Aliquam est omnis.	11	Post	2026-05-22 10:13:30.702716	2025-09-27 10:13:30.701837	2026-05-22 10:13:30.705126	36
32	Ut quae ratione. Natus et ab. Exercitationem eligendi quis. Minus amet tenetur. Ut similique aut. Deserunt quia necessitatibus. Inventore vel ducimus. Officiis voluptatem ad. Blanditiis aliquam quis. Sit magni eligendi. Cupiditate perspiciatis quas. Voluptates nemo non. Veniam necessitatibus voluptatem. Necessitatibus aperiam enim. Perferendis facilis ut. Doloremque impedit quis. Ab corporis alias. Error eius quos. Occaecati sit assumenda. Eius hic ut. Dolor eaque nulla.	11	Post	2026-05-22 10:13:30.710389	2025-09-15 10:13:30.70838	2026-05-22 10:13:30.71247	31
33	Nemo reiciendis quisquam. Sit consequatur asperiores. Temporibus suscipit est. Delectus porro animi. Tenetur quia odio. Autem ratione porro. Et repudiandae molestiae. Voluptas in blanditiis. Adipisci doloribus dolorem. Enim et consequatur. Laborum quo aut. Nihil quidem amet. Eos magni reiciendis. Ipsam nisi eaque. Maxime pariatur modi. Maxime officia possimus. Architecto rerum eveniet. At consectetur consequatur.	11	Post	2026-05-22 10:13:30.71669	2026-03-14 11:13:30.71452	2026-05-22 10:13:30.718564	30
34	Maxime blanditiis dolore. Aut eos non. Ipsa omnis porro. Nostrum mollitia quasi. Magnam alias rerum. Aliquam laboriosam ut. Non autem excepturi. Consequatur corrupti praesentium. Possimus temporibus sunt. Quibusdam doloremque inventore. Velit sequi eos. Recusandae voluptas similique. Ipsam odit sapiente. Velit non sint. Quam culpa voluptas. Necessitatibus omnis facere. Ut earum hic. Sunt expedita sed. Iusto maxime aut. Quam quae incidunt. Officia facere repudiandae. Ipsum voluptas blanditiis. Quo enim temporibus. Esse aut ut. Repellat a repellendus. Nesciunt laudantium tempora. Fugit ea laborum.	12	Post	2026-05-22 10:13:30.764517	2026-04-01 10:13:30.76229	2026-05-22 10:13:30.769692	4
35	Fugiat minima quis. Eveniet recusandae voluptas. Ut odio odit. Repellat ipsam sequi. Numquam corporis optio. Delectus quia et. Consectetur debitis quaerat. Et ea mollitia. Suscipit aut voluptatem. Optio quasi ducimus. Veritatis et aut. Facilis aut error. Quis nihil repudiandae. Aliquid cupiditate facere. Voluptatum quidem enim. Non itaque distinctio. Quibusdam nulla sint. Ut quaerat incidunt. Aut quae animi. A pariatur sunt. Amet veniam officiis. At atque minus. Labore et consequuntur. Animi iste voluptas. Est tenetur accusantium. Eum non est. Tenetur consequatur consequatur.	12	Post	2026-05-22 10:13:30.787167	2025-06-13 10:13:30.782799	2026-05-22 10:13:30.790853	45
36	Non voluptatem sequi. Et rerum vel. Minus voluptate debitis. Officiis quos minima. Repudiandae nesciunt accusamus. Aspernatur ut possimus. Cumque voluptatem consequatur. Quos necessitatibus et. Architecto non qui. Quas eum dolore. Cupiditate tempora fuga. Alias tempora fugit. Rerum nobis impedit. Placeat minus itaque. A omnis velit. Omnis odio ex. Necessitatibus quia ut. Harum consequatur consequatur. Voluptatem tempora fugit. Eveniet dignissimos quia. Maiores eligendi laboriosam. Quia amet dolor. Ipsam tenetur non. Blanditiis et omnis.	12	Post	2026-05-22 10:13:30.795916	2026-02-21 11:13:30.794714	2026-05-22 10:13:30.798136	2
37	Minus aliquid nihil. Atque iure hic. Quia quidem qui. Voluptate eum dolor. Quasi nihil laboriosam. Quaerat quos in. Non id tempore. Qui quibusdam culpa. Doloribus eius eligendi. Ut consequatur esse. Aspernatur quibusdam sunt. Mollitia id repellendus. Et ea vel. Esse nobis ex. Sed fugit inventore.	12	Post	2026-05-22 10:13:30.801691	2025-09-13 10:13:30.800697	2026-05-22 10:13:30.804672	46
38	Quos consequuntur dolor. Et sit earum. Sit quae ad. A occaecati at. Dolorem voluptatem id. Magni provident rem. Et repellat voluptas. Quis veniam quasi. Id sint dolore. Quis deserunt ut. Quia facilis et. Quia ut distinctio. Voluptatem quia commodi. Eum voluptatem vitae. Odio fugiat dolor. Reprehenderit id quia. Et eum beatae. Porro officiis sed. Soluta in qui. Voluptatem quis dolorem. Eos omnis esse. Recusandae quas error. Nesciunt possimus qui. Natus consectetur aliquid.	12	Post	2026-05-22 10:13:30.808448	2025-06-26 10:13:30.807079	2026-05-22 10:13:30.811465	31
39	Ut et odit. Non alias at. Odio et itaque. Voluptatem et voluptatem. Saepe consequatur minus. Facilis et odit. Eum dolor voluptatem. Earum deleniti et. Qui eum sunt. Fugiat velit commodi. Esse enim est. Et perspiciatis quia. Iure sed illo. Reprehenderit aspernatur tempore. Assumenda neque illum. Necessitatibus ut soluta. Itaque laborum expedita. Ullam et eum. Sequi commodi minus. Vitae eos illo. Architecto ex officia. Fugit eaque quam. Impedit itaque neque. Tempora vel eos. Culpa quia inventore. Et quod quidem. Ipsum eligendi qui.	12	Post	2026-05-22 10:13:30.815423	2026-03-21 11:13:30.814279	2026-05-22 10:13:30.818782	54
40	Expedita quod consectetur. Nisi et molestiae. Sint et aut. Quasi voluptatibus laborum. Ipsam quidem rerum. Nesciunt ex et. Dolore quidem rem. Accusantium est debitis. Quibusdam sunt repellat. Ut molestiae consequatur. Tempora sed enim. Inventore unde adipisci. Blanditiis ratione eius. Consequuntur officiis necessitatibus. Maxime culpa alias. Illo dolor nostrum. Perspiciatis optio quia. Cumque eum id.	12	Post	2026-05-22 10:13:30.822272	2026-02-02 11:13:30.821226	2026-05-22 10:13:30.825003	51
41	Consequatur deserunt nam. Totam dolores incidunt. Qui itaque tempore. Est itaque nostrum. Molestias maxime nesciunt. Quos et omnis. Veritatis sit dolor. Tempore voluptate nesciunt. Quo possimus aut. Dolor sed omnis. Id eveniet quis. Rerum placeat ducimus. Eveniet est occaecati. Illum ab veniam. Blanditiis officiis vero. Et dolorum itaque. Aut nisi dolores. Perferendis aperiam voluptatem. Ex ut fugit. Dolor iste exercitationem. Nihil odit saepe. Minus praesentium quas. Dicta distinctio adipisci. Quis cumque voluptatem.	12	Post	2026-05-22 10:13:30.835831	2025-05-31 10:13:30.828576	2026-05-22 10:13:30.839091	35
42	Nulla dolor ut. Perspiciatis fugit eaque. Culpa quaerat a. Repellat voluptate quia. Id velit repellat. Ut quo nesciunt. Sunt quis quaerat. Minus totam architecto. Inventore ratione dolorum. Eum inventore numquam. Ea non recusandae. Eveniet commodi in. Dolor tenetur provident. Suscipit et facere. At aliquid est. Fugiat sed assumenda. Est id harum. Sit non nisi. Voluptas voluptatem quibusdam. Quos nam mollitia. Nam rerum sit. Quia omnis sint. Eius quis sapiente. Iusto ratione beatae. Dolorem est impedit. Accusamus maxime quasi. A eveniet earum.	12	Post	2026-05-22 10:13:30.850835	2025-06-02 10:13:30.848295	2026-05-22 10:13:30.85414	53
43	Et eius atque. Consequuntur nulla sit. Aliquam repellat eum. Dolores numquam rem. Consequatur accusantium sunt. Aperiam sit nam. Aut maxime excepturi. Qui corrupti dignissimos. Recusandae adipisci nostrum. Qui recusandae corrupti. Magnam nesciunt sequi. Et et dolor. Delectus fugiat quia. Nesciunt ut illo. Tenetur facere id. Aut omnis provident. Totam in nulla. Error voluptas dignissimos. Sed est pariatur. Ducimus tempore autem. Non aliquam ut. Rerum et consequatur. Esse in dolor. Possimus ipsam autem. Tempore deleniti debitis. Corrupti vitae dolorem. Temporibus nam a.	12	Post	2026-05-22 10:13:30.86942	2025-09-11 10:13:30.863589	2026-05-22 10:13:30.871678	46
44	Non est ut. Iusto velit quibusdam. Consequatur quaerat amet. Dolores eum sint. Accusantium quia ipsa. Nam omnis sint. Perspiciatis rerum quia. Unde provident non. Itaque vero et. Ipsum et esse. Aut rerum voluptatum. Dicta dolores sed. Quo dolor quia. Nesciunt cupiditate commodi. Laboriosam earum ipsum. Alias sint est. Officia error quia. Aut cupiditate qui. Corrupti debitis nihil. Eos a sequi. Laudantium quaerat necessitatibus.	12	Post	2026-05-22 10:13:30.876857	2026-04-09 10:13:30.875282	2026-05-22 10:13:30.880464	44
45	Explicabo ratione iste. Tempore rerum quam. Necessitatibus ut odit. Dolore nemo aut. Laborum molestias odio. Modi voluptas et. Fuga non in. Eius neque eveniet. Iure aut eaque. Provident vitae ut. Corrupti cumque et. In voluptas et. Est impedit qui. Qui magni autem. Iure porro commodi. Expedita officiis ut. Aut et tempore. Atque velit quidem. Maiores cupiditate quisquam. Rem qui et. Architecto voluptas voluptatem. Est odit dignissimos. Sit laboriosam ad. Nemo corporis laboriosam.	13	Post	2026-05-22 10:13:30.955495	2026-02-07 11:13:30.953274	2026-05-22 10:13:30.966746	22
46	Et a magnam. Maiores placeat porro. Velit placeat veritatis. Quod laborum voluptatibus. Quod qui reiciendis. Incidunt occaecati aspernatur. Quo aut error. Blanditiis iste nostrum. Fugit iusto velit. Occaecati et sint. Incidunt autem accusantium. Rem voluptate nisi. Voluptas ut totam. In magni aut. Est rerum perferendis. Quaerat ut in. Perspiciatis quo officiis. Est dolor consequatur.	13	Post	2026-05-22 10:13:30.973688	2025-08-05 10:13:30.970737	2026-05-22 10:13:30.979218	25
47	Totam sed et. Expedita qui placeat. Unde ab consectetur. Non minima perspiciatis. Pariatur voluptates officiis. Sequi et officiis. Quaerat doloribus voluptates. Non neque et. Dolores accusamus eligendi. Est ipsa quae. In repudiandae repellendus. Ut eos illo. Consequatur ab in. Et non a. Maiores praesentium dolor. Sapiente voluptatem dolorem. Earum laboriosam est. Totam et beatae. Maxime illum quam. Aut exercitationem praesentium. Consectetur deleniti quia. Ut repudiandae ratione. Officia velit rerum. Saepe ex molestiae.	13	Post	2026-05-22 10:13:30.983547	2025-06-24 10:13:30.98216	2026-05-22 10:13:30.985937	4
48	Doloremque ipsam dolorum. Rerum repellat quia. Rerum quasi aut. Quo illum iste. Tempore consectetur adipisci. Iure recusandae veritatis. Iste fugit reprehenderit. Possimus at veniam. Cupiditate quas voluptas. Sit ratione perspiciatis. Animi odio aut. Veritatis temporibus sequi. Sed at mollitia. Inventore minima id. Similique fugit deleniti. Repudiandae voluptas maxime. Eum et dolores. Et fuga omnis.	13	Post	2026-05-22 10:13:31.000129	2025-10-01 10:13:30.989152	2026-05-22 10:13:31.020645	13
49	Facere et ipsam. Consequatur hic necessitatibus. Aliquid omnis asperiores. Et nobis quidem. Dolore illum eos. Quas unde quod. Facilis eos qui. Officiis optio sapiente. Laborum excepturi qui. Enim velit eum. Iusto nostrum a. Cupiditate expedita numquam. Qui velit magnam. Nihil mollitia non. Adipisci aut consequatur.	13	Post	2026-05-22 10:13:31.029828	2025-07-16 10:13:31.023983	2026-05-22 10:13:31.032733	9
50	Sunt harum aliquam. Aut laborum eius. Est animi non. Quidem nobis quo. Quis molestiae iste. Voluptates ut explicabo. Iure delectus cumque. Cum sed quia. Libero modi sit. Architecto neque aut. Est necessitatibus maxime. Odio quaerat explicabo. Iure numquam optio. Et voluptate sint. Alias cum maiores. Voluptatem error placeat. Id molestiae omnis. Explicabo non et.	13	Post	2026-05-22 10:13:31.03789	2026-02-18 11:13:31.036758	2026-05-22 10:13:31.040896	37
51	Adipisci aut exercitationem. Sequi reprehenderit ab. Doloribus quisquam et. Et commodi perferendis. Ipsam in ut. Cumque magni non. Quaerat tenetur voluptates. Dignissimos nam non. Saepe ut ipsum. Eaque aut quidem. Rerum est fugit. Eum quis exercitationem. Quo numquam atque. Modi voluptatem dolor. Est voluptatibus nostrum. Ut maiores mollitia. Ducimus repellat atque. Recusandae temporibus atque. Nisi cum non. Officiis velit qui. Ea sunt et.	13	Post	2026-05-22 10:13:31.047802	2025-11-03 11:13:31.046363	2026-05-22 10:13:31.051394	23
52	Eum id soluta. Ducimus ut tempore. Ullam omnis occaecati. Dignissimos quam dicta. Unde quibusdam repellendus. Qui adipisci iure. Facilis laborum quaerat. In aut id. Deserunt in accusantium. Aperiam inventore id. Hic qui a. Et sint voluptatem.	13	Post	2026-05-22 10:13:31.055319	2026-02-16 11:13:31.054137	2026-05-22 10:13:31.060703	44
53	Temporibus pariatur quasi. Deleniti dolores occaecati. Dicta quibusdam a. Nemo aspernatur quaerat. Necessitatibus tempore consequatur. Quia deserunt sit. Commodi doloremque accusantium. Ipsum quia vel. Tenetur quis quibusdam. Aspernatur non quod. Itaque est assumenda. Et eos quis. Inventore eum corporis. Aut quam illo. In sed dolorem. Animi soluta unde. Enim ut non. Earum aperiam qui. Natus aut sed. Qui earum perspiciatis. Et quia perspiciatis. Delectus voluptatibus amet. Tempore non temporibus. Modi quasi et. Molestias quia aliquam. In dolores recusandae. Aut laboriosam et.	13	Post	2026-05-22 10:13:31.068309	2025-08-20 10:13:31.064029	2026-05-22 10:13:31.071164	33
54	Soluta quia eligendi. Consequatur consectetur quis. Dolorum labore voluptas. Id nulla aut. Soluta voluptas quis. Voluptatem omnis explicabo. Quibusdam quae quia. Temporibus ipsam eligendi. Quos fugiat porro. Qui sint iusto. Labore molestiae asperiores. Nihil molestiae quam. Laborum totam ex. Necessitatibus officiis maxime. Quisquam expedita officiis. Cumque voluptate repellat. Doloribus nulla adipisci. Numquam quia vero. Quis id quod. Sed et totam. Est voluptatem repellat. Quia et numquam. Aspernatur id voluptatem. Ut ut et. Eveniet quasi laboriosam. Doloribus dolorum amet. Ut totam quas.	14	Post	2026-05-22 10:13:31.16636	2026-04-21 10:13:31.15233	2026-05-22 10:13:31.172624	35
55	Et assumenda impedit. Nobis qui cumque. Aut quo doloremque. Tempore doloremque molestiae. Autem eius maxime. Perspiciatis voluptatem totam. Non numquam et. Dolorem deserunt hic. Et dolor molestiae. Odit quae architecto. Dolorem ea repudiandae. Provident fuga atque. Repellat est ea. Quisquam eos in. Nam explicabo dolorum. Quia facere doloribus. Excepturi qui debitis. Voluptatem distinctio aut. Quam ut repudiandae. Ut similique qui. Est fugit corporis.	14	Post	2026-05-22 10:13:31.181823	2025-10-09 10:13:31.176956	2026-05-22 10:13:31.184382	54
97	Quam in placeat. Voluptatum cupiditate repudiandae. Distinctio tenetur dolorum. Deleniti nam voluptatem. Distinctio modi numquam. Porro quo unde. Eveniet quaerat quae. Beatae laudantium maiores. Qui fuga quia. Quos repellendus error. Accusantium eligendi delectus. Aut et et. Laborum vel repellendus. Nobis est maxime. Exercitationem dolorem et. Ad quia error. Rerum deserunt commodi. Assumenda dolore repellendus.	19	Post	2026-05-22 10:13:31.988765	2025-11-24 11:13:31.986735	2026-05-22 10:13:31.993679	37
56	Iusto eos fuga. Dolore non odio. Quasi eum nihil. Dolorem animi et. Voluptatem magni et. Officia inventore laudantium. Ut expedita quos. Magnam hic beatae. Pariatur ea ut. Pariatur amet ea. Cupiditate qui ut. At rerum ducimus. Qui ipsam atque. Corporis repudiandae id. Necessitatibus quia deleniti. Consequatur aut et. Harum doloribus ab. Sunt possimus doloribus. Dolores sunt voluptatem. Facere labore veritatis. Ut est sequi. Dolor expedita tempore. Quis placeat repudiandae. Eveniet nulla voluptas. Distinctio dolorum odio. Tempora rerum nemo. Eum libero ut.	14	Post	2026-05-22 10:13:31.188135	2025-07-19 10:13:31.187148	2026-05-22 10:13:31.190646	34
57	Dolorum et est. Suscipit esse iste. Incidunt earum ut. Architecto est nisi. Fuga deserunt et. Quos possimus magnam. Velit consectetur excepturi. Itaque sit voluptate. Quasi fugiat repudiandae. Delectus architecto consequatur. Qui mollitia aut. Quisquam hic eos. Iusto autem assumenda. Minus non suscipit. Omnis maiores et. Accusamus porro ut. Fugit sequi laudantium. Dolores sit et.	14	Post	2026-05-22 10:13:31.19723	2026-01-21 11:13:31.194664	2026-05-22 10:13:31.2	18
58	Et excepturi consequatur. Et voluptas dicta. Totam molestiae et. Nihil perferendis nobis. Porro atque velit. Ullam inventore sed. Blanditiis nesciunt ipsa. Facere sit culpa. Et minima quo. Eveniet et molestiae. Soluta hic perferendis. Autem cupiditate quidem. Quibusdam rerum est. Sit quis consequatur. Excepturi amet cum.	14	Post	2026-05-22 10:13:31.208317	2025-07-18 10:13:31.202277	2026-05-22 10:13:31.211794	28
59	Est modi qui. Quidem corporis rerum. Tempora rem aliquid. Deserunt enim iusto. Et ipsum aliquam. Eveniet voluptates ipsam. Qui culpa nemo. Quidem animi similique. Soluta sed maiores. Sunt molestiae et. Perferendis unde qui. Cumque animi doloribus. Reiciendis provident architecto. Fuga eius quia. Delectus enim sequi. Repellat blanditiis sed. Et qui amet. Blanditiis maxime mollitia. Iure error facilis. Et molestias sit. Et omnis nisi. Consequatur officiis quod. Et aut ducimus. Et magni quia. Placeat ad delectus. Sed corrupti deserunt. Eveniet reiciendis rem.	14	Post	2026-05-22 10:13:31.217153	2025-12-28 11:13:31.215387	2026-05-22 10:13:31.220643	43
60	Vitae quam quae. Sit qui adipisci. Tempora et odio. Dicta repellendus voluptas. Iure corrupti voluptatem. Reiciendis debitis voluptas. Ullam asperiores in. Voluptates voluptatem reiciendis. Quo autem perspiciatis. Sint vitae minus. Voluptas velit eum. Laudantium sed id. Praesentium nihil earum. Quibusdam molestiae minus. Nihil sit praesentium. Porro omnis nulla. Autem quaerat sapiente. Voluptatem dolorum et.	14	Post	2026-05-22 10:13:31.226146	2025-11-08 11:13:31.223034	2026-05-22 10:13:31.237251	36
61	Exercitationem laborum accusamus. Explicabo non id. Ut dolores voluptatem. Voluptas debitis accusantium. Numquam facilis voluptates. Et ea repellendus. Molestiae labore fugiat. Cupiditate aut ipsum. Rerum ipsa ut. Unde totam fugiat. Quo officiis dolores. Inventore magni autem. Fuga libero sunt. Fugit voluptatem in. Fugiat hic et. Modi totam ut. Voluptas porro necessitatibus. Dolorum et voluptas. Ratione et sapiente. Voluptates voluptas beatae. Ex nemo aut. Eveniet nostrum omnis. Commodi sunt iusto. Qui praesentium enim. Beatae possimus cumque. Nam eaque excepturi. Numquam aut qui.	14	Post	2026-05-22 10:13:31.251707	2026-01-25 11:13:31.24009	2026-05-22 10:13:31.264074	29
62	Quibusdam ab corporis. Recusandae nihil quis. Debitis voluptas vitae. Quod nobis velit. Eum accusantium voluptatem. Perferendis ut quas. A velit veritatis. Itaque illo sed. Dolor ut eligendi. Voluptate unde illo. Aut optio non. Ratione ut necessitatibus.	14	Post	2026-05-22 10:13:31.272624	2025-07-03 10:13:31.271085	2026-05-22 10:13:31.281884	10
63	Incidunt quidem similique. Tenetur animi ab. Autem necessitatibus rerum. Quam libero culpa. Veniam voluptatem possimus. Quia perferendis cum. Molestias perspiciatis autem. Eos voluptatem eligendi. Architecto quia delectus. Omnis voluptatem velit. Exercitationem corrupti beatae. Eligendi magnam dolor. Aperiam quod dolor. Asperiores magnam voluptas. Et et autem. Maiores fugit tenetur. Impedit aut sit. Deserunt in voluptatum. Eos aliquam consequatur. Laboriosam maxime est. Porro nobis deleniti. Dolor perspiciatis et. Aut est hic. Et delectus eius.	14	Post	2026-05-22 10:13:31.317024	2025-11-20 11:13:31.30456	2026-05-22 10:13:31.334196	53
64	Aliquid quam ut. Perferendis fugit aliquid. Ea est quo. Quos occaecati quibusdam. Quam a laborum. Totam sint sequi. Excepturi nisi officia. Fugiat nihil et. Tenetur voluptatum a. Ea asperiores et. Aut voluptas nihil. Et molestiae est. Qui soluta eligendi. Vel facilis quod. Non exercitationem molestiae. Sed dolores reiciendis. Excepturi voluptatem quidem. Doloribus quae modi. Sed sunt culpa. Dicta a repellendus. Reprehenderit et a. Totam dignissimos velit. Quo a molestias. Fugit eum est.	14	Post	2026-05-22 10:13:31.339339	2025-08-24 10:13:31.337642	2026-05-22 10:13:31.360205	17
65	Accusantium rem tempore. Reprehenderit ipsam laudantium. Eum possimus odio. Suscipit eaque sunt. Ex et unde. Voluptas suscipit rerum. Facere ut maiores. Facilis eos vel. Et laboriosam saepe. Est dolorem perferendis. Temporibus sed sequi. Nemo sunt ducimus. Iusto enim quasi. Libero eaque quisquam. Molestias et rerum. Sint ad quia. Delectus deserunt sed. Alias cumque placeat. Inventore ut voluptas. Labore omnis saepe. Eos vel nihil.	15	Post	2026-05-22 10:13:31.422484	2025-09-01 10:13:31.419786	2026-05-22 10:13:31.436161	37
66	Ea non iure. Rerum ut similique. Tempora molestiae minus. Ea molestias alias. Eos dignissimos enim. Tenetur quo voluptatibus. Tenetur deleniti alias. Nulla accusamus voluptatem. Accusamus non delectus. Atque omnis ea. Eum modi aut. Aut labore ipsum. Iusto totam voluptas. Cum sequi sed. Voluptates eaque iste. Cum reprehenderit voluptatem. Nulla dolorem voluptas. Autem aut aut. Iste animi dolore. Veritatis totam asperiores. Eaque qui quia.	15	Post	2026-05-22 10:13:31.445538	2025-07-13 10:13:31.440671	2026-05-22 10:13:31.448421	19
67	Cum dolorem quaerat. Est perspiciatis modi. Eaque est sint. Sit voluptatum harum. Et temporibus ipsa. Voluptatem repellat dolores. Omnis delectus qui. Harum illum alias. Dolor et fuga. Enim ut sapiente. Assumenda culpa eius. Necessitatibus aut est.	15	Post	2026-05-22 10:13:31.452509	2025-10-26 11:13:31.451466	2026-05-22 10:13:31.454827	21
68	Dolorum quos omnis. Accusantium cumque hic. Voluptatem et est. Voluptas sapiente et. Quis doloribus omnis. Rem aut commodi. Fugiat itaque praesentium. Vero rerum soluta. Reprehenderit voluptatem ipsam. Provident atque veritatis. Animi quia voluptates. Odio esse ut. Dicta consequuntur consequatur. Ducimus rerum repudiandae. Voluptatum et doloribus. Quia aliquid dolor. Aperiam aut quia. Exercitationem optio aspernatur. Quae voluptatem molestiae. Et et deserunt. Itaque vel sequi. Modi odio debitis. Aut maiores eius. Provident consequatur est.	15	Post	2026-05-22 10:13:31.459551	2025-08-23 10:13:31.45792	2026-05-22 10:13:31.461797	45
98	Ab explicabo ut. Reiciendis et accusamus. Provident sint corporis. Inventore aperiam voluptates. Et sed vel. Laborum eum aperiam. Explicabo qui similique. Sapiente sit at. Quo laborum quidem. Alias iure ut. Sed aut perferendis. Et et minus. Ea soluta sed. Aperiam sequi omnis. Explicabo exercitationem quisquam.	19	Post	2026-05-22 10:13:32.013223	2025-09-03 10:13:31.999955	2026-05-22 10:13:32.020985	30
69	Tenetur commodi et. Quibusdam non tempore. Maiores ullam eius. Ipsam ut sit. Molestiae sapiente qui. Minus veritatis maxime. Sit doloribus unde. Est quasi aut. Inventore et quos. Earum officiis non. Quo facilis dolores. Reprehenderit occaecati ipsa. Aut enim maiores. Qui voluptates doloremque. Eum culpa quidem. Quo dolores non. Expedita fuga suscipit. Recusandae ipsa consequatur. Hic veniam quia. Maiores rem quod. Ipsum delectus exercitationem. Quod eius labore. Aliquam qui vitae. Qui odit ex. Quia aspernatur consectetur. Magni qui animi. Sit rerum aut.	15	Post	2026-05-22 10:13:31.467196	2025-06-08 10:13:31.465448	2026-05-22 10:13:31.469179	8
70	Temporibus voluptates iste. Earum reprehenderit ipsa. Sint doloribus voluptatem. Dolores aperiam perspiciatis. Odit exercitationem laudantium. Itaque distinctio tenetur. Iure quo ipsum. Eos dolores veritatis. Adipisci temporibus dolorem. Quisquam odio animi. Magnam velit sequi. Aliquam reiciendis corporis. Et occaecati dolor. Qui consequatur aliquid. Qui iure consequatur. Possimus laudantium labore. Quae dolor asperiores. Quia quam quod. Consequatur consequuntur inventore. Sint ut et. Eos nesciunt nulla. Nam veritatis ducimus. Voluptatum ab consequatur. Voluptatibus voluptas distinctio. Dolore molestiae impedit. Blanditiis eos possimus. Esse mollitia debitis.	15	Post	2026-05-22 10:13:31.480153	2026-04-09 10:13:31.472467	2026-05-22 10:13:31.483197	39
71	Asperiores quia amet. Rem ea temporibus. Ratione et ipsa. Sed est qui. Suscipit fuga harum. Aut praesentium officia. Fugiat et id. Et et eos. Maxime itaque nesciunt. Neque sint consectetur. Expedita sunt quibusdam. Quibusdam sint voluptates. Quas fugiat ex. Quia eius nihil. Illo et dolore. Eos illo doloremque. Qui voluptatibus pariatur. Vel sit qui. Iure voluptatem reprehenderit. Doloremque explicabo eius. Qui consequatur et.	15	Post	2026-05-22 10:13:31.499806	2025-08-30 10:13:31.486786	2026-05-22 10:13:31.502718	32
72	Porro rerum maiores. Aut autem temporibus. Aut molestias quam. Saepe labore ea. Ut velit tempore. Et nisi ex. Esse soluta facilis. Veritatis et ad. Labore ratione dolores. Possimus aut voluptate. Dolor tempore et. Suscipit consequatur eveniet. Iure voluptates debitis. Vel sunt qui. Rerum voluptas beatae.	15	Post	2026-05-22 10:13:31.513223	2025-10-26 11:13:31.505525	2026-05-22 10:13:31.517309	23
73	Soluta et maxime. Facilis cumque sit. Dolore mollitia dolorem. Voluptatum commodi illum. Iste nihil molestiae. Perferendis neque ut. Perspiciatis excepturi hic. Dolorum est distinctio. Ut totam optio. Totam quibusdam occaecati. Voluptatem recusandae praesentium. A sit et. Officiis repellat est. Rerum sit sed. Consequatur et maxime.	15	Post	2026-05-22 10:13:31.521759	2026-02-05 11:13:31.520426	2026-05-22 10:13:31.525022	3
74	Qui vel ut. Et consequatur esse. Assumenda qui distinctio. Non quidem veniam. Excepturi fugit deleniti. Aut asperiores accusantium. Voluptas voluptate autem. Voluptatem veritatis voluptas. Ea dolorem iusto. Nam et repellendus. Impedit consequatur corrupti. Aliquam incidunt eveniet. Cumque aut aut. Aperiam est autem. Placeat sed excepturi. Repudiandae consequatur aperiam. Aliquam officia vitae. Earum harum ut. A voluptatibus quos. Magnam ex quasi. Aut est quidem. Odit maxime et. Dolore quos sint. Voluptatem qui quidem.	15	Post	2026-05-22 10:13:31.529682	2026-02-11 11:13:31.528236	2026-05-22 10:13:31.532696	47
75	Dolorem distinctio dicta. Nostrum cupiditate nulla. Nulla iste maxime. Tempore aut aut. Molestiae quo fuga. Ea sit sunt. Dignissimos vero delectus. Sapiente sint omnis. Nihil sed ut. Ratione soluta hic. Eaque in ab. Soluta impedit neque. Id vitae est. Amet nisi et. Soluta nostrum libero. Culpa ut omnis. Ea consectetur facere. Molestiae et provident.	16	Post	2026-05-22 10:13:31.593524	2025-06-11 10:13:31.591321	2026-05-22 10:13:31.601797	51
76	Ut eum et. Autem corrupti est. Commodi facilis aut. Similique ut id. Et temporibus dolores. Exercitationem et odio. Amet corporis minus. Ea omnis ducimus. Id est nulla. Vel cumque soluta. Occaecati quis ea. Tenetur sit quo. Cupiditate et et. Commodi qui quasi. Accusamus ipsum voluptas. Tempora cupiditate inventore. Rem nam iusto. Qui optio est.	16	Post	2026-05-22 10:13:31.607547	2025-06-28 10:13:31.605903	2026-05-22 10:13:31.610112	28
77	Illo optio cupiditate. Velit a blanditiis. Totam consectetur ut. Enim aliquid perspiciatis. Sequi et occaecati. Est quis ut. Minima id vitae. Sint at rerum. Non nulla est. Omnis rerum error. Ut eaque vero. Illum laborum corporis. Sint ut fugiat. Est recusandae error. Quia fuga esse. Deleniti voluptatem vitae. Commodi temporibus culpa. Earum aspernatur quia.	16	Post	2026-05-22 10:13:31.614616	2025-11-17 11:13:31.613415	2026-05-22 10:13:31.617317	39
78	Tempore nihil laboriosam. Praesentium at porro. Repudiandae illo labore. Eum cum consequuntur. Et ad iusto. Laudantium quae aut. Fugit nobis doloremque. Neque quam hic. Dolor non est. Autem autem aut. Eum quis rem. Beatae placeat dolorem. Quaerat qui nihil. Sunt eligendi id. Pariatur omnis libero. Officia exercitationem fuga. Autem eligendi exercitationem. Alias ea saepe. Autem fugit rem. Similique numquam aliquid. Temporibus consequatur vero. Itaque possimus et. Ratione esse commodi. Amet et et.	16	Post	2026-05-22 10:13:31.621265	2026-01-25 11:13:31.620359	2026-05-22 10:13:31.629484	40
79	Quo ducimus doloremque. Atque quo voluptas. Et est qui. Veritatis maiores et. Consectetur explicabo quia. Neque sed non. Quisquam qui laboriosam. Est ex reiciendis. Voluptates aut et. Enim iure ipsa. Ut nihil quos. Animi dolorum sit. Delectus adipisci architecto. Placeat omnis cupiditate. Error quia vel. Aliquid ea vel. Deserunt aut et. Quibusdam et harum. Veritatis mollitia sed. Incidunt quae voluptatibus. Autem impedit vel. Reprehenderit enim quidem. Vero sed libero. Corrupti qui dignissimos. Vel adipisci praesentium. Sunt assumenda accusantium. Repellat consequatur quaerat.	16	Post	2026-05-22 10:13:31.634021	2025-12-29 11:13:31.632211	2026-05-22 10:13:31.636382	18
80	Mollitia quia expedita. Ea sit magni. Quia quas aliquid. Et magnam qui. Consequuntur dolores velit. Aut quod porro. Quam rem accusamus. Doloribus voluptates vero. Non doloribus ut. Natus voluptatem et. Quia sint blanditiis. Et beatae ratione. Error accusamus doloribus. Est sint tempora. Nostrum consequatur rerum.	16	Post	2026-05-22 10:13:31.639641	2025-11-24 11:13:31.638443	2026-05-22 10:13:31.646636	41
81	Ut qui temporibus. Est corrupti enim. Aut accusamus delectus. Illo rerum consequuntur. Veniam asperiores magnam. Distinctio ad harum. Voluptatem sequi ut. Qui velit voluptatum. Fuga officiis in. Earum et architecto. Sit at soluta. Ut magnam esse.	16	Post	2026-05-22 10:13:31.650401	2025-12-24 11:13:31.649339	2026-05-22 10:13:31.652391	23
82	Ut nostrum aliquam. Rerum quisquam ut. Exercitationem porro ipsam. Sint incidunt labore. Molestiae dignissimos alias. Non modi et. Quam sequi qui. Et quaerat sunt. Hic incidunt ad. Labore velit et. Blanditiis nostrum ipsam. Error doloremque odio. Fugiat iusto fuga. Quidem non et. Eum tempore voluptates. Omnis officia ipsam. Illo itaque voluptatem. Ducimus ea provident. Voluptatem ut nihil. Et maiores incidunt. Iste modi qui. Sed eum iusto. Ut quia iure. Nobis eum voluptates.	16	Post	2026-05-22 10:13:31.655824	2025-11-24 11:13:31.654718	2026-05-22 10:13:31.663385	44
83	Vel ea maxime. Quisquam tempora dignissimos. Molestias eaque quis. Sint magni et. Distinctio perferendis non. Et aut id. Accusantium mollitia inventore. Odit voluptatum error. Et qui in. Adipisci rerum reiciendis. Numquam hic sit. Sed velit quia. Expedita quo veritatis. Officiis amet consequatur. Eius beatae mollitia. Ducimus libero non. Voluptates voluptatem cum. Aut dolores et. Laborum excepturi sint. Ducimus maxime itaque. Quidem tenetur et.	16	Post	2026-05-22 10:13:31.667672	2025-06-11 10:13:31.66646	2026-05-22 10:13:31.669975	26
84	Pariatur velit error. Autem doloribus magni. Voluptatibus animi voluptas. Sit incidunt quo. Sint consequatur est. Officia odio saepe. Veniam dolorem aut. Et quia et. Iste nihil nemo. Nisi dolores consequatur. Delectus aut facere. Corporis reiciendis suscipit. Porro soluta non. Libero eos id. Assumenda nesciunt occaecati. Et qui ducimus. Enim ad aperiam. Sit voluptates maiores. Ut ut ut. Tenetur est et. Culpa et ut. Facilis provident iure. Iste et eligendi. Libero ipsam expedita. Maxime magnam quibusdam. Cum aliquid tempore. Alias ex sit.	16	Post	2026-05-22 10:13:31.680852	2025-10-14 10:13:31.672594	2026-05-22 10:13:31.684094	16
85	Excepturi alias qui. Et ut illum. Corrupti tempora laborum. Culpa eaque eligendi. Eum recusandae totam. Totam qui ad. Nihil voluptas adipisci. Ut autem vitae. Vel nesciunt suscipit. Possimus cum repellat. Tempora doloremque pariatur. Aut aut pariatur. Quod voluptatum voluptates. Iste ratione praesentium. Commodi aut ut. Non eveniet ea. Rem rerum minus. Error similique est. Dolores ex harum. Aut occaecati non. Blanditiis omnis et. Et minus facere. Aut quae qui. Aut quasi odit. Laborum neque saepe. Magnam sapiente aut. Optio et in.	17	Post	2026-05-22 10:13:31.739924	2026-03-20 11:13:31.737804	2026-05-22 10:13:31.750672	44
86	Facere qui incidunt. Inventore dolorum quidem. Quia amet ipsam. Aut sint eum. Et neque voluptate. Inventore ea necessitatibus. Sed nemo in. Dolores minus qui. Sit nobis qui. Odio ipsum iusto. Quam illo odit. Voluptatem optio quia. Enim omnis soluta. Vel eveniet magni. Dolor culpa aut.	17	Post	2026-05-22 10:13:31.755792	2025-06-10 10:13:31.754259	2026-05-22 10:13:31.761408	42
87	Dicta omnis aut. Facilis suscipit aperiam. Maiores illo maxime. Cupiditate mollitia totam. Sit sint et. Consectetur eligendi sint. Nihil nostrum magni. Aut enim qui. Nisi eius eum. Quae rerum nisi. Sed enim placeat. Laboriosam libero qui. Veniam et sint. Provident asperiores qui. Et sunt molestias. Adipisci rerum deleniti. Expedita voluptatem laboriosam. Tempora quo quaerat. Quis quam laborum. Expedita hic quia. Itaque aut labore. Voluptatum voluptatibus architecto. Eveniet quibusdam voluptatibus. Aut commodi accusamus. Ut velit est. Possimus nemo ut. Autem quo quasi.	17	Post	2026-05-22 10:13:31.765891	2026-03-21 11:13:31.764559	2026-05-22 10:13:31.768176	31
88	Facilis veniam excepturi. Earum sed sint. Sint quis ipsa. Aliquid facilis ea. Non placeat provident. Natus unde placeat. Quo quod libero. Officiis est tempore. Odit consequatur quia. Ullam a unde. Magnam blanditiis est. Corrupti eum exercitationem. Ut qui amet. Est qui dolores. Asperiores est velit.	17	Post	2026-05-22 10:13:31.771802	2025-07-24 10:13:31.770507	2026-05-22 10:13:31.781151	8
89	Laborum qui omnis. Ducimus molestias voluptatem. Est voluptate voluptatem. Iusto cum ut. Amet quod mollitia. Quo non magni. Quo dolore libero. Repellat labore neque. At maxime illo. Totam aut laborum. Non unde exercitationem. Numquam sequi molestiae. Aut deleniti odio. Omnis soluta qui. Error quisquam quas. Id fugiat maxime. Voluptatem voluptatem nihil. Dolorem laborum consequatur. Ipsam perspiciatis repellendus. Nulla perferendis reiciendis. Laborum nam inventore. Ut debitis excepturi. Itaque eos voluptatem. Voluptatibus laudantium repellat.	17	Post	2026-05-22 10:13:31.787001	2025-09-27 10:13:31.785323	2026-05-22 10:13:31.796761	49
90	Ea sunt consectetur. Quae quis est. Illo eos unde. Aut non magnam. Est eveniet officia. Sit repellendus suscipit. Quas nobis suscipit. Non maiores nostrum. Ipsa repellendus quibusdam. Commodi sit soluta. Dolor mollitia quis. Dolorum dolores consequatur. Aut quod amet. Eos et eius. Minima corporis fuga. Temporibus autem deleniti. Vitae velit eum. Nulla adipisci maxime. Quibusdam facilis non. Voluptatibus magni quidem. Modi eius a. Qui soluta aperiam. Numquam nisi id. Reprehenderit quisquam sint.	17	Post	2026-05-22 10:13:31.801965	2025-08-24 10:13:31.800564	2026-05-22 10:13:31.806085	51
91	Voluptas voluptatem quia. Corrupti neque aut. Tempore doloribus earum. Ipsam itaque aut. Accusantium ullam quis. Perferendis recusandae unde. Tempora quidem et. Ipsum at minus. Deleniti sint et. Pariatur voluptatem et. Omnis commodi necessitatibus. Quibusdam quo modi. Omnis architecto blanditiis. Laboriosam ratione sed. Mollitia velit quo. Nulla odio voluptatibus. Aliquid veniam quis. Ut voluptas qui. Velit officia accusantium. Ut est minima. Qui ducimus cupiditate.	18	Post	2026-05-22 10:13:31.880798	2026-01-07 11:13:31.871898	2026-05-22 10:13:31.88717	8
92	Dolore quidem voluptate. A nihil officia. A numquam quisquam. Quo qui tempore. Dolores optio cupiditate. Et sed veniam. Ipsa impedit voluptatem. Ad libero delectus. Dolor facilis odit. Recusandae deleniti et. Et nemo tempora. Est autem et. Dolor quas veritatis. Porro sed nostrum. Iusto quasi fugiat. Impedit et blanditiis. Sit saepe illum. Qui omnis numquam.	18	Post	2026-05-22 10:13:31.895456	2026-05-02 10:13:31.892173	2026-05-22 10:13:31.900639	21
93	Occaecati molestias atque. Ut quaerat nostrum. Quia eos placeat. Et ut reiciendis. Ducimus omnis quos. Accusamus sunt ullam. Sit distinctio quisquam. Rerum laborum ut. Ipsa possimus molestiae. Ut explicabo quia. Sed repellendus ad. Voluptatum aut hic. Doloremque sint nihil. Suscipit quia labore. Amet voluptates omnis.	18	Post	2026-05-22 10:13:31.904288	2026-01-25 11:13:31.903251	2026-05-22 10:13:31.911273	20
94	Ipsam magnam perferendis. Labore optio consectetur. Nesciunt commodi deleniti. Provident quia sint. Accusantium veritatis delectus. Esse nobis sapiente. Voluptatem autem et. Odio consequuntur minima. Non veritatis quidem. Sed porro qui. Omnis consequuntur saepe. Nihil perferendis eos. Aut repellendus nesciunt. Et qui ratione. Rem et ea.	18	Post	2026-05-22 10:13:31.915655	2025-07-05 10:13:31.914018	2026-05-22 10:13:31.917918	41
95	Nostrum quibusdam cumque. Quibusdam quis delectus. Et tempore dolores. Ea esse blanditiis. Ab optio dignissimos. Iste mollitia quisquam. Atque architecto est. Et voluptas sed. Doloremque corrupti quia. Eos similique et. Animi et facere. Dolor tenetur sint. Ipsa et voluptatum. Error ducimus quo. Ad repellendus veritatis. Culpa similique repellendus. Atque ab est. Neque in non.	18	Post	2026-05-22 10:13:31.921906	2026-04-15 10:13:31.920832	2026-05-22 10:13:31.931863	29
96	Nihil ullam voluptas. Quis saepe debitis. Blanditiis laboriosam quia. In repudiandae vero. Quia ipsum impedit. Aliquid nostrum ratione. Qui qui iure. Nobis dicta culpa. Perferendis hic possimus. Est velit cumque. Quae optio soluta. Voluptate atque quia. Et velit incidunt. Maxime et totam. Dolorem molestiae nemo.	18	Post	2026-05-22 10:13:31.936337	2025-06-09 10:13:31.935167	2026-05-22 10:13:31.941086	3
99	Occaecati aut aliquid. Cupiditate voluptas reiciendis. Praesentium ut qui. Ducimus ipsa possimus. Blanditiis suscipit exercitationem. Autem hic facilis. Assumenda totam eligendi. Quia est eum. Aut dolor similique. At rerum et. Beatae enim quos. Rerum commodi quia. Et amet aut. Saepe doloremque qui. Consectetur quae illum.	19	Post	2026-05-22 10:13:32.031093	2025-08-25 10:13:32.029709	2026-05-22 10:13:32.034207	35
100	Rerum rerum sit. Voluptas aut enim. Non debitis esse. Fugiat expedita magnam. Voluptate ipsum aut. Voluptas eum ut. Error provident et. At adipisci harum. Molestiae sit ut. Placeat eos laboriosam. Voluptate sed ea. Cupiditate nihil voluptas. Maiores nesciunt autem. Esse quaerat rerum. Assumenda eaque corrupti.	19	Post	2026-05-22 10:13:32.037723	2025-08-24 10:13:32.036754	2026-05-22 10:13:32.040385	17
101	Iusto explicabo est. Magni necessitatibus id. Similique omnis et. Assumenda quae minima. Qui numquam quis. Autem quasi facere. Sunt reiciendis a. Doloribus eius illo. Saepe recusandae minus. Adipisci quae quisquam. Vel ducimus aut. Architecto eius sed. Cumque qui rerum. In fuga nihil. Non quidem iure. Et sit quo. Enim officia ratione. Eaque sit fugit. Animi sunt explicabo. Explicabo quo ad. Nulla et aut.	20	Post	2026-05-22 10:13:32.08435	2026-02-10 11:13:32.082273	2026-05-22 10:13:32.089285	49
102	Et repellendus aliquid. In et eius. Et harum tempore. Laboriosam autem error. Animi voluptatem quis. Voluptates quisquam eos. Non quos ut. Laudantium omnis blanditiis. Voluptatem voluptas iure. Perferendis minima fuga. Delectus praesentium ut. Id aspernatur magni. Explicabo nulla illum. Rem et officiis. Ullam est nihil. Et nisi maiores. At est provident. Assumenda quibusdam est. Temporibus distinctio nesciunt. Et repellat et. Vero consequatur saepe. Ratione quas labore. Quia ut ut. Recusandae modi dolor.	20	Post	2026-05-22 10:13:32.100613	2025-11-08 11:13:32.098033	2026-05-22 10:13:32.103812	30
103	Suscipit repellat impedit. Consequuntur voluptatem at. Sit alias saepe. Sed occaecati accusamus. A totam repellat. Assumenda et maiores. Ea nobis voluptatum. Dolores quia vitae. Sed aperiam voluptate. Qui officiis rerum. Excepturi officiis tempora. Qui voluptas fuga.	20	Post	2026-05-22 10:13:32.11265	2025-10-16 10:13:32.106115	2026-05-22 10:13:32.115009	34
104	Debitis libero explicabo. Id culpa ratione. Eius ullam dolorem. Velit soluta vero. Ut porro autem. Et dolor exercitationem. Deserunt consequatur delectus. Sed nostrum quod. Et dolorum accusamus. Aut sed illum. Dolor alias vel. Sit doloremque magnam. Occaecati impedit temporibus. Soluta et ut. Numquam recusandae facere. Qui ut qui. Rem recusandae laborum. Sapiente aliquam accusamus. Maiores expedita rem. Maiores asperiores eum. Voluptatum nostrum laborum. Cupiditate sint aut. Nostrum beatae similique. Omnis natus qui. Tempore tenetur aliquid. Ex et et. Sequi pariatur ab.	20	Post	2026-05-22 10:13:32.118724	2026-03-25 11:13:32.117742	2026-05-22 10:13:32.121297	27
105	Placeat omnis rerum. Perferendis dolor cum. Unde officiis doloremque. Est veniam adipisci. Est excepturi quos. Aut vel illo. Dolores incidunt odio. Mollitia accusamus sit. Culpa voluptas earum. Et debitis quaerat. Quis dolorem omnis. Sed exercitationem perspiciatis. Nemo quo corrupti. Et consequuntur commodi. Sit cupiditate velit.	20	Post	2026-05-22 10:13:32.132655	2026-04-27 10:13:32.130928	2026-05-22 10:13:32.135275	42
106	Deleniti aliquid maxime. Cum quia at. Provident earum architecto. Distinctio ut fuga. Molestiae incidunt eos. Quos officia dignissimos. Aspernatur quo in. Velit vel eaque. Quas assumenda voluptatem. Culpa aut dignissimos. Eum tenetur aut. Sit corrupti aut. Deserunt deleniti non. Assumenda ab hic. Nam doloremque ut. Reiciendis id cumque. Dolore dolor ad. Molestiae consequuntur modi. Sapiente corporis accusantium. Nihil totam aut. Non molestiae error. Expedita vero quas. Reiciendis sed voluptatem. Voluptatem rem dolore. Sed reiciendis rerum. Nam molestiae provident. Enim commodi ad.	20	Post	2026-05-22 10:13:32.147348	2026-04-12 10:13:32.138126	2026-05-22 10:13:32.150722	53
107	Velit voluptatibus libero. Temporibus dolorum accusamus. Earum provident non. Repudiandae quia placeat. Voluptatem molestiae laborum. Consequatur eaque eius. Ut blanditiis est. Sunt aut odit. Et ut vel. Doloremque magni occaecati. Voluptatem dolor sunt. Rerum vel aperiam.	20	Post	2026-05-22 10:13:32.154199	2025-08-26 10:13:32.153107	2026-05-22 10:13:32.167686	18
108	Blanditiis esse incidunt. Quasi sed neque. Laudantium officiis et. Eum est pariatur. Consectetur qui corrupti. Non nihil et. Nulla ut aut. Quod debitis ullam. Et tempora eveniet. Explicabo vel hic. Maiores voluptas recusandae. Et aut maiores. Omnis provident aspernatur. Omnis exercitationem quo. Adipisci qui amet.	20	Post	2026-05-22 10:13:32.172438	2025-07-04 10:13:32.170939	2026-05-22 10:13:32.175864	33
109	Neque maiores sint. Repellat est unde. Praesentium consequuntur labore. Aspernatur rem facere. Porro ut quae. Amet vel alias. Nam velit soluta. Iusto aut enim. Enim sunt architecto. Officiis sit sint. Porro et facere. Blanditiis quasi at. Blanditiis minus ipsa. Voluptatum magni iure. Commodi ratione fuga. Quisquam eligendi et. Voluptatibus et ut. Earum tempore quia. Qui vero dignissimos. Sunt et itaque. Ut omnis sint. Voluptates veniam aperiam. Adipisci debitis voluptatem. Quos exercitationem in. Soluta aliquid magni. Commodi porro et. Sunt labore facilis.	20	Post	2026-05-22 10:13:32.18044	2026-04-05 10:13:32.179291	2026-05-22 10:13:32.183155	23
110	Consequatur facilis suscipit. Quam debitis odio. Iure fugiat rem. Et consequatur distinctio. Quidem aspernatur recusandae. Corrupti laudantium et. Ratione non esse. Illo exercitationem veniam. Sint omnis animi. Doloremque consectetur quasi. Qui et et. Id excepturi enim.	20	Post	2026-05-22 10:13:32.18731	2025-09-30 10:13:32.185541	2026-05-22 10:13:32.190035	13
111	Vero nam qui. Et iusto saepe. Ut et repellat. Eos eaque facilis. Et corporis laboriosam. Qui at aut. In modi neque. Harum ut sunt. Eligendi esse quasi. Mollitia sint velit. Et eos voluptatibus. Alias deleniti architecto. Perferendis iusto doloribus. Id dolor soluta. Neque et fugit. Ratione temporibus quisquam. Voluptate repellat eaque. Tempora quod deserunt. Adipisci deleniti pariatur. Quia mollitia vero. Et quidem accusamus.	21	Post	2026-05-22 10:13:32.247793	2025-06-10 10:13:32.242915	2026-05-22 10:13:32.253007	53
112	Quam ut non. Id sit minus. Ex magni veniam. Aut error nesciunt. Possimus ducimus nam. Neque placeat enim. Modi ipsa sit. Eaque non possimus. Et rerum amet. Qui sit dolorum. In dolorem quibusdam. Ipsam delectus fuga. Corrupti odio tempore. Et et quod. Facere sit est.	21	Post	2026-05-22 10:13:32.263235	2025-10-13 10:13:32.257955	2026-05-22 10:13:32.267194	1
113	Maxime odit quia. Consequatur esse expedita. Animi in et. Autem nesciunt consequatur. In omnis dolore. Ut ipsum ut. Dolore explicabo necessitatibus. Quaerat aliquid quia. Ut beatae et. Praesentium et alias. Maxime doloremque omnis. Voluptatem est et. Quae magni velit. Et dolor error. Eum eos consequatur. Quia iste a. Asperiores qui quaerat. Iste eum eius. Eum incidunt qui. Velit sit dolorem. Eaque tempora aut. Sunt consequatur beatae. Aut consectetur qui. Qui dolores assumenda.	22	Post	2026-05-22 10:13:32.326397	2025-06-09 10:13:32.32432	2026-05-22 10:13:32.3317	32
157	Et ab delectus. Et quo in. Dolorum quis reiciendis. Est aut ipsa. Inventore quas dolore. Itaque autem aut. Quibusdam ut fuga. Rerum qui voluptas. Qui iure est. Enim quis dolore. Voluptatum consequatur sapiente. Vel quod tempore.	27	Post	2026-05-22 10:13:33.129205	2026-04-02 10:13:33.126483	2026-05-22 10:13:33.132165	36
114	Saepe corrupti voluptatem. Et ut dolorem. Fugit voluptatem quia. Optio quasi iure. Rerum molestias tempora. In rerum nam. Quis facilis tenetur. Tenetur aspernatur velit. Minus nostrum adipisci. Molestias esse doloribus. Et in laboriosam. Et dolor veritatis. Illo sequi repellat. Cupiditate omnis vitae. Consequuntur dolore et. Dolore facilis eos. Et labore illum. Accusantium suscipit quos. Est ipsum recusandae. Et placeat et. Excepturi est minus. Ratione veritatis provident. Qui unde velit. Qui et eos. Dolores rerum temporibus. Corrupti voluptatem officiis. Velit sit sequi.	22	Post	2026-05-22 10:13:32.345698	2025-11-10 11:13:32.337939	2026-05-22 10:13:32.34913	28
115	Et vero facilis. Ut suscipit mollitia. Fugiat omnis perferendis. Ullam nam aut. Eaque distinctio commodi. Ea eum veniam. Itaque rerum cupiditate. Quos qui qui. Ut architecto rerum. Qui et enim. Assumenda beatae nulla. Dolores eos quasi. Rerum facere quaerat. Vero sint temporibus. Reiciendis in est.	22	Post	2026-05-22 10:13:32.35782	2026-05-02 10:13:32.356248	2026-05-22 10:13:32.361443	50
116	Illo et nisi. Sint nihil possimus. Maiores aut tempore. Cumque dicta et. Omnis amet fuga. Incidunt exercitationem recusandae. Reiciendis dolore totam. Debitis totam quidem. Et ab voluptate. Voluptatem blanditiis consectetur. Unde quisquam minima. Eos adipisci libero. Tempora voluptatem est. Quam modi nemo. Facere ut doloremque. Pariatur atque sed. Dicta nulla iste. Deleniti rem quo.	22	Post	2026-05-22 10:13:32.369204	2026-02-04 11:13:32.368145	2026-05-22 10:13:32.372412	34
117	Neque maiores dolorem. Officiis quasi nihil. Et deleniti aut. Et nihil in. Sunt vitae qui. Dolore officiis magnam. Aliquid maiores quidem. Ut vero necessitatibus. Vel pariatur sit. Ut eos nisi. Perferendis corrupti cupiditate. Asperiores error facilis. Recusandae odit in. Praesentium repellat voluptas. Incidunt possimus assumenda. Omnis autem laborum. Est et esse. Velit ratione et. Corrupti reiciendis doloremque. Dolor omnis delectus. Consequatur debitis placeat. Qui eligendi provident. Eos explicabo eveniet. Odit blanditiis molestiae. Ex vel ratione. Soluta quisquam sit. Perspiciatis natus maxime.	23	Post	2026-05-22 10:13:32.440268	2026-02-26 11:13:32.43633	2026-05-22 10:13:32.452227	12
118	Velit sint laboriosam. Quis sed eos. Quo voluptas quisquam. Sunt vel voluptas. Non rerum veritatis. Eius rerum nostrum. Doloremque unde velit. Aut doloribus eaque. Facilis non id. Aspernatur corrupti est. Quo aut in. Cupiditate optio repellat.	23	Post	2026-05-22 10:13:32.46003	2026-04-25 10:13:32.455973	2026-05-22 10:13:32.462449	25
119	Vel accusantium suscipit. Veritatis non beatae. Quis ea odit. Numquam quia quam. Delectus illum dolores. Officiis odit non. Illo necessitatibus aut. Eaque quam impedit. Magnam ut error. Consequuntur nesciunt odio. Dolore nihil qui. Voluptatum quod saepe. Enim eaque eius. Fuga molestiae facere. Consequatur dolorum ut. Neque temporibus aliquid. Rerum nihil magni. Molestiae deserunt facere. Vitae ad et. Non voluptatem perferendis. Quis nam sed.	23	Post	2026-05-22 10:13:32.465869	2025-10-22 10:13:32.464849	2026-05-22 10:13:32.468583	16
120	Maxime ut consequatur. Odit nulla optio. Aut laudantium aperiam. Vitae nulla veritatis. Fuga voluptatem voluptatem. Rem sit aliquid. Dolorum at quia. Et sit rem. Dolor accusamus error. Et reiciendis temporibus. Ipsum numquam optio. Voluptatem quis delectus. Vero non consequuntur. Accusamus sequi quis. Reprehenderit quis delectus. Quos voluptas voluptatem. Ut nostrum enim. Optio est eligendi. Repudiandae autem est. Soluta et necessitatibus. Nulla enim eos. Illum impedit enim. Laudantium autem dolore. Blanditiis deleniti natus.	23	Post	2026-05-22 10:13:32.479166	2025-11-13 11:13:32.472097	2026-05-22 10:13:32.481905	54
121	Pariatur accusamus laudantium. Omnis quos sint. Laudantium quisquam praesentium. Eius ipsam saepe. Qui dolorem minima. Temporibus voluptates quam. Minus assumenda debitis. Deserunt vitae qui. Natus minima assumenda. Quidem placeat dicta. Commodi aperiam qui. Ea omnis corrupti.	23	Post	2026-05-22 10:13:32.485408	2026-03-15 11:13:32.484526	2026-05-22 10:13:32.487254	39
122	Mollitia omnis laboriosam. Quidem itaque in. Laudantium non iure. Et nihil qui. Voluptates laudantium maxime. Quidem similique qui. Reiciendis praesentium incidunt. Consequatur nesciunt sed. Harum illo voluptates. Pariatur facere ut. Deserunt et voluptate. Fugiat rerum velit. Ad vel a. Incidunt rerum a. Commodi repellat deleniti. Tempore modi beatae. Optio est delectus. Id recusandae natus. In minus ipsum. Quasi aspernatur laboriosam. Ex dolores consequatur. Fugit maxime minus. Sit quia quasi. Error repudiandae rerum. Debitis quae vero. Occaecati qui consequatur. Atque dolores est.	23	Post	2026-05-22 10:13:32.4931	2025-07-06 10:13:32.489785	2026-05-22 10:13:32.495911	4
123	Omnis distinctio quisquam. Enim enim quo. Delectus debitis aut. Quis magni dolorum. Est praesentium pariatur. Iste iusto nulla. Assumenda maiores rerum. Aut aliquam laudantium. Nulla velit sequi. Est distinctio sed. Molestiae aspernatur enim. Dolor voluptatem dolores.	23	Post	2026-05-22 10:13:32.499569	2025-11-29 11:13:32.498085	2026-05-22 10:13:32.501629	34
124	Est animi et. Eum aliquid assumenda. Saepe tempore quia. Laudantium beatae cum. Assumenda ea iure. Sunt officia maiores. Necessitatibus suscipit est. Aperiam recusandae sed. Ipsam quidem alias. Et nihil recusandae. Corrupti in provident. Sapiente ullam perferendis. A voluptatibus consequatur. Unde quibusdam voluptas. Atque occaecati neque. Sed similique optio. Nihil error corporis. Et nam facere. Sit aspernatur quas. Accusantium possimus harum. Molestiae aspernatur necessitatibus.	23	Post	2026-05-22 10:13:32.505366	2026-04-23 10:13:32.504271	2026-05-22 10:13:32.513059	10
125	Aut aperiam dolor. Praesentium impedit est. Dolorem eum nihil. Ad itaque eaque. Sint facere id. Sint vero aliquam. Adipisci mollitia vero. Culpa est est. Maxime expedita ab. Commodi placeat dolor. Dolorem voluptatem quis. Qui maiores eligendi. Aut sequi enim. Dicta eius et. Repellat provident ut.	23	Post	2026-05-22 10:13:32.519341	2026-02-18 11:13:32.515423	2026-05-22 10:13:32.5316	9
126	Laborum cum a. Aut odio officia. Suscipit ducimus atque. Illum quidem rerum. Qui minus earum. Rerum ipsa accusamus. Porro qui et. Nemo eos totam. Nobis assumenda ut. Consequatur cum eveniet. Voluptatum ea ut. Exercitationem libero eaque. Quibusdam doloremque tenetur. Voluptatem vel adipisci. Aut est earum. A et voluptatum. Alias sit ipsum. Laboriosam neque excepturi. A est ducimus. Aut deserunt fuga. Asperiores ea nisi. Quibusdam et nihil. Maxime nostrum ea. Minima consequatur repellendus.	24	Post	2026-05-22 10:13:32.588462	2026-05-11 10:13:32.58717	2026-05-22 10:13:32.601882	5
127	Numquam qui quidem. Ut fuga omnis. Sit quod in. Eveniet aut est. Voluptas sint aliquid. Esse enim iure. Quo sit sint. Quae molestias quam. Nihil odit maiores. Blanditiis voluptas perspiciatis. Voluptate ratione mollitia. Maiores est est. Rem tempora laboriosam. Aut aut sed. Quasi aliquid necessitatibus. Odio porro molestias. Sequi et itaque. Veniam ea fugiat.	24	Post	2026-05-22 10:13:32.607612	2025-12-26 11:13:32.605894	2026-05-22 10:13:32.610208	53
128	Non voluptatum omnis. Nemo laborum commodi. Consequuntur veritatis voluptas. Illum qui laudantium. Qui sed facere. Consequatur reiciendis sed. Aspernatur quia eius. At sint perferendis. Sit nam expedita. Rem itaque ducimus. Natus autem distinctio. Suscipit fuga ut. Nihil laboriosam officia. Quam molestiae atque. Quae quidem occaecati. Sit facilis rerum. Sint ea illum. Dignissimos nobis possimus. Ut qui labore. Consequuntur rem nobis. Dolor sint laborum. Possimus quae nobis. Ad ipsum tempore. Odit voluptatem aut. Dolores necessitatibus qui. Praesentium voluptas labore. Voluptates nostrum neque.	24	Post	2026-05-22 10:13:32.616477	2025-09-23 10:13:32.615017	2026-05-22 10:13:32.618886	4
129	Ab molestias magni. Nam exercitationem mollitia. Quia veritatis alias. Adipisci praesentium atque. Nostrum quia autem. Totam culpa hic. Voluptatem voluptatem iste. Ullam sed reiciendis. Fugit cumque doloribus. Quidem earum vitae. Ratione et rerum. Perferendis nemo sapiente. Tempore aliquam est. Et odio fugit. Molestiae neque voluptatibus. Amet earum aut. Expedita ut aut. Hic quis temporibus. Occaecati mollitia velit. Suscipit assumenda non. Est nisi a. Dolorem ea enim. Quisquam nemo voluptas. Aspernatur quas et. Non sed omnis. Minus et est. Accusantium ratione repellat.	24	Post	2026-05-22 10:13:32.630584	2025-10-09 10:13:32.621728	2026-05-22 10:13:32.633097	42
130	Voluptatem dolorem consequatur. Eius et molestiae. At corrupti recusandae. Aut molestiae nostrum. Est libero dolores. Tempora architecto aut. Dolorem eligendi quas. Sunt illo eaque. Dolores nostrum nisi. Deleniti iusto sint. Ratione iusto cupiditate. Rerum amet aliquam. Laudantium distinctio fugit. Magni occaecati qui. Id consequuntur molestiae. Ut quas temporibus. Quis vero ut. Quo ducimus harum. Est dolorum aut. Ea doloremque consequatur. Cumque sint blanditiis. Occaecati eius eaque. Voluptatem doloribus velit. Et doloremque quasi. Qui nesciunt autem. Est unde in. Laboriosam voluptas distinctio.	24	Post	2026-05-22 10:13:32.63729	2025-07-12 10:13:32.636119	2026-05-22 10:13:32.64388	36
131	Molestias iure nobis. Quo ea ad. Eos magnam magni. Ut neque asperiores. Enim a delectus. Aut rerum fugit. Eveniet minus et. Accusamus eveniet expedita. Ad dolorum at. Quae adipisci temporibus. Dolorum numquam necessitatibus. Et at consequatur. Et atque dignissimos. Est doloremque quod. Qui vitae id. Sit velit sit. Eos sint enim. Et recusandae quia.	24	Post	2026-05-22 10:13:32.648639	2025-11-26 11:13:32.647133	2026-05-22 10:13:32.653699	3
132	Rerum labore optio. Laboriosam maxime ipsa. Quia facilis nihil. Voluptatem totam occaecati. Reprehenderit inventore voluptas. Aut molestias nobis. Non rem quam. Est iste provident. A possimus saepe. Praesentium rerum tempora. Labore nesciunt consequatur. Incidunt eius rerum. Repudiandae ea accusantium. Doloribus culpa quibusdam. Dicta eius omnis. Distinctio unde doloremque. Corporis voluptatem quos. Cupiditate repellat nobis. Quia debitis fugiat. Temporibus consequuntur assumenda. Ut at qui. Eveniet harum et. Ea provident voluptatum. Est non deserunt. Voluptates excepturi autem. Exercitationem quibusdam et. Recusandae qui qui.	24	Post	2026-05-22 10:13:32.657683	2025-06-18 10:13:32.65655	2026-05-22 10:13:32.661861	13
133	Qui non molestiae. Commodi quia corrupti. Enim minima et. Animi et et. Ad iusto vel. Velit quasi ad. Aut omnis rerum. Ut itaque et. Sed ea ut. Et aut vel. Vel temporibus assumenda. Deserunt necessitatibus optio. Minus labore doloribus. Fuga aperiam hic. Quia ut quo. Pariatur et laudantium. Quaerat sed fugiat. Corporis vitae labore. Perferendis debitis eum. Debitis accusantium et. Nesciunt qui quaerat. Cumque perspiciatis et. Id eos repellat. Consequuntur praesentium quo. Hic eos totam. Quaerat culpa sed. Nostrum quae tempora.	25	Post	2026-05-22 10:13:32.740281	2025-08-23 10:13:32.738111	2026-05-22 10:13:32.753555	28
134	Blanditiis et magnam. Velit voluptates velit. Aliquam rerum et. Numquam omnis vel. Distinctio consectetur voluptatibus. Qui molestiae consectetur. Est et dolores. Eius esse temporibus. Ut aliquid facilis. Ex aut dignissimos. Aut quos rerum. Quidem facere est. Sint incidunt minus. Sed ut fugit. Soluta id minima. Placeat optio quas. Soluta harum dolore. Corporis quasi voluptatem. Velit facere eum. Et dolorum nemo. Id consequatur aspernatur.	25	Post	2026-05-22 10:13:32.763718	2025-11-04 11:13:32.75808	2026-05-22 10:13:32.766495	40
135	Culpa omnis temporibus. Aut perspiciatis ut. Quas voluptatum vitae. Et recusandae est. Nihil et architecto. Labore deleniti consectetur. Tenetur aliquid neque. Facere et sint. Voluptatem eveniet nobis. At quam quis. Doloremque iste facilis. Tenetur vel velit. Culpa eos et. Ut voluptas praesentium. Quod et eaque. Perferendis assumenda adipisci. Eos expedita non. Qui necessitatibus eos. Quasi qui dolorem. Perferendis aut nam. Quod quaerat ducimus. Ut exercitationem ut. Aperiam dolor alias. Accusamus veritatis sit.	25	Post	2026-05-22 10:13:32.77139	2025-07-12 10:13:32.769428	2026-05-22 10:13:32.779578	9
136	Quae nesciunt aliquid. Quaerat voluptatem est. Corporis error dicta. Qui consequuntur error. Reprehenderit est laboriosam. Deserunt tenetur et. Mollitia nostrum reiciendis. Ut totam ex. Quidem harum quibusdam. Omnis similique quis. Ea veniam eius. Eligendi eum magni. Ipsa veritatis atque. Vitae iure nobis. Totam eos rerum. Numquam in illo. Veniam eligendi quia. Est consequatur ut.	25	Post	2026-05-22 10:13:32.783781	2026-03-14 11:13:32.782692	2026-05-22 10:13:32.786072	25
137	Ad et similique. Harum voluptatem numquam. Quibusdam eos quas. Labore explicabo odio. Non ut explicabo. Dolore quod sint. Vero quia et. Molestias voluptatem vel. Veritatis quidem adipisci. Sed quia ut. Rerum ut molestias. Quis excepturi quidem.	25	Post	2026-05-22 10:13:32.789412	2025-12-16 11:13:32.788522	2026-05-22 10:13:32.793294	9
138	Et voluptas perspiciatis. Necessitatibus eos ut. Voluptatibus molestiae iusto. Labore iure omnis. Cum similique pariatur. Et placeat quo. Ex illum quidem. Velit aut voluptatem. Repudiandae amet eveniet. Doloremque consequuntur quis. Qui autem magni. Et necessitatibus aperiam. Quia adipisci tempore. Id quidem unde. Repudiandae et quia. Earum aut aperiam. Et et dolor. Ut id sint. Itaque et eligendi. Non quis sint. Atque voluptatem iusto. Esse sed mollitia. Totam iste rerum. Facilis ut id. Cum deleniti modi. Provident eos minus. Sapiente perspiciatis ut.	25	Post	2026-05-22 10:13:32.799226	2025-09-26 10:13:32.797751	2026-05-22 10:13:32.801263	1
139	Animi sunt qui. Neque qui voluptas. Iure sit quibusdam. Non autem quia. Quibusdam est natus. Eum possimus ea. Omnis nobis eius. Nihil molestiae vel. Laborum unde totam. Molestiae beatae et. Distinctio in eum. Rerum ab sit. Placeat non sequi. Autem commodi sed. Aut nesciunt quas. Enim fugiat officia. Maiores et aliquid. Voluptatem pariatur dolorem.	25	Post	2026-05-22 10:13:32.813743	2025-06-02 10:13:32.805731	2026-05-22 10:13:32.816226	20
140	Suscipit sed et. Ut eos quod. Ut blanditiis quia. Inventore quod quae. Et est nulla. Culpa repellendus perferendis. Sit repellendus fuga. Sed ut ea. Quia velit blanditiis. Libero a nihil. Impedit laborum occaecati. Illo exercitationem dicta. Ex sed vero. Hic cumque rerum. Quidem incidunt quis. Sed debitis qui. Sint aperiam veritatis. Aliquid est dolorem. Quaerat ducimus repellat. Sit ab quidem. Veniam aut nemo. Et fugiat qui. Nisi rem ipsum. Et repellat molestiae.	25	Post	2026-05-22 10:13:32.820279	2025-10-19 10:13:32.819146	2026-05-22 10:13:32.822413	1
141	Ea nesciunt veniam. Velit tenetur sed. Consequatur autem sit. Dignissimos aut commodi. Quia explicabo voluptas. Et nihil molestias. Facere sit et. Accusamus voluptate itaque. Nulla ut voluptatem. Maxime veritatis et. Ratione commodi non. Quibusdam quos autem. Dolore voluptatum unde. Optio minima velit. A quo veritatis. Odio ea praesentium. Rerum dicta reprehenderit. Et quo illo. Qui maiores nesciunt. Excepturi omnis suscipit. Hic qui ex. Iste ad reprehenderit. Laudantium tempora neque. Qui aliquid et. Non quia neque. Laboriosam corporis sunt. Deleniti autem animi.	25	Post	2026-05-22 10:13:32.830138	2025-07-11 10:13:32.825939	2026-05-22 10:13:32.832562	19
142	Maiores consequuntur et. Sunt illo quia. Voluptatum voluptates quaerat. Aut enim et. Provident placeat ea. Et sunt veniam. Rem qui cupiditate. Aliquid reprehenderit occaecati. Aut maiores minus. Et dolor et. Repudiandae molestias corrupti. Eos dolorem corporis. Rerum quia ut. Impedit suscipit omnis. Non voluptas ea. Ullam laborum amet. Reiciendis eos nihil. Maiores sint qui.	25	Post	2026-05-22 10:13:32.836579	2025-12-22 11:13:32.835456	2026-05-22 10:13:32.845417	50
143	Nostrum porro eum. Expedita libero qui. Sunt id aspernatur. Quidem officia non. Autem blanditiis aspernatur. Doloremque qui eos. Omnis et quia. Fuga dolorum animi. Consectetur doloribus vel. Repellat similique quia. Est non repellendus. Dicta labore modi. Itaque accusamus reprehenderit. Nulla ut aut. Culpa aut officia. Ut distinctio facere. Voluptates asperiores exercitationem. Omnis et minima.	25	Post	2026-05-22 10:13:32.851193	2026-04-03 10:13:32.848567	2026-05-22 10:13:32.854371	53
144	Et vitae dolor. Rerum temporibus qui. Nihil in est. Dolores voluptates vitae. Nihil cupiditate incidunt. Asperiores sit laboriosam. Delectus eveniet rerum. Et at ab. Perspiciatis ut eum. Ut perspiciatis nisi. Vitae aspernatur maxime. Et cumque vel. Debitis aliquid qui. Enim quis ex. Dicta itaque alias. Odit voluptas architecto. Alias suscipit fugiat. Omnis adipisci aperiam. Et provident quis. Eos in rerum. Qui doloremque ea.	25	Post	2026-05-22 10:13:32.864449	2025-07-21 10:13:32.857322	2026-05-22 10:13:32.867629	14
145	Repudiandae sapiente commodi. Et ducimus ad. Qui sit sunt. Totam laudantium quos. Ut consequatur quae. Repudiandae soluta explicabo. Doloribus eaque nam. Est eveniet dolorum. Numquam eos occaecati. Magnam dolorem laborum. Odit architecto animi. Incidunt vero voluptate. Consequatur aut iusto. Odit sint amet. Nihil dolores molestiae. Officiis voluptatum maxime. Est suscipit nesciunt. Fuga voluptatem corrupti. Commodi dolorem porro. Minima voluptatum soluta. Fuga qui sit.	25	Post	2026-05-22 10:13:32.877409	2025-08-11 10:13:32.872249	2026-05-22 10:13:32.881698	14
146	Blanditiis molestiae eius. Dolores quae iusto. Saepe sed exercitationem. Ex vero nostrum. Ipsam autem nisi. Quia assumenda et. Neque sed accusantium. Qui recusandae sed. Vero minima delectus. Temporibus pariatur et. Eveniet non incidunt. Quasi reiciendis eum.	25	Post	2026-05-22 10:13:32.892344	2025-07-11 10:13:32.889243	2026-05-22 10:13:32.896143	47
147	Incidunt debitis modi. Animi expedita totam. Non unde qui. Aut dolores aperiam. Vitae quia nostrum. In ipsum omnis. Ut aut aut. Voluptatibus dolorum illum. Qui sit adipisci. Doloribus explicabo quis. Voluptatibus sapiente nesciunt. Reprehenderit eius quo. Adipisci et nostrum. Aut libero non. In culpa ut. Consequatur ut doloribus. Dolor dolorem impedit. Ab mollitia repellat. Laborum commodi iure. Aliquam illum tempora. Iusto dignissimos rem.	26	Post	2026-05-22 10:13:32.956315	2025-07-05 10:13:32.953023	2026-05-22 10:13:32.967515	31
148	Nam placeat est. Voluptatum ipsa minima. Quisquam dolorem tempore. Sunt ad quod. Rem rerum deserunt. Totam nihil iure. Omnis quisquam eius. Totam molestiae exercitationem. Et quia et. Eos in architecto. Modi rem maxime. Occaecati doloribus nesciunt.	26	Post	2026-05-22 10:13:32.979262	2025-09-23 10:13:32.971187	2026-05-22 10:13:32.982107	24
149	Consequuntur eos nisi. Non ad culpa. Ex quia mollitia. Temporibus ea magnam. Qui est quibusdam. Eaque id sunt. In dolorum rerum. Fuga provident fugit. Minus voluptate nesciunt. Voluptatem harum doloribus. Quia velit quo. Voluptas ipsam nemo. Quia nemo voluptas. Non quisquam totam. Culpa ut sit. Non iure saepe. Et voluptatibus hic. Facilis ut recusandae.	26	Post	2026-05-22 10:13:32.98612	2025-12-06 11:13:32.984889	2026-05-22 10:13:32.988487	29
150	Et vitae aut. Et tenetur aperiam. Neque praesentium totam. Ut distinctio delectus. Numquam aut molestias. Quisquam explicabo neque. Est veritatis dolor. Recusandae aut sequi. Illo aut itaque. Quia aut repellat. Quidem dolorum autem. Rerum voluptatum aspernatur. Non deleniti sapiente. Nesciunt est omnis. Voluptatum et ipsum. Rerum qui voluptas. Qui est unde. Et aut unde.	26	Post	2026-05-22 10:13:32.995824	2026-03-17 11:13:32.991155	2026-05-22 10:13:32.998045	4
151	Et aut debitis. Minima quaerat animi. Voluptas ullam qui. Laboriosam totam commodi. Odit amet ea. Ut magni aut. Dolore at ex. Qui sed facilis. Veritatis officiis sed. Et architecto est. Et debitis libero. Mollitia minus modi. Molestiae quas repellat. Cumque quibusdam excepturi. Molestiae repellendus minus.	26	Post	2026-05-22 10:13:33.001618	2025-10-29 11:13:33.000495	2026-05-22 10:13:33.011034	22
152	Voluptatem et quia. Libero unde quia. Quia minus libero. Ipsam quisquam porro. Velit voluptatem animi. Laudantium eum saepe. Asperiores qui soluta. Voluptas ab id. Dolorem mollitia sed. Provident laborum molestiae. Rerum reiciendis magnam. Modi fugiat molestiae. Et eum illum. Soluta qui quos. Occaecati accusantium vel. Dignissimos fuga adipisci. Perferendis eos quam. Molestias velit et. Atque occaecati sed. Vel consequatur veniam. Molestiae aperiam et. Ea qui expedita. Laudantium vitae repellendus. Est fugiat ut. Dolor et et. Similique eos praesentium. Cum architecto consequatur.	26	Post	2026-05-22 10:13:33.030009	2026-04-21 10:13:33.014399	2026-05-22 10:13:33.033401	36
153	Illo quis ut. Accusamus omnis blanditiis. Quasi qui voluptatum. Magnam atque voluptatum. Aut omnis corporis. Ut quae fugit. Explicabo tenetur sequi. Voluptatum nisi reiciendis. Libero sit mollitia. Fugit voluptatum expedita. Magni eum autem. Autem rem facilis.	26	Post	2026-05-22 10:13:33.037378	2025-10-12 10:13:33.036293	2026-05-22 10:13:33.039759	6
154	Atque omnis aliquid. Est consequatur tempora. Quisquam deserunt sed. Consequatur et possimus. Et numquam odit. Eos magni sapiente. Id delectus voluptate. Minima incidunt necessitatibus. Harum beatae tempora. Aliquid iusto voluptatem. Temporibus pariatur enim. Harum ut earum. Dicta nulla enim. Dolores qui autem. Vel et ipsum. Maiores commodi quos. Voluptatem a illum. Eaque harum et. Excepturi maiores occaecati. Autem aliquam accusantium. Nihil modi similique.	27	Post	2026-05-22 10:13:33.088157	2025-09-13 10:13:33.086383	2026-05-22 10:13:33.102779	30
155	Doloribus doloremque aut. Veniam voluptas nemo. Et et est. Quis non ea. Quae deleniti tempore. Nulla reprehenderit perspiciatis. Perspiciatis repudiandae temporibus. Mollitia et rerum. Delectus ratione qui. Laboriosam sint adipisci. Sit et voluptatum. Asperiores ut pariatur.	27	Post	2026-05-22 10:13:33.112643	2026-01-01 11:13:33.105749	2026-05-22 10:13:33.115429	27
156	Eos eum et. Sed aut eum. Totam dolor et. Quis illo asperiores. Et facilis deleniti. Quo optio consectetur. Veritatis placeat officia. Eos aut placeat. Optio repellendus quaerat. Voluptas omnis qui. Doloremque atque incidunt. Aut vel necessitatibus. Ducimus sed quibusdam. Beatae et aperiam. Occaecati placeat odit.	27	Post	2026-05-22 10:13:33.119033	2026-02-08 11:13:33.118046	2026-05-22 10:13:33.121359	38
158	Iusto consequatur quaerat. Ut sit eaque. Aliquid magnam qui. Eum nostrum mollitia. Est qui enim. Sed voluptatem deleniti. Pariatur aperiam laudantium. Illo ipsam laudantium. Nulla eum ipsum. Enim magni debitis. Ab qui architecto. Labore odit repudiandae. Dicta est aut. Vero ea aut. Nam consequatur tenetur. Reiciendis non et. Voluptas voluptatem aliquam. Quae deleniti voluptatum. Illum aspernatur dolor. Sit quia soluta. Nobis assumenda esse. Consequatur ducimus explicabo. Perferendis est ducimus. Qui alias quidem.	27	Post	2026-05-22 10:13:33.137541	2025-08-28 10:13:33.136455	2026-05-22 10:13:33.14835	34
159	Eos vel temporibus. Qui minus dolor. Unde nostrum non. Facilis et vel. Perferendis dolores est. Ullam aperiam assumenda. Pariatur vitae quo. Omnis molestiae sit. Voluptatem totam quae. Quibusdam voluptatem esse. Sunt atque cum. Error eos neque. Est modi soluta. Esse in accusamus. Sapiente deserunt cupiditate. Libero aut minus. Est fugit dolor. Ut ipsa ad.	27	Post	2026-05-22 10:13:33.152935	2025-07-15 10:13:33.151701	2026-05-22 10:13:33.159946	6
160	Vel eveniet quo. Consequatur natus voluptatem. Impedit quia consequatur. Ratione at et. Aliquam neque dolorem. Vitae eos deleniti. Consectetur quam dicta. Facere beatae itaque. Consequatur vero voluptas. Maiores et sint. Consectetur nihil mollitia. Magnam et culpa. Ut vel fuga. Dignissimos harum ut. Nesciunt vitae corrupti. Veritatis velit incidunt. Ut consequatur sit. Harum rerum ex. Sed voluptate eos. Sint enim optio. Beatae voluptas est. Vitae autem dignissimos. Est eos eos. Alias sit consequatur.	27	Post	2026-05-22 10:13:33.166054	2025-09-01 10:13:33.164677	2026-05-22 10:13:33.168566	8
161	Non assumenda quod. Est eum porro. Et adipisci doloribus. Temporibus qui vitae. Consequatur doloribus fugiat. Iusto quis quisquam. Saepe blanditiis laborum. Quo fuga iusto. Itaque reprehenderit autem. Dolores enim et. Ad debitis molestiae. Ex tenetur enim. Sed qui ab. Consequuntur praesentium asperiores. Distinctio praesentium suscipit. Et distinctio ea. Facere architecto nemo. Quia culpa non. Eos veniam molestiae. Vel perspiciatis voluptatum. Sit facere alias.	27	Post	2026-05-22 10:13:33.172278	2025-09-12 10:13:33.171354	2026-05-22 10:13:33.175366	4
162	Sed quos sit. Quidem est excepturi. Debitis placeat veritatis. Nisi aut saepe. Magnam sunt minus. Nulla commodi aperiam. Qui officia nesciunt. Excepturi blanditiis et. Cum doloremque quisquam. Optio ea incidunt. Accusamus sequi porro. Nobis incidunt est. Consectetur cupiditate aut. Et perferendis rerum. Nesciunt soluta ipsam. Repellendus et qui. Quo voluptatem magnam. Alias et itaque. Eaque natus consequatur. Aperiam quia natus. Quia facere commodi. Aliquid veritatis libero. Nam qui numquam. Commodi in asperiores.	28	Post	2026-05-22 10:13:33.220786	2026-01-13 11:13:33.218864	2026-05-22 10:13:33.231401	42
163	Quidem mollitia nesciunt. Et hic qui. Qui minus illo. Aut quae cumque. Molestias quis rerum. Rerum dolorum alias. Beatae id dicta. Ipsum quae velit. Fuga voluptatibus possimus. Autem maiores autem. Omnis minus a. Omnis labore rerum. Sed cupiditate eius. Dolorem culpa ducimus. Quidem dolorem vel. Nobis qui a. Facilis fugit molestiae. Id error non.	28	Post	2026-05-22 10:13:33.239729	2026-03-06 11:13:33.237254	2026-05-22 10:13:33.244173	54
164	Voluptate omnis aut. A fugit nulla. Et sit ut. Voluptas quae quo. Exercitationem illum et. Quos repudiandae ut. Corrupti et non. Sit eveniet eaque. Voluptates repellendus aspernatur. Ab earum recusandae. Necessitatibus eveniet quia. Dignissimos aut dolor. Et voluptates accusantium. Dicta perspiciatis illo. Quis aut provident. Natus illo sapiente. Et aut debitis. In exercitationem esse.	28	Post	2026-05-22 10:13:33.248234	2025-09-11 10:13:33.247125	2026-05-22 10:13:33.250815	14
165	Voluptate eum qui. Aspernatur illum sed. Excepturi ut omnis. Fugit voluptatem libero. Quo saepe velit. Voluptate dolorum ipsa. Ut harum sit. Autem hic natus. Autem explicabo quos. Ea necessitatibus qui. Quia ut id. Quos iusto dolor. Enim alias neque. At molestias perspiciatis. Voluptate rerum rem. Inventore qui earum. Sapiente et totam. Deserunt et assumenda. Quae in iure. Praesentium laborum fuga. Error quidem magnam.	28	Post	2026-05-22 10:13:33.254811	2025-06-17 10:13:33.253659	2026-05-22 10:13:33.256953	24
166	Modi accusamus adipisci. Eum quibusdam et. Et facere est. Molestias dolor est. Deleniti eum sed. Sit id et. Maxime minus error. Quis dignissimos praesentium. Aliquid occaecati error. Eveniet ut quis. Maiores iste sapiente. Est est vitae. Temporibus saepe adipisci. Ratione eveniet et. Error tenetur tempore. Voluptates rem numquam. Hic voluptatum excepturi. Voluptatum laboriosam sint. Reiciendis eum modi. Incidunt est ullam. Distinctio doloribus rerum. Vel est omnis. Soluta consequatur tempore. Laboriosam consectetur aut.	28	Post	2026-05-22 10:13:33.266915	2025-07-29 10:13:33.265522	2026-05-22 10:13:33.269688	24
167	Illum aut soluta. Ipsa modi reiciendis. Eos voluptatem quia. Voluptatem vel consectetur. Minus adipisci voluptas. Nam in iste. Autem ut ratione. Reiciendis perspiciatis et. Aut totam quidem. Qui saepe quos. Natus iure est. Alias qui magnam. Rerum corporis inventore. Sequi illo et. Assumenda ut quam.	28	Post	2026-05-22 10:13:33.279814	2025-12-06 11:13:33.272283	2026-05-22 10:13:33.282206	35
168	Repellat quos id. Ratione impedit voluptatem. Omnis et quaerat. Ducimus et vero. Eaque et ad. Suscipit amet et. Minus commodi occaecati. Doloremque provident nihil. Nulla qui aut. Reprehenderit aspernatur rerum. Sit ducimus molestias. Atque optio numquam. Inventore placeat est. Repellat dolorum officiis. Sit vitae autem. Voluptas sunt quo. Est animi quisquam. Ut dolores labore. Aut sed excepturi. Facere labore rerum. Iure voluptatum optio. Et saepe eius. Enim laborum impedit. Adipisci et voluptas. Fugit magni minus. Accusantium qui architecto. Omnis earum est.	28	Post	2026-05-22 10:13:33.285947	2026-04-25 10:13:33.284979	2026-05-22 10:13:33.288265	53
169	Minima amet nihil. At veniam laborum. Reiciendis non omnis. Explicabo soluta animi. Maxime et earum. Eveniet ab eius. Enim vitae nobis. Perspiciatis quia temporibus. Repellendus officia dolorem. Nobis quidem velit. Tempore perferendis sit. Ipsam temporibus corrupti. Quam qui corporis. Nisi blanditiis enim. Aut aut corporis. Ut deleniti eum. Recusandae in accusantium. Quam et dolore. In ea aliquid. Quaerat consequatur corporis. Sunt ad alias. Sapiente commodi et. Non aliquam enim. Quae nisi labore. Dolores deserunt quam. Minima doloribus est. Qui ut odit.	28	Post	2026-05-22 10:13:33.296485	2025-06-07 10:13:33.295291	2026-05-22 10:13:33.298916	43
170	Odio quas natus. Qui neque eos. Autem omnis reiciendis. Est earum nam. Deleniti exercitationem quaerat. In iste ipsam. Qui qui sed. Vitae rerum quod. Nostrum qui aut. Dolores eum nihil. Est amet et. Hic aut aliquid. Laboriosam ex aperiam. Excepturi et aut. Iste et non. Provident qui expedita. Necessitatibus et ut. Velit aperiam odio. Molestias eos nihil. Quasi consectetur quis. Facere et sed.	29	Post	2026-05-22 10:13:33.344531	2025-12-10 11:13:33.342669	2026-05-22 10:13:33.34999	43
171	Nihil non maiores. Temporibus ex quia. Temporibus incidunt et. Aut cumque et. Nihil dolores sequi. Et tempore non. In repellendus sed. Laborum quos iste. Ut qui enim. Aliquid perferendis quis. Molestiae nulla asperiores. Ut ullam laudantium.	29	Post	2026-05-22 10:13:33.355078	2025-09-29 10:13:33.353368	2026-05-22 10:13:33.365477	7
172	Cupiditate et quia. Provident odio necessitatibus. Voluptatem vitae corporis. Molestiae voluptatem aut. Sint sunt delectus. Repellendus possimus cumque. Ex dolor sed. Corrupti velit voluptas. Nam voluptatem consequatur. Harum est iusto. Consequuntur voluptatem ut. Ducimus et voluptatem. Hic et impedit. Voluptatem quisquam sint. Adipisci rem dignissimos. Ut facere eaque. Repellat sunt maiores. Voluptas sunt omnis. Vel sed sit. Numquam hic quis. Sint ut natus.	29	Post	2026-05-22 10:13:33.371483	2025-12-28 11:13:33.370184	2026-05-22 10:13:33.376885	25
173	Inventore facilis sint. Iste modi nesciunt. Excepturi inventore debitis. Corrupti quasi deserunt. Excepturi unde corrupti. Repellendus dolor nostrum. Aut vero aperiam. Ad expedita quod. Animi quod sed. Quae tenetur aspernatur. Voluptas aliquam laborum. Nisi aut ut. Reprehenderit rerum soluta. Culpa quae aspernatur. Nostrum ratione et. In rerum dolor. Molestias non non. Voluptas vel fugiat. Mollitia praesentium vitae. Aspernatur et in. Placeat libero ad. Est iure quidem. Excepturi nemo accusantium. Voluptas maiores enim. Laudantium nesciunt temporibus. Sint repudiandae numquam. Molestiae quis necessitatibus.	29	Post	2026-05-22 10:13:33.387435	2026-03-24 11:13:33.385375	2026-05-22 10:13:33.391804	28
174	Et tempora nesciunt. Quod optio ea. Nam temporibus est. Deserunt non consequatur. Asperiores repudiandae quis. Deserunt omnis dolores. Voluptatibus sed hic. Molestiae repellendus alias. Quasi perferendis enim. Quam doloremque sint. Culpa ducimus porro. Porro voluptatibus beatae. Nihil pariatur distinctio. Praesentium non id. Quo suscipit qui. Repellat ipsa quia. Fugit blanditiis ducimus. Quidem autem cupiditate. Et aut aspernatur. Aut quasi dolorem. In rem explicabo. Voluptas iure eveniet. Mollitia non alias. Illum quia debitis.	29	Post	2026-05-22 10:13:33.40225	2025-07-22 10:13:33.399849	2026-05-22 10:13:33.413868	23
175	Hic rerum enim. Pariatur dolore aliquid. Blanditiis animi amet. Similique et rerum. Ut earum repudiandae. Nostrum accusantium sequi. Modi voluptate odit. Molestiae ut praesentium. Aspernatur quod corporis. Quis quo sapiente. Magni quae similique. Quod architecto eum. Omnis cupiditate possimus. Sint laborum quis. Commodi dolorum non. Eos aut consequatur. Sapiente a sunt. Et reiciendis recusandae.	29	Post	2026-05-22 10:13:33.429871	2025-08-14 10:13:33.42144	2026-05-22 10:13:33.435185	26
176	Id sit sunt. Quo ducimus sed. Nostrum qui veniam. Veritatis rerum amet. Soluta ipsa ratione. Maiores ut quibusdam. Corrupti et voluptas. Dolor id sit. Aut at alias. Deserunt sed ut. Aut rerum sit. Blanditiis labore odio. Doloribus minus aut. Dicta velit possimus. Possimus rerum illum. Vitae iusto sed. Quisquam nihil excepturi. Quas voluptas eveniet. Qui eveniet amet. Non voluptate sit. Voluptate aliquam rerum.	30	Post	2026-05-22 10:13:33.546208	2026-05-04 10:13:33.543256	2026-05-22 10:13:33.551827	49
177	Quod cupiditate enim. Placeat deserunt dolores. Animi non vitae. Ut nisi cumque. Rem repellat mollitia. Aut explicabo pariatur. Consequatur aperiam a. Ratione qui ut. Nihil et deserunt. Repellendus sunt sit. Est esse sunt. Assumenda possimus ipsam. Perspiciatis praesentium sed. Repudiandae commodi corporis. Deserunt omnis debitis. Quo dolores incidunt. Qui omnis ducimus. Officiis accusamus aut.	30	Post	2026-05-22 10:13:33.563039	2026-03-21 11:13:33.555719	2026-05-22 10:13:33.566509	24
178	Error culpa ratione. Earum fuga et. Alias voluptas adipisci. Non corrupti eos. Doloribus non officiis. Velit dignissimos est. Labore magnam mollitia. Ducimus vel non. Non qui explicabo. Commodi harum excepturi. Consequatur ex maiores. Pariatur nam officiis.	30	Post	2026-05-22 10:13:33.570758	2026-03-30 10:13:33.56938	2026-05-22 10:13:33.572813	2
179	Dolorum labore est. Velit sed voluptatem. Iure odit mollitia. Ratione incidunt velit. Laboriosam qui labore. Labore voluptatem non. Est non magnam. Et vel quam. Quasi modi in. Modi nostrum et. Fugit nihil delectus. Id commodi dolorum. Quas sed labore. Labore qui vel. Alias earum maiores. Ea voluptate itaque. Omnis molestias beatae. Facere quis consequatur.	31	Post	2026-05-22 10:13:33.626337	2025-12-12 11:13:33.624778	2026-05-22 10:13:33.63345	29
180	Quam illo vitae. Saepe odit et. Totam sapiente est. Reiciendis facere officiis. Vero ipsa sit. Eum cum repudiandae. Similique doloribus quos. Enim molestias nostrum. Saepe quo animi. Recusandae accusamus aut. Accusamus sequi consequatur. Ratione animi sed. Doloribus animi reprehenderit. Magni nihil ut. Natus esse omnis.	31	Post	2026-05-22 10:13:33.642346	2025-06-25 10:13:33.639219	2026-05-22 10:13:33.645944	45
181	Impedit quia voluptas. Veritatis voluptates inventore. Quia quasi amet. Magnam porro quia. Recusandae voluptas blanditiis. Placeat et quam. Id non animi. Illum non est. Voluptatem ut architecto. At incidunt itaque. Delectus cupiditate animi. Sit ut quas. Magni ipsum enim. Itaque recusandae eum. Aspernatur a ipsum. Delectus et ducimus. Enim assumenda et. Dignissimos doloribus in. Qui laborum sit. Aut maiores id. Delectus consequatur quia.	31	Post	2026-05-22 10:13:33.649953	2025-09-07 10:13:33.648722	2026-05-22 10:13:33.652676	9
182	Consectetur aspernatur impedit. Repellendus ut non. Laborum quo ut. Sed temporibus nam. Blanditiis qui iusto. Et aut voluptas. Iste deleniti amet. Repudiandae architecto non. Quae possimus non. Qui id rem. Eum rerum et. Adipisci assumenda mollitia. Laudantium est officia. Nihil dolores itaque. Neque sequi veniam. Nobis hic nulla. Molestias laborum possimus. Dolores aut incidunt. Et esse non. Dolorum et illum. Facilis deleniti iusto. Id exercitationem sit. Aut et nobis. Nobis sit dignissimos.	31	Post	2026-05-22 10:13:33.664076	2025-09-30 10:13:33.65578	2026-05-22 10:13:33.666815	7
183	Ea aut nisi. Quae odio iure. Tempora aliquam omnis. Sapiente inventore nihil. Nobis sint enim. Enim itaque et. Totam corrupti reiciendis. Tempora et atque. Veritatis ea voluptatem. Assumenda aut nesciunt. Dolores illo et. Natus itaque quia. Expedita non cumque. Atque eaque omnis. Illum eos repellat. At sint consequuntur. Modi aspernatur suscipit. Eos aperiam corrupti.	31	Post	2026-05-22 10:13:33.670525	2025-06-11 10:13:33.669532	2026-05-22 10:13:33.675778	4
184	Sunt impedit perferendis. Qui iure est. Non vel laboriosam. Doloremque voluptatem aut. Aspernatur repellat dolorem. Iusto dolores sit. Excepturi assumenda iste. Quis id perferendis. Aut delectus consectetur. Fugit eligendi est. Suscipit odio aut. Dolorem quia omnis. Velit fugit et. Officiis ducimus similique. Voluptas expedita fugit. Distinctio molestiae tempore. Voluptatibus iusto ratione. Sed sit rerum. Sequi quia accusantium. Inventore eos ea. Necessitatibus consequatur aperiam.	31	Post	2026-05-22 10:13:33.680349	2025-11-04 11:13:33.679042	2026-05-22 10:13:33.683639	4
185	Ut id eius. Reiciendis quidem animi. A voluptates deserunt. Est rerum est. Nulla dignissimos excepturi. Et enim dolorum. Quia libero sequi. Quidem est quo. Debitis neque est. Nihil maxime inventore. Dignissimos repudiandae modi. Nihil enim quia.	31	Post	2026-05-22 10:13:33.687353	2026-01-22 11:13:33.686226	2026-05-22 10:13:33.69632	51
186	Delectus laboriosam laborum. Earum odit consequatur. Excepturi quidem nesciunt. Ut tempore est. Dolore quos voluptas. Quos magni amet. Reiciendis rerum mollitia. Eligendi assumenda modi. Tenetur nihil consectetur. Natus qui maxime. Non molestias ut. Voluptate necessitatibus odio. Sint error autem. Et praesentium dolor. Totam non et. Aut consequuntur est. Assumenda id distinctio. Soluta velit vel. Nostrum maiores possimus. Voluptatem laboriosam occaecati. Voluptatem quia non. Vero omnis nisi. Nihil perspiciatis voluptatem. Quia consequatur tempore. Ut architecto voluptatibus. A est ad. Necessitatibus quaerat ut.	31	Post	2026-05-22 10:13:33.700565	2026-02-18 11:13:33.699307	2026-05-22 10:13:33.703434	40
187	Libero temporibus ratione. Asperiores ab expedita. Dolorum placeat eos. Officiis voluptates facilis. Quisquam facilis sint. Dolore dolor dolorem. Quo quia perferendis. Amet vel omnis. Dolor accusantium veniam. Fugiat esse quibusdam. Sit saepe nisi. Et fuga quos. Quisquam doloribus aut. Qui est consectetur. Est iusto optio. Et quia velit. Dolorem blanditiis atque. Tempora delectus autem. Quaerat excepturi reiciendis. Possimus iste et. Et magni adipisci. Est voluptatem et. Molestias voluptatem velit. Distinctio corrupti autem. Quidem vel dolor. Aut amet dolor. Mollitia voluptatum non.	31	Post	2026-05-22 10:13:33.708449	2025-10-01 10:13:33.706927	2026-05-22 10:13:33.711187	54
188	Velit vero ratione. Iure eos quas. Esse laudantium neque. Eos nemo alias. Et quisquam quia. Nulla deleniti molestiae. Omnis illum fuga. Doloribus qui quis. Exercitationem quos provident. Quis sed voluptatibus. Ipsum alias nobis. Aut quibusdam possimus. Omnis quod repellat. Distinctio illum aut. Rerum eum quis. Illo et est. Ratione ut sed. Sit et accusamus.	31	Post	2026-05-22 10:13:33.715434	2026-04-05 10:13:33.713757	2026-05-22 10:13:33.71879	45
189	Ut qui reiciendis. Eos fugit laborum. Temporibus ut et. Aliquid dicta quae. Est perspiciatis et. Modi aliquam voluptates. Provident autem molestiae. Deserunt iusto veniam. Nesciunt consequatur ut. Atque consequuntur nisi. Mollitia est accusamus. Nihil corrupti non. Est corrupti consectetur. Quae libero velit. Distinctio suscipit eos. Quia delectus tempore. Aut et voluptatibus. Laudantium ea maxime.	31	Post	2026-05-22 10:13:33.728972	2026-01-14 11:13:33.721426	2026-05-22 10:13:33.731727	18
190	Fuga ratione dolorum. Quod non amet. Molestiae eum ex. Qui dicta esse. Inventore rem reiciendis. Dolorem facere quis. Inventore omnis cum. Eius earum voluptas. Aperiam aut sit. Voluptates harum ad. Recusandae in exercitationem. Doloribus quam eos. Animi quibusdam ducimus. Maxime voluptatem labore. Ut officiis suscipit.	31	Post	2026-05-22 10:13:33.736093	2025-12-04 11:13:33.735173	2026-05-22 10:13:33.7384	44
191	Laborum officia nihil. Beatae id aliquid. Accusantium id dolores. Magnam nemo delectus. Alias dolores et. Soluta ut sequi. Iste tempore expedita. Totam non molestiae. Dignissimos consectetur laudantium. Corrupti recusandae dolor. Assumenda aliquam veritatis. Quis aut et. Voluptatem veniam sint. Modi minus facere. Accusamus doloremque nulla. Dicta aspernatur accusamus. Fugit quibusdam similique. Debitis voluptatem minus. Et nihil sequi. Ad velit repellat. Qui sint laudantium. Maxime dolorum doloremque. Repellendus natus esse. Et ipsam fugit.	31	Post	2026-05-22 10:13:33.742763	2025-08-14 10:13:33.741685	2026-05-22 10:13:33.745195	32
192	Officia vel earum. Illum facere molestiae. Facere ducimus hic. Error inventore maxime. Blanditiis voluptate earum. Illum ipsa ut. Non veritatis voluptatum. Eius maxime amet. Provident quaerat est. Quam accusamus sunt. Molestiae nihil magni. Ducimus quisquam porro. Est velit aliquid. Eum aut ut. Rerum est repellendus. Aut aut nobis. Minima omnis perspiciatis. Ipsam provident sapiente. Eos labore et. Molestiae nobis facilis. Molestiae ex quaerat. Pariatur cupiditate harum. Adipisci autem nesciunt. Officia voluptatum aut.	31	Post	2026-05-22 10:13:33.749083	2026-02-03 11:13:33.748028	2026-05-22 10:13:33.751092	50
193	At voluptatem aut. Eos est qui. Et voluptas non. Quaerat et eius. Ut nobis impedit. Molestiae suscipit magni. Ut esse commodi. Sunt possimus est. Quis natus nemo. Minima ut quia. Consequatur qui id. Dolorem sit odio.	31	Post	2026-05-22 10:13:33.755201	2025-12-25 11:13:33.753345	2026-05-22 10:13:33.763226	34
194	Quo vel aperiam. Perferendis deleniti animi. Numquam et consequatur. Iure quibusdam omnis. Voluptate soluta temporibus. Rem numquam nihil. Illo aliquid ullam. Quae perspiciatis consectetur. Amet nulla omnis. Sed deserunt animi. Ea excepturi ipsam. Tenetur et nobis. Laboriosam rerum ut. Ut ut velit. Maxime molestias qui. Animi non sed. Ullam qui ut. Consequatur ut cupiditate. Voluptatem sunt natus. Atque et perferendis. Cupiditate consequatur modi. Iure vel ea. Assumenda quos dignissimos. Quis praesentium facilis.	32	Post	2026-05-22 10:13:33.814543	2025-07-02 10:13:33.807798	2026-05-22 10:13:33.821366	12
195	Natus eveniet aut. Temporibus excepturi quas. Sint odit fuga. Qui ea beatae. Cupiditate quia ab. Consequatur cupiditate quia. Delectus dolore impedit. Et maiores molestias. Quia impedit consequuntur. Sint error sed. Mollitia dignissimos placeat. Assumenda facilis laboriosam. Cumque rerum velit. Dolorem atque odit. Aut amet ut. Accusamus magni suscipit. Et dolor soluta. Minus blanditiis est.	32	Post	2026-05-22 10:13:33.828978	2025-07-26 10:13:33.826308	2026-05-22 10:13:33.831423	38
196	Sed harum ad. Distinctio consequatur commodi. Eius qui dignissimos. Aliquid quo cum. Fugit dolorum consequuntur. Velit voluptate veritatis. Quis in quo. Et distinctio et. Aut dolores eaque. Dolorem tenetur doloremque. Nemo autem quaerat. Atque sed delectus. Minus quasi ea. Dicta quos dolorem. Consequatur delectus magnam. Mollitia est error. Reprehenderit corporis laborum. Quibusdam qui saepe. Debitis voluptatibus quia. Autem voluptas perspiciatis. Soluta inventore facere. Quia incidunt architecto. Qui aliquam dignissimos. Ut nobis voluptates.	32	Post	2026-05-22 10:13:33.835257	2026-01-16 11:13:33.834162	2026-05-22 10:13:33.837557	2
197	Animi in molestias. Qui voluptate voluptas. Officia ducimus debitis. Cupiditate praesentium natus. Aliquam et molestias. Fugit quo sed. Fuga a numquam. Error aut explicabo. Dolores id voluptatem. Sint fugiat expedita. Eos qui eaque. Consequatur provident nihil. Dignissimos minima eum. In expedita aut. Nulla asperiores qui.	32	Post	2026-05-22 10:13:33.841126	2025-12-26 11:13:33.840017	2026-05-22 10:13:33.845328	40
198	Vero aperiam dolorem. Fuga qui voluptatem. Facilis qui rem. Rerum sed modi. Consectetur est voluptatem. Sint in ad. Eveniet hic laboriosam. Et aut sed. Ex quae quia. Consequatur non beatae. Quis aut nobis. Id cum quis. Esse qui sed. Omnis ut eius. Eveniet rem repellendus. Dolores optio ratione. Non consequatur quasi. Consequatur quod qui. Ratione quia nihil. Sit tenetur dolores. Et quisquam iure. Necessitatibus ipsa id. Laudantium autem consequuntur. Aperiam laborum dolorem. Dolorem sed est. Doloribus veniam natus. Reiciendis consequatur facilis.	32	Post	2026-05-22 10:13:33.849201	2026-03-11 11:13:33.848101	2026-05-22 10:13:33.852357	30
199	Exercitationem voluptatum atque. Quis repellendus qui. Accusantium ut modi. Aut necessitatibus ducimus. Numquam dolorem sint. Et autem aut. Cupiditate et ut. Rerum cum voluptatem. Id harum maiores. Eligendi nihil et. Sapiente eveniet qui. Optio voluptatem dicta. Nesciunt quaerat harum. Praesentium autem sequi. Dicta quis aut. Dolores ipsam et. Rem consequatur dolor. Ratione modi qui.	32	Post	2026-05-22 10:13:33.862073	2026-03-02 11:13:33.855113	2026-05-22 10:13:33.864597	1
200	Aliquam labore hic. Rem quod mollitia. Aliquam atque aut. Iusto quia maxime. Corrupti eligendi pariatur. Omnis laudantium vel. Odit quam nostrum. Consequatur est esse. Consequuntur eligendi ea. Doloremque corporis inventore. Ut est unde. Architecto fugiat doloribus. Dolorem labore quis. Sed aut quae. Necessitatibus placeat maxime.	32	Post	2026-05-22 10:13:33.868265	2025-12-21 11:13:33.86732	2026-05-22 10:13:33.870603	28
201	Tempora et aliquid. Error et modi. Id aut eos. Occaecati sint doloremque. Illum iure eveniet. Provident amet quas. Illum et incidunt. Ipsum maiores inventore. Similique minima ab. Ipsum consequatur deleniti. Saepe explicabo ut. Aliquam consequatur eius. Suscipit repellendus nostrum. Facere velit similique. Ut numquam non. Architecto pariatur alias. Velit est blanditiis. Dicta deserunt odit. Ipsa placeat praesentium. Eos qui tempore. Quae explicabo quibusdam.	33	Post	2026-05-22 10:13:33.924492	2026-04-12 10:13:33.92257	2026-05-22 10:13:33.932783	47
202	Vitae maxime in. Voluptas vel dolorem. Commodi adipisci suscipit. Est rerum tempore. Et inventore quia. Sunt voluptatem repellendus. Nemo eum qui. Quo voluptatem qui. Commodi molestias ea. Aliquam quia repellat. At dignissimos sit. Sit hic quam.	33	Post	2026-05-22 10:13:33.937846	2026-02-12 11:13:33.936336	2026-05-22 10:13:33.947407	26
203	Est doloribus ipsum. Deleniti praesentium repellat. Esse placeat aut. Expedita quaerat eum. Dignissimos inventore aliquam. Consectetur sit facilis. Assumenda dicta inventore. Ut nisi in. Vero dolorem dolore. Qui explicabo ad. Rerum aliquam fugiat. Ut ea corrupti. Omnis similique neque. Esse ut autem. Ad similique sint. Labore culpa facilis. Vel et non. Totam et repellendus. Tempora repudiandae tenetur. Occaecati veniam velit. Exercitationem cumque fuga.	33	Post	2026-05-22 10:13:33.953273	2025-09-11 10:13:33.951206	2026-05-22 10:13:33.964838	50
204	Beatae architecto saepe. Amet consectetur neque. Delectus ipsam autem. Qui dolores voluptatem. Labore et quo. Et suscipit praesentium. Ipsa dolores explicabo. Dolorum maxime ad. Corporis iste voluptatem. Molestiae aut quia. Corporis labore sequi. Quis consectetur quibusdam. Voluptatem consequatur nam. Ad aut voluptatem. Dolorum et quo. Dolorum cumque aliquam. Natus ad labore. Et qui voluptatibus. Et et odio. Quos nulla in. Magnam praesentium omnis.	33	Post	2026-05-22 10:13:33.971574	2026-01-21 11:13:33.970073	2026-05-22 10:13:33.982698	2
205	Aut quia dolore. Pariatur magnam temporibus. Impedit nihil aut. Ex aliquid sunt. Et voluptatum voluptas. Pariatur porro ad. Qui quidem distinctio. Quisquam porro accusamus. Voluptas dignissimos deserunt. Quis aut aliquam. Maxime magni omnis. Ea est ut.	33	Post	2026-05-22 10:13:33.988792	2026-03-13 11:13:33.987475	2026-05-22 10:13:33.996493	21
206	Quidem mollitia et. Voluptas eligendi sapiente. Asperiores voluptatem sit. Incidunt est id. Mollitia quos voluptas. Explicabo numquam aut. Sunt quaerat sed. Voluptate sunt minima. Delectus facilis incidunt. Dolorum ad occaecati. Nam at qui. Ex necessitatibus delectus. Incidunt ut et. Incidunt ut aut. Voluptas illo tempora. Voluptatum ut consequuntur. Nemo natus quia. Ut modi ipsum. Reprehenderit sed et. Est aut repudiandae. Sed iusto necessitatibus. Quia doloribus vel. Ea nobis amet. Minima culpa alias.	33	Post	2026-05-22 10:13:34.010687	2025-06-24 10:13:34.00222	2026-05-22 10:13:34.014056	16
207	Ex autem quia. Eaque est doloribus. Sapiente quidem natus. Voluptatem qui recusandae. Nam explicabo sequi. Veritatis facilis eaque. Excepturi et quidem. Sit aut quo. Sit autem sint. Eveniet sed in. Porro qui quis. Et error ducimus. Tempore sequi cum. Optio blanditiis quisquam. Voluptates explicabo error. Quasi hic expedita. Dolorum velit error. Dolor eaque necessitatibus.	33	Post	2026-05-22 10:13:34.030084	2026-04-26 10:13:34.017246	2026-05-22 10:13:34.035028	27
208	Eveniet omnis sit. A qui laudantium. Officia nihil consequatur. Ullam aut et. Voluptates eos eligendi. Dolorem cumque impedit. Quo enim itaque. Corporis minus excepturi. Ut sunt modi. Velit qui qui. Dolores sit quo. Sint dicta a. Vel voluptas in. Eius sequi incidunt. Nihil fugit quidem.	33	Post	2026-05-22 10:13:34.046219	2026-04-04 10:13:34.037958	2026-05-22 10:13:34.048823	21
209	Dolore explicabo aut. Eveniet repellat quis. Perferendis laborum ducimus. Deleniti saepe assumenda. Sed sit quae. Est sed et. Iste ex laborum. Enim voluptatem consectetur. Vero sunt vel. Impedit et sunt. Voluptates sunt architecto. Facere dignissimos voluptatem. Eos nihil sit. Eum rerum eum. Nesciunt vero ipsa.	33	Post	2026-05-22 10:13:34.052819	2025-09-07 10:13:34.051649	2026-05-22 10:13:34.056928	41
210	Omnis in assumenda. Beatae ut optio. Culpa minus porro. Dolores aut ea. Consequatur aliquam ipsam. Eos officia commodi. Sed eum quia. Ipsum vel voluptatem. At et ratione. Saepe illum provident. Consequuntur non eos. Repellendus soluta qui. Id aut et. Tenetur ad quisquam. Deserunt ut error. Unde odit ut. Facere occaecati amet. Magnam praesentium aut. Eaque beatae nam. Qui et repellendus. Similique optio repellendus.	33	Post	2026-05-22 10:13:34.066902	2025-06-17 10:13:34.065236	2026-05-22 10:13:34.069863	34
211	Quia quo enim. Nisi qui numquam. Esse autem suscipit. Exercitationem laudantium consequatur. Eius nisi fugit. Quia dolores reiciendis. Quidem iste officiis. Qui quia iusto. Quia ex deserunt. Facere voluptates sunt. Nesciunt eveniet dolores. Eius nulla minus. Et optio animi. Pariatur asperiores labore. Magnam est sequi. Nam quas sunt. Officia omnis vero. Est occaecati sit. Nam eveniet amet. Dolorem id molestiae. Delectus sunt quam. Aut ut aliquid. Qui rerum corrupti. A voluptatem sequi.	33	Post	2026-05-22 10:13:34.079487	2026-04-24 10:13:34.073302	2026-05-22 10:13:34.089259	49
212	Voluptatibus nihil eum. Numquam repellendus dolores. Error qui modi. Commodi libero veniam. Dolor architecto dignissimos. At necessitatibus debitis. Sed tempore alias. Assumenda necessitatibus inventore. Ut ex error. Eveniet aut ducimus. Illum blanditiis molestias. Dolorem illo sit. Dolores vel sint. Porro deleniti illo. Ducimus deleniti voluptas.	33	Post	2026-05-22 10:13:34.096522	2025-12-26 11:13:34.093577	2026-05-22 10:13:34.100155	47
213	Voluptatem dignissimos nemo. Pariatur molestiae aut. Iste natus impedit. Nam doloremque sequi. Exercitationem neque earum. At necessitatibus voluptatem. Tempore delectus in. Molestiae in aliquam. Est maiores aliquid. Velit ea pariatur. Voluptas sed officiis. Accusamus hic ut. Facilis enim distinctio. Magni nobis laborum. Quis natus doloribus. Cumque quas voluptatibus. Facere porro hic. Fugiat hic veritatis. Fugit autem aliquid. Ipsum doloribus eum. Quam a molestias. Saepe tempore totam. Veritatis alias consequatur. Incidunt eligendi commodi.	33	Post	2026-05-22 10:13:34.106003	2025-10-27 11:13:34.104439	2026-05-22 10:13:34.11687	36
214	Commodi maiores tempora. Illo sit rerum. Rerum deleniti hic. Corrupti reiciendis enim. Non voluptas magnam. Est sit consectetur. Voluptas vitae occaecati. Sed maxime nulla. Nihil ad saepe. Adipisci consequatur et. Temporibus laboriosam ut. Deleniti laboriosam voluptates. Quisquam mollitia dolore. Velit facilis id. Velit reiciendis odit. Voluptatem eum dolorum. Commodi reprehenderit fugiat. Repellat ex incidunt.	8	Project	2026-05-22 10:13:34.825237	2025-07-05 10:13:34.82295	2026-05-22 10:13:34.830061	41
215	Aut minus necessitatibus. Tempore molestiae et. Aliquam iusto sapiente. Culpa inventore mollitia. Occaecati id dolorum. Quis ut dolores. Dolor officiis minus. Sint occaecati aut. A fuga error. Quidem id et. Omnis molestiae iure. Quaerat dolores fuga. Rerum eos ut. Doloremque magnam qui. Error molestiae ut. Qui totam aspernatur. Repudiandae aperiam et. Magnam eos facere. Pariatur similique et. Dolore rerum delectus. Est non dolor.	8	Project	2026-05-22 10:13:34.833762	2025-06-06 10:13:34.832679	2026-05-22 10:13:34.836484	13
216	Repellat sunt fuga. Rerum possimus harum. Perspiciatis nisi accusantium. Atque corrupti asperiores. Quae rerum sunt. Voluptas qui aut. Libero et est. Dignissimos nihil accusantium. Et rem perspiciatis. Et praesentium minus. Quia sed itaque. Qui rerum est. Inventore praesentium reiciendis. Sed error distinctio. Nesciunt similique atque. Maxime rerum vel. Voluptatem qui aut. Dignissimos necessitatibus dolores.	8	Project	2026-05-22 10:13:34.840749	2025-10-03 10:13:34.839431	2026-05-22 10:13:34.845128	12
217	Rerum et facere. Illo pariatur ut. Sequi aperiam mollitia. Optio amet temporibus. Autem enim aut. Atque doloribus sunt. Quaerat at in. Minima cumque hic. Facere culpa consequatur. Unde optio beatae. Nam officia nobis. In non et. Ipsam ratione eius. Et et possimus. Et perspiciatis praesentium. Repudiandae dolor sint. Et occaecati sunt. Adipisci earum nisi. Omnis temporibus suscipit. Exercitationem et voluptatem. Et iste fugit.	8	Project	2026-05-22 10:13:34.84877	2025-11-06 11:13:34.847786	2026-05-22 10:13:34.851055	39
218	Nemo sed autem. Est eius sint. Qui officia fuga. Voluptatem ut dolore. Perspiciatis molestias iure. Ipsa nulla voluptatem. Ipsam et et. Rerum sunt accusamus. Dolorem omnis aperiam. Voluptatem sapiente corrupti. Ipsa ex quam. Deleniti non in. Nemo quos eum. Quas non itaque. Odit ex assumenda. Sed molestiae ipsum. Magnam perspiciatis voluptate. Quo quo voluptatibus.	8	Project	2026-05-22 10:13:34.854349	2025-12-18 11:13:34.853351	2026-05-22 10:13:34.86269	37
219	Dolorem tempora sunt. Dolor distinctio corrupti. Fugit incidunt magnam. Commodi animi laborum. Voluptas blanditiis et. Id sit facere. Dolorem quasi nostrum. Qui quo id. Quia aut eligendi. Eius quisquam omnis. Inventore consequatur incidunt. Enim veniam doloremque.	8	Project	2026-05-22 10:13:34.866383	2026-03-31 10:13:34.865336	2026-05-22 10:13:34.868421	4
220	Eligendi aut adipisci. Sit natus dicta. Praesentium ad aut. Repellendus repellat rerum. Sed sit quo. Illo qui dolore. Iste odio dolorem. Similique omnis officiis. Nemo magnam amet. Animi ad temporibus. Suscipit delectus atque. Aut dolorum omnis. Ducimus culpa provident. Ipsa accusantium assumenda. Sunt ipsam consequatur. Sint eos et. Aut quam reiciendis. Eos rerum ducimus. Nihil tempora placeat. Repellendus omnis est. Adipisci quas ut.	8	Project	2026-05-22 10:13:34.871736	2025-09-16 10:13:34.870809	2026-05-22 10:13:34.874163	23
221	Voluptates unde non. Ab eum dicta. Sunt sit beatae. Eum laborum ut. Dolor cupiditate doloribus. Rem et debitis. Deleniti libero qui. Voluptatem nam et. Eveniet reiciendis sed. Labore voluptatibus reprehenderit. Tenetur sed quidem. Ut harum impedit. Ut alias modi. Voluptas culpa quos. Rerum odio sed.	8	Project	2026-05-22 10:13:34.878802	2025-11-27 11:13:34.877565	2026-05-22 10:13:34.881063	21
222	Velit ratione ut. Omnis ut rerum. Sunt autem nulla. Quis quas inventore. Maxime est ut. Magnam tenetur porro. Perferendis quidem numquam. Nulla dolore et. Reiciendis repellat eos. Pariatur et distinctio. Adipisci esse ut. Nisi unde sunt.	8	Project	2026-05-22 10:13:34.884757	2025-06-15 10:13:34.883852	2026-05-22 10:13:34.887381	37
223	Beatae vel officia. Ex praesentium explicabo. Rerum ad dolor. Cum voluptatum eius. Optio quia in. Sit officia ipsam. Rerum ipsum consectetur. Autem molestias aut. Facilis consequuntur officia. Delectus quasi et. Corrupti ut magni. Error asperiores numquam. Beatae sequi dolores. Beatae magnam distinctio. Qui voluptates minus.	8	Project	2026-05-22 10:13:34.891461	2025-10-02 10:13:34.889591	2026-05-22 10:13:34.894651	42
224	Molestias sapiente blanditiis. Ab nam earum. Assumenda blanditiis sit. Ipsum officiis voluptatum. Amet expedita tenetur. Officiis est perferendis. Maiores ab illum. Recusandae non beatae. Fuga saepe explicabo. Quia non nulla. Maiores temporibus qui. Doloribus perspiciatis aut. Illo odio rerum. Ut consequuntur rerum. Excepturi ex nemo. Eveniet quia hic. Eos quos consequatur. Et est qui. Eos qui aliquid. Reprehenderit fugiat tempora. Et ea sapiente. Voluptatibus provident in. Occaecati explicabo esse. Eum autem soluta.	8	Project	2026-05-22 10:13:34.899782	2026-01-22 11:13:34.897652	2026-05-22 10:13:34.902312	50
225	Ut cumque aspernatur. Molestias quidem commodi. Nihil quis veritatis. Voluptas molestiae aliquid. Inventore est iste. Quisquam eveniet vero. Ut consequatur at. Soluta ipsum animi. Iusto quis ab. Voluptatum ipsum facere. Doloribus enim dolorem. Quo molestiae adipisci. Aperiam quasi perferendis. Fuga nisi similique. Rerum voluptatem recusandae. Consequuntur sunt fuga. Omnis doloremque est. Repudiandae esse magnam. Amet eligendi reiciendis. Quasi nisi maxime. Omnis quidem non. Qui sunt quo. Sit sit ut. Et non est. Fugiat cum ut. Voluptatem maiores inventore. Modi rerum corrupti.	8	Project	2026-05-22 10:13:34.906291	2025-10-26 11:13:34.905226	2026-05-22 10:13:34.913958	34
226	Magni et sit. Est illum id. Ex adipisci modi. Eaque non inventore. Culpa qui quaerat. Quas sit iure. Accusantium voluptas eveniet. Rerum aspernatur vitae. Voluptatem consectetur consequatur. Doloremque est corporis. Provident fugiat quia. Dolore maiores possimus. Dicta cupiditate voluptatem. Quo consequatur qui. Unde sit eum. Est assumenda eligendi. Eius sint molestias. Velit et enim. Iusto quod nisi. Iste perspiciatis voluptatum. Dolorum ipsum quisquam.	8	Project	2026-05-22 10:13:34.921469	2026-04-07 10:13:34.916974	2026-05-22 10:13:34.931973	5
227	Omnis et ab. Voluptatum vero id. Veniam eveniet nostrum. Dolorem culpa ut. Aliquid autem magnam. Dolores quia doloribus. Et illum assumenda. Eum et qui. Hic ab consequatur. Quas velit laboriosam. Ad nemo temporibus. Tempora rerum est. Voluptatum dolor aut. Suscipit ea ullam. Error sequi voluptas.	9	Project	2026-05-22 10:13:34.965458	2025-09-22 10:13:34.96419	2026-05-22 10:13:34.968296	29
228	Culpa cumque ducimus. Temporibus et eligendi. Sapiente ea delectus. Aut vel iste. Omnis eligendi pariatur. Magnam vero officiis. Sed quaerat voluptatem. Vel eos voluptatem. Et aut repellendus. Commodi adipisci saepe. Alias et ea. At nobis facilis. Impedit ut laborum. Vel architecto ea. Natus eaque rerum. Non corporis similique. Nostrum omnis non. Esse eos nobis.	9	Project	2026-05-22 10:13:34.979905	2025-12-20 11:13:34.971951	2026-05-22 10:13:34.982582	52
229	Nemo rerum itaque. Ut repudiandae dolorem. Quod eum sequi. Natus ipsum repellendus. Blanditiis non ducimus. Distinctio aut sint. Cupiditate quaerat cumque. Modi est consequuntur. Aut commodi repellat. Eveniet consectetur ipsum. Vero necessitatibus voluptas. Ratione assumenda non. Cumque sit omnis. Mollitia amet provident. Ut aliquid est. Commodi et ipsa. Explicabo ipsam beatae. Dolores ab enim.	9	Project	2026-05-22 10:13:34.990951	2025-10-22 10:13:34.989726	2026-05-22 10:13:34.994221	18
230	Repellendus assumenda id. Rerum eum natus. Laudantium dignissimos omnis. Voluptas qui saepe. Maxime sequi atque. Hic aut esse. Reprehenderit accusamus iure. Adipisci voluptate rerum. Amet dicta vero. Eos quis sed. Sapiente ab deserunt. Debitis accusantium amet. Et nihil dolor. Voluptate quia incidunt. Ea similique asperiores. Nesciunt aliquid deserunt. Ipsum sed enim. Quia doloribus quod. Placeat at eum. Aliquam vel voluptatem. Fugit quas ut.	9	Project	2026-05-22 10:13:34.999307	2026-02-20 11:13:34.997879	2026-05-22 10:13:35.014128	23
231	Eos harum quibusdam. Ratione qui fugit. Officiis voluptatem aliquid. Quo voluptatem qui. Dolorem voluptatem voluptatem. Ab sint totam. Quis voluptates qui. Vitae et et. Inventore optio accusamus. Aut adipisci ipsa. Quae ut repudiandae. Quo totam facilis. Ipsa consequatur amet. Et perspiciatis quos. Labore et voluptatem. Incidunt consequuntur voluptatum. Id earum optio. Iste debitis id.	9	Project	2026-05-22 10:13:35.024583	2026-01-29 11:13:35.022786	2026-05-22 10:13:35.028423	25
232	Non et atque. Architecto rerum atque. Nemo eligendi atque. Eligendi dolorem eos. Quis nihil repellat. Qui ut libero. Illum iusto consequuntur. Quis ex sit. Eveniet molestias omnis. Exercitationem neque debitis. Ut eveniet aliquam. Ducimus totam laudantium. Expedita consectetur laborum. Corporis aut libero. Rerum voluptatibus omnis. Non consequatur sint. Qui sed modi. Et et non. Aperiam vitae autem. Qui est consequatur. Sit quia quidem. Dolorum magnam quia. Vitae harum officiis. Quia debitis sint.	9	Project	2026-05-22 10:13:35.033573	2025-11-15 11:13:35.032305	2026-05-22 10:13:35.036538	1
233	Aut aut ea. Quis possimus saepe. Consectetur distinctio ullam. Praesentium magni officiis. Recusandae voluptatem maxime. Tenetur eius reprehenderit. Eos asperiores aut. Placeat similique maxime. At similique quia. Aspernatur voluptas in. Molestiae exercitationem qui. Id sit reprehenderit. Delectus porro quasi. Autem et nisi. Harum quo quae. Est velit impedit. Cum delectus qui. Distinctio culpa deserunt. Esse tenetur nulla. Voluptatum excepturi error. Odit quo nisi.	9	Project	2026-05-22 10:13:35.045199	2025-09-02 10:13:35.039382	2026-05-22 10:13:35.047679	20
234	Beatae rem molestiae. Autem voluptatem nihil. Ipsam assumenda voluptas. Totam facilis perferendis. Nulla assumenda eum. Sit tempora sint. Cupiditate nam ipsa. Quam quasi repellat. Quo qui delectus. Iure maiores repudiandae. Saepe sint qui. Aut nihil et.	9	Project	2026-05-22 10:13:35.051704	2025-09-20 10:13:35.050176	2026-05-22 10:13:35.054769	8
235	Id necessitatibus animi. Beatae similique autem. Ab nam omnis. Nesciunt dolores itaque. Facere dolorum voluptates. Omnis blanditiis error. Aperiam eos numquam. Officia laudantium quisquam. Quo et vel. Harum enim ipsa. Dolores saepe accusantium. Qui et nostrum.	9	Project	2026-05-22 10:13:35.063079	2025-12-24 11:13:35.061941	2026-05-22 10:13:35.065437	11
236	Consectetur fugit tempore. Nisi enim magni. Inventore consectetur voluptatem. Sit occaecati id. Esse quod et. Distinctio ea alias. Rerum nihil sit. Odit amet voluptate. Tenetur sit ullam. Ut qui voluptatem. Quo temporibus culpa. Doloremque blanditiis soluta.	9	Project	2026-05-22 10:13:35.069572	2025-09-14 10:13:35.068578	2026-05-22 10:13:35.071587	32
237	Rerum amet aut. Architecto aut omnis. Odit inventore omnis. Dignissimos accusamus ipsum. Fuga exercitationem et. Temporibus et cum. Aut laudantium nulla. Aperiam at ipsam. Excepturi ut soluta. Minus illo velit. Ullam molestiae et. Natus totam similique.	9	Project	2026-05-22 10:13:35.08051	2025-10-20 10:13:35.073984	2026-05-22 10:13:35.083457	30
238	Quidem sit sed. Et assumenda corrupti. Eaque aut consequatur. Ut rerum officiis. Voluptas nemo harum. Voluptatem alias rerum. Sed rerum dolorem. Distinctio qui doloremque. Voluptas qui animi. Vel aliquam eaque. Eum tempore inventore. Perspiciatis omnis id. Ut veritatis perferendis. Mollitia voluptates in. Non optio aut. Sint exercitationem perferendis. Eum distinctio deserunt. Sit voluptatum quod. Maiores non et. Eos esse voluptatem. Ea rerum reiciendis. Voluptas aliquid dicta. Dolorum laborum quaerat. Praesentium et at. Blanditiis non eum. Maiores labore at. Cupiditate ad voluptatem.	9	Project	2026-05-22 10:13:35.087426	2026-03-15 11:13:35.086397	2026-05-22 10:13:35.090219	46
239	Cumque enim aut. Repellendus provident perspiciatis. Ratione praesentium nihil. Esse possimus est. Omnis eius sint. Commodi tempore perferendis. Sunt consequuntur vero. Enim quia ipsum. Hic et autem. Maxime amet et. Aut saepe omnis. Est quaerat animi. Aut mollitia fugit. Nihil animi quia. Soluta facere et. Facere neque officia. Provident impedit magnam. Dolorem nihil quis. Deleniti aliquam itaque. Non repudiandae quam. Molestias modi ipsa. Voluptates aut ut. Sapiente non consectetur. Voluptatem temporibus animi. Autem voluptas iure. Delectus suscipit veritatis. Quisquam et voluptatem.	9	Project	2026-05-22 10:13:35.095871	2026-04-18 10:13:35.093763	2026-05-22 10:13:35.098279	27
240	Sunt eum veniam. Voluptatem ad sed. Eveniet exercitationem nostrum. Dolorum quod molestiae. Dolor eum amet. Occaecati et repudiandae. Est autem odit. Numquam et odio. Adipisci voluptas magnam. Voluptas labore debitis. Consequatur aut iure. Ex neque aliquid. Quis perspiciatis beatae. Quis ullam dolorum. Illo labore vel. Voluptate quia quos. Quaerat maxime ullam. Qui repellat qui.	10	Project	2026-05-22 10:13:35.154861	2026-01-27 11:13:35.153319	2026-05-22 10:13:35.158971	40
241	Nobis rerum est. Numquam voluptas eveniet. Nemo quia nihil. Sit voluptatem rerum. Sapiente accusamus est. Mollitia omnis id. Id quaerat quia. Enim et natus. Quia ut sit. Porro et cum. Sit ullam quia. Cupiditate voluptas voluptatum. Sint ad illum. Fugiat a nobis. Voluptatem similique quam.	10	Project	2026-05-22 10:13:35.163458	2025-10-05 10:13:35.162159	2026-05-22 10:13:35.165612	52
242	Dignissimos saepe qui. Autem voluptate molestias. Laudantium officia libero. Harum qui qui. Reprehenderit aut suscipit. Qui similique beatae. Ab magni voluptas. Qui omnis et. Qui quasi esse. Quis qui ut. Ab aperiam dolores. Qui aut sunt. Et fugiat dolor. Illo veniam incidunt. Ea ipsum ut. Est voluptas sint. Sed ipsa dicta. Ipsam quia quis. Voluptate quaerat voluptas. Debitis est at. Iusto provident veritatis. Eos ex aut. Consequuntur voluptas et. Quo quas cum.	11	Project	2026-05-22 10:13:35.204235	2026-03-20 11:13:35.20299	2026-05-22 10:13:35.206923	4
243	Repellat et et. Autem voluptatem ipsa. Aut officia repudiandae. Sit rem consectetur. Sint incidunt aut. Inventore accusantium veniam. Ut illo ipsam. Maiores magnam ut. Eveniet iure repellat. Ut ratione aperiam. Ducimus ea perspiciatis. Occaecati nemo optio. Recusandae est sint. Numquam aut et. Ipsa ducimus sapiente. Unde enim quidem. Et voluptates eos. Minus libero soluta. Deleniti odio nulla. Vero sit non. Aut eaque repellendus. Quod animi illo. Consequatur id dicta. Et perspiciatis ea.	11	Project	2026-05-22 10:13:35.212209	2025-12-28 11:13:35.209742	2026-05-22 10:13:35.214397	24
244	Sit dolores animi. Voluptatum optio fuga. Tempore enim ut. Ullam eaque maiores. Ea aut sunt. Porro accusamus nesciunt. Autem ratione ipsam. Explicabo qui quisquam. Et reiciendis officia. Explicabo sed ea. Odio consequatur perspiciatis. Aut deleniti occaecati. Fugiat nostrum excepturi. Exercitationem non quas. Rerum ut neque.	11	Project	2026-05-22 10:13:35.219277	2026-04-09 10:13:35.218318	2026-05-22 10:13:35.221403	3
245	Et perspiciatis corrupti. Ut eos dolor. Tempora autem consequuntur. Animi odit nam. Ratione dolorem fugit. Velit reprehenderit perferendis. Laboriosam sapiente enim. Dolor veniam eius. Vero dignissimos recusandae. Dicta non et. Quod deleniti dignissimos. Fugiat aperiam provident. Officia accusamus delectus. Labore esse corrupti. Et ipsum expedita. Tenetur repellendus molestias. Ut quia quidem. Inventore assumenda provident. Quo recusandae aut. Quasi consequuntur est. Culpa et porro. Quia dolorem nam. Consequuntur et ea. Ipsum animi asperiores.	12	Project	2026-05-22 10:13:35.256803	2025-09-23 10:13:35.254747	2026-05-22 10:13:35.26062	25
246	Sequi voluptatum odio. Repellendus officiis quia. Sed autem dolorem. Necessitatibus dolorem hic. Voluptatem ducimus qui. Qui ut aut. Voluptatum nobis similique. Qui molestiae ullam. Minus aliquam odit. Adipisci soluta ut. Velit necessitatibus atque. Sint non eos. Ullam voluptas autem. In aut ipsum. A aut tenetur.	12	Project	2026-05-22 10:13:35.264612	2026-02-19 11:13:35.263503	2026-05-22 10:13:35.268843	2
247	Aut voluptatibus pariatur. Vel non et. Magnam consequatur consequatur. Aspernatur omnis quia. Et ullam maxime. Nihil itaque cupiditate. Magnam quos harum. Magni eum voluptas. Unde voluptatem incidunt. Ut sint amet. Et ab quibusdam. Sit aliquid reiciendis. Suscipit in repellat. Exercitationem perferendis nostrum. Magnam voluptatem sit. Voluptatem repellat ut. Expedita fuga autem. Recusandae impedit eum.	12	Project	2026-05-22 10:13:35.27232	2025-09-16 10:13:35.271478	2026-05-22 10:13:35.275667	28
248	Ea saepe laudantium. Sunt ducimus quia. Veritatis ex numquam. Temporibus reiciendis omnis. Cupiditate eius impedit. Porro id numquam. Quasi voluptatem aut. Dolorum quos sed. Sint eius inventore. Qui quas aspernatur. Dolores ut quia. In dolorem voluptatum. Et nihil asperiores. Facere nobis nihil. Cupiditate sunt perspiciatis. Dolores accusamus adipisci. Dolorem in possimus. Qui quam expedita. Magnam voluptatem adipisci. Ab officiis nulla. Saepe corporis veniam. Et tempora aut. Et est est. Impedit iure voluptatem. Expedita facere omnis. Quam iure laudantium. Ab aliquid illum.	12	Project	2026-05-22 10:13:35.27946	2025-05-29 10:13:35.278458	2026-05-22 10:13:35.281416	44
249	Autem qui et. Voluptate dicta nam. Maiores eum repudiandae. Omnis dolorem repellat. Consequatur odit inventore. Officia non laborum. Harum accusamus laborum. Vel vitae et. Aspernatur et quia. Ratione pariatur amet. Expedita maxime enim. Alias qui autem. Velit illo voluptatum. Necessitatibus ut impedit. Animi minus exercitationem. Repudiandae eveniet qui. Reiciendis aliquam ex. Illo ad ipsa. Dolorem eveniet eos. Eum libero minus. Ipsa ipsum veritatis.	12	Project	2026-05-22 10:13:35.287728	2026-02-03 11:13:35.286659	2026-05-22 10:13:35.291398	23
250	Doloremque impedit deserunt. Nulla sequi fugit. Doloribus assumenda rerum. Ipsum voluptatem voluptatem. Et accusantium quia. Distinctio non ratione. Voluptatibus explicabo placeat. Quam doloremque minus. Illo aperiam animi. Qui deserunt nihil. Soluta et et. Corrupti voluptatum ducimus. Similique facere et. Assumenda dolor eum. Eaque nesciunt est. Reiciendis tenetur est. Voluptatem qui qui. Id nostrum ut. Suscipit nam sed. Molestiae voluptatem modi. Libero aut non. Cumque nulla beatae. Eum consequatur quaerat. Voluptate dolor nihil. Consequatur non commodi. Eius delectus ipsam. Similique aut officiis.	12	Project	2026-05-22 10:13:35.295591	2025-05-23 10:13:35.294499	2026-05-22 10:13:35.297999	27
251	Fugiat voluptate libero. Illo aut est. Sed occaecati delectus. Nobis perferendis et. Ad facere a. Deserunt neque et. Eveniet sit vel. Molestiae nemo error. Eveniet explicabo est. Omnis iste ipsum. Officiis voluptas quae. Consequatur a eligendi. Veniam perspiciatis odio. Voluptas voluptas consequatur. Non sapiente dolores.	12	Project	2026-05-22 10:13:35.305759	2025-11-03 11:13:35.30128	2026-05-22 10:13:35.312801	30
252	Nihil sit voluptatibus. Cupiditate amet sapiente. Et animi quod. Aut ipsum dolor. Consequatur doloribus et. Ipsam natus quis. Quidem accusamus impedit. Voluptatem rerum reprehenderit. Aut maxime alias. Veniam quis ut. Aliquam consequatur voluptas. Voluptas aut ducimus. Qui molestiae eum. Quaerat culpa est. Animi provident quibusdam. Doloribus neque sequi. Quasi ullam exercitationem. Omnis earum cumque. Qui iusto ut. Reprehenderit earum voluptatum. Sequi error et.	12	Project	2026-05-22 10:13:35.317478	2025-10-20 10:13:35.316366	2026-05-22 10:13:35.320438	4
253	A et facere. Ipsam sint voluptatem. Voluptas harum repellendus. Error itaque dolor. Laboriosam quia ut. Reprehenderit placeat velit. Qui molestiae sint. Est asperiores impedit. Dolor et corrupti. Nulla sint nostrum. Ex natus est. Quos molestiae perferendis. Eligendi omnis nam. Omnis et et. Repellat et quibusdam. Sit iusto veritatis. Dolor cupiditate ut. Fuga dolorem dignissimos. Et praesentium expedita. Labore qui accusantium. Aut sapiente mollitia. Mollitia voluptas quia. Quos natus eos. Architecto perspiciatis aut.	12	Project	2026-05-22 10:13:35.324915	2026-02-06 11:13:35.323569	2026-05-22 10:13:35.328183	34
254	Impedit aut aspernatur. Omnis quia quisquam. Laborum blanditiis necessitatibus. Sint nulla vel. Cumque eum ipsam. Minus et omnis. Dolores recusandae omnis. Fugiat aut culpa. Eaque in eum. Sed voluptate at. Aliquid eligendi cumque. Dolorem vel eos. Magnam ipsam amet. Voluptatem voluptatibus et. Iure quasi id.	13	Project	2026-05-22 10:13:35.367905	2025-10-24 10:13:35.366539	2026-05-22 10:13:35.371223	23
255	Tempore autem rerum. Nihil blanditiis autem. Accusamus aut quod. Ipsum quidem blanditiis. Et sapiente accusamus. Ut unde laboriosam. Iste aut culpa. Eligendi hic enim. Sit error amet. Sunt quo dolorum. Sed molestias nihil. Est sed non. Optio suscipit soluta. Maiores vitae laborum. Eos officiis natus. Ut voluptatibus nisi. Porro quam nemo. Facere voluptas mollitia. Numquam ipsum labore. Nemo in ut. Facilis neque expedita. Et omnis necessitatibus. Eligendi voluptas perspiciatis. Rerum numquam placeat. Doloremque ut officiis. Vel cupiditate tempore. In nihil a.	13	Project	2026-05-22 10:13:35.376078	2025-08-19 10:13:35.374684	2026-05-22 10:13:35.379438	13
256	Aut pariatur animi. Et facilis provident. Dolor quia nostrum. Tempora incidunt accusamus. Sunt et deserunt. Eum eligendi occaecati. Laudantium aperiam dolorem. Voluptas magni molestiae. Doloribus est eius. Rerum et et. Officia voluptas et. Quidem soluta commodi.	13	Project	2026-05-22 10:13:35.384	2025-07-29 10:13:35.382832	2026-05-22 10:13:35.386281	49
257	Itaque officia et. Rem magnam tempore. Dolor enim eum. Eos enim consequatur. Tenetur suscipit ipsum. Quaerat deserunt distinctio. Aperiam id sunt. Id quo id. Eligendi voluptas et. Voluptatum nam commodi. Dolorem quibusdam dolores. Qui doloremque voluptatum. Est saepe ad. Dolorum sint quisquam. Qui labore voluptas. Consectetur voluptatem veritatis. Doloremque quasi qui. Est cumque sed. Ratione et qui. Vero aut asperiores. Cupiditate soluta et. Alias odio qui. Molestias adipisci dolores. Nobis sed fuga.	13	Project	2026-05-22 10:13:35.391259	2025-08-11 10:13:35.389967	2026-05-22 10:13:35.394251	27
258	Dolorem excepturi deleniti. Reiciendis possimus voluptatum. Est ad alias. Quia in fugiat. Esse qui et. Alias eligendi sed. Quaerat ut quae. Eum ea ut. Laboriosam dolore nihil. Corporis omnis iusto. Amet nisi soluta. Numquam voluptates quia. Odio illum odit. Animi eos repellendus. Dolor perferendis omnis. Non omnis eligendi. Voluptate vero eaque. Tempora non ratione. Quo aspernatur pariatur. Voluptas quia quam. Totam officiis velit. Dolore modi ad. Nemo est ratione. Saepe voluptates cupiditate. Ducimus incidunt amet. Omnis quibusdam reiciendis. Quae distinctio corrupti.	13	Project	2026-05-22 10:13:35.399527	2025-07-06 10:13:35.398143	2026-05-22 10:13:35.401839	7
259	Et consequatur itaque. Fuga numquam cum. Beatae rerum voluptatem. Magni explicabo quae. Quasi eius asperiores. Laborum aliquam et. Veniam consequatur provident. Occaecati harum ullam. Neque impedit qui. Aliquam et possimus. Recusandae nesciunt voluptates. Aut optio iusto. Et veniam est. Reiciendis amet ut. Et porro libero. Officia dolores quod. Et occaecati iste. Aut et earum. Atque voluptatem ut. Aliquam quibusdam accusantium. Id nihil consequatur. Vel eius unde. Dolor cumque laborum. Molestiae eos illum. Ratione reiciendis cum. Deserunt consectetur eos. Est aut quisquam.	13	Project	2026-05-22 10:13:35.407104	2025-08-19 10:13:35.405608	2026-05-22 10:13:35.411037	45
260	Doloremque quae nostrum. Hic quas sapiente. Consequatur neque enim. Aut perferendis ipsum. Magnam repudiandae ut. Voluptate libero qui. Officiis id ut. Et corporis cum. Eum voluptas dolores. Eius in laboriosam. Laboriosam consequuntur vero. Facilis molestiae voluptas.	13	Project	2026-05-22 10:13:35.415283	2025-07-25 10:13:35.413874	2026-05-22 10:13:35.417701	40
261	Eum velit dolorem. Voluptates doloremque nam. Autem ea ratione. Fugit est laborum. Itaque alias voluptatem. Et natus unde. Sed veritatis ut. Ut odio natus. Unde et et. Officiis amet atque. Placeat ad similique. Placeat eius ab. Minus consequatur laudantium. Vel perspiciatis quia. Voluptas excepturi id. Architecto rerum est. Aut et aut. Odio voluptatem et. Quia et possimus. Est ullam culpa. Earum sequi voluptas. Quia molestiae et. Quae et et. Reiciendis voluptatibus nisi.	14	Project	2026-05-22 10:13:35.457112	2025-06-21 10:13:35.4546	2026-05-22 10:13:35.46054	7
262	Rerum eos amet. Voluptatem perferendis sit. Quasi ad eligendi. Quaerat sapiente illum. Ducimus tenetur itaque. Sed totam consequatur. Sint dolorem est. Deleniti adipisci dolor. Optio eius et. Ducimus est autem. Possimus magni est. Ut exercitationem aperiam. Fuga consequuntur nam. Odio qui consequatur. Placeat id expedita. Illo eaque temporibus. Aliquid quisquam consequatur. Necessitatibus quas voluptates.	14	Project	2026-05-22 10:13:35.465047	2026-03-24 11:13:35.463931	2026-05-22 10:13:35.467857	10
263	Consequatur repudiandae maiores. Sit ut quod. Ab veniam tempora. Fugiat ex aliquam. Incidunt fugit cum. Cum dolorem veniam. At unde id. Qui dolorum autem. Perferendis recusandae quaerat. Non eligendi occaecati. Quaerat veritatis alias. Praesentium facilis quia. Necessitatibus suscipit dolorem. Facilis quis doloremque. Qui culpa cumque.	14	Project	2026-05-22 10:13:35.471613	2026-04-28 10:13:35.470394	2026-05-22 10:13:35.477834	43
264	Id fugiat atque. Consequatur eveniet necessitatibus. Consequatur illo eum. Quae voluptas nostrum. Est blanditiis nihil. Officiis nisi recusandae. Nam rem voluptas. Tenetur sit minus. Est est fugit. Qui est aliquid. Fugiat totam autem. Libero possimus quis.	14	Project	2026-05-22 10:13:35.482202	2025-06-02 10:13:35.480956	2026-05-22 10:13:35.485206	20
265	Saepe reprehenderit magnam. Ut maxime officiis. Fuga optio nisi. Omnis qui deserunt. Sapiente sunt vero. Enim quisquam ut. Sunt voluptatem sed. Commodi et qui. Sapiente quis dignissimos. Provident tempore perferendis. Praesentium veritatis aut. Eum incidunt eveniet.	14	Project	2026-05-22 10:13:35.489001	2026-04-21 10:13:35.487835	2026-05-22 10:13:35.492565	18
266	Rerum nulla vel. Sed sint doloremque. Autem quae distinctio. Maxime ut quam. Qui ut est. Iusto modi perspiciatis. Quo quas explicabo. Iure aut enim. Est harum molestiae. Molestiae voluptas eum. Aliquam mollitia consequatur. Laborum beatae molestiae. Rerum corporis consequatur. Dolore voluptatem harum. Numquam qui rerum. Cupiditate voluptatem accusamus. Tempora ex dolorum. Quas accusantium porro. Provident aliquid vel. Hic autem ut. Quisquam quo delectus. Ipsum qui asperiores. Sed rerum provident. Qui vel adipisci.	14	Project	2026-05-22 10:13:35.497642	2026-04-18 10:13:35.496413	2026-05-22 10:13:35.500543	26
267	Vel ratione molestias. Quae dolor porro. Ratione sint dolores. Doloribus sed dicta. Non aut repellendus. Molestiae iste pariatur. Dolor deserunt autem. Ab est culpa. Qui aliquam et. Aut minus assumenda. In qui molestias. Molestias enim odit. Voluptate qui omnis. Ut rerum quia. Aut nihil aspernatur.	14	Project	2026-05-22 10:13:35.50532	2026-04-13 10:13:35.503553	2026-05-22 10:13:35.517107	47
268	Atque qui eveniet. Omnis aut deleniti. Et est enim. Reprehenderit exercitationem placeat. Beatae iure est. Exercitationem harum eligendi. Ipsam quis delectus. Ut sint blanditiis. Et aut nam. Eligendi nihil nulla. Ut officiis autem. Deleniti molestias cupiditate. Ullam inventore cumque. Nemo molestiae placeat. Rerum placeat non. Perspiciatis voluptatibus saepe. Fuga nobis possimus. Magni animi earum. Dolores unde maiores. Officiis iusto quaerat. Quaerat quis eaque. Sint et minima. Autem animi qui. Fuga accusamus nam.	14	Project	2026-05-22 10:13:35.530968	2026-04-30 10:13:35.529435	2026-05-22 10:13:35.533488	12
269	Libero tempore culpa. Itaque sint molestiae. Aut odit eius. Dolor atque non. Sed consequatur vel. Nobis illo voluptatum. Repellat alias nobis. Nobis a sed. Reprehenderit architecto molestias. Aspernatur incidunt dolores. Fugit iure qui. Aut omnis quis. Natus deserunt ut. Expedita possimus fugiat. Ut mollitia incidunt. Blanditiis vel voluptatum. Omnis exercitationem pariatur. Officia ducimus sequi.	14	Project	2026-05-22 10:13:35.537316	2026-02-18 11:13:35.536192	2026-05-22 10:13:35.540564	19
270	Dignissimos quia aut. Impedit tempora deserunt. Ab eum libero. Aut est excepturi. Architecto dolor alias. Et enim quis. Qui voluptatibus at. Doloribus ut fugit. Provident illum ab. Ad quos repellendus. Ratione consectetur beatae. Quia magni corrupti. Sit dolores voluptates. Qui rerum ratione. Fugiat est minima. Accusamus dolorum possimus. Quasi in a. Ut numquam eum. Perspiciatis in quo. Minus pariatur mollitia. Beatae dolor quasi. Sint accusamus asperiores. Dignissimos autem et. Et id quis. Incidunt placeat dolores. Eligendi odio eos. Sunt sunt a.	14	Project	2026-05-22 10:13:35.55068	2025-10-04 10:13:35.548251	2026-05-22 10:13:35.553406	54
271	Sed excepturi rerum. Commodi eum soluta. Placeat sint tenetur. Maxime repudiandae non. Sed iste consequatur. Sit adipisci ex. Dolorem suscipit animi. Explicabo facere voluptas. Enim minima sed. Laborum tempore distinctio. Modi voluptatem culpa. Voluptatem eum molestias. Consequatur fugiat ut. Quis eum ipsa. Totam eos quo.	14	Project	2026-05-22 10:13:35.561587	2025-12-04 11:13:35.557838	2026-05-22 10:13:35.568795	25
272	Et consequatur minima. Expedita explicabo aut. Maxime quia in. Debitis nulla necessitatibus. Totam ea enim. Autem molestiae aut. Eum vitae illum. Atque non sint. Illum ratione amet. Sequi inventore et. Et ratione perspiciatis. Veritatis dignissimos autem. Ipsa nemo placeat. Vel magni et. Et facere rerum. Sint tenetur quis. Ex quia corporis. Deleniti ut eos. Reiciendis beatae est. Libero eius accusantium. Vel ex similique.	14	Project	2026-05-22 10:13:35.578785	2025-08-27 10:13:35.57633	2026-05-22 10:13:35.584439	9
273	Officiis natus distinctio. Et id quidem. Laboriosam impedit delectus. Aut distinctio velit. Qui facere non. Neque maxime non. Aut dolorum ut. Alias quia quia. Culpa et dolorem. Voluptatem libero natus. Sit minus et. Voluptatem omnis occaecati. Omnis quia quia. Illo sint error. Asperiores nisi magnam. Exercitationem sed qui. Aut autem fugiat. Eaque sequi et. Qui voluptas quas. Officia sed minima. Quia aut architecto. Expedita culpa voluptas. Expedita ab est. Vitae sint sint.	15	Project	2026-05-22 10:13:35.682315	2025-08-21 10:13:35.674208	2026-05-22 10:13:35.686766	16
274	Tempore et consequatur. Modi inventore libero. Facere rerum et. Dicta eum eos. Rem modi officiis. Voluptas dolor omnis. Vitae quasi deserunt. Animi quis aperiam. Voluptatem illo eum. Placeat voluptas sed. Officia cumque voluptatibus. Et et libero. Temporibus voluptas voluptas. Eos reiciendis culpa. Nesciunt dicta ut. Illo quibusdam earum. Eius et quibusdam. Quod fuga saepe. Unde saepe velit. Aliquid dolores asperiores. Laborum asperiores ut.	15	Project	2026-05-22 10:13:35.697809	2026-04-13 10:13:35.691535	2026-05-22 10:13:35.701269	24
275	Id perspiciatis rerum. Laudantium fugit sit. Rerum assumenda consequuntur. Molestiae nulla itaque. Non aut ab. Recusandae reiciendis est. Sint voluptas dolorum. Cumque eligendi incidunt. Qui ipsa eaque. Voluptatibus voluptatem similique. Illum dolore accusantium. Minus omnis mollitia. Ex quidem qui. Et quo blanditiis. Ut eveniet voluptatem. Consequuntur ut dolores. Distinctio explicabo reprehenderit. Voluptates accusantium enim. Accusamus voluptates sed. Dignissimos cum placeat. Accusantium veritatis ex. Eum nemo non. Dolor sed et. Repellendus sunt voluptatem.	15	Project	2026-05-22 10:13:35.714127	2025-07-19 10:13:35.70561	2026-05-22 10:13:35.720361	19
276	Unde est ut. Sunt qui impedit. Exercitationem architecto suscipit. Voluptate vero dolorem. Cum assumenda qui. Voluptas ratione sit. Explicabo sed perspiciatis. Cupiditate illum est. Aspernatur est repudiandae. Perspiciatis aut doloremque. Neque ut suscipit. Aperiam velit asperiores. Hic dolores sit. Labore distinctio tempora. Sed velit neque. Quisquam non ea. Cum aut iure. Fuga temporibus qui.	15	Project	2026-05-22 10:13:35.734852	2026-03-01 11:13:35.733247	2026-05-22 10:13:35.737076	38
277	Laborum suscipit voluptatem. Deleniti ut ipsa. Exercitationem provident error. Libero nemo mollitia. Dolor illo explicabo. Sed blanditiis voluptates. Optio doloribus expedita. Esse suscipit et. Porro est repellendus. Eveniet quis vel. Distinctio sint a. Repudiandae quia reiciendis. Dolorem ut porro. Consequatur modi rerum. Id voluptatem impedit. Temporibus placeat omnis. Omnis quisquam reiciendis. Magni perspiciatis asperiores. Placeat autem ut. Nemo et asperiores. Provident doloremque in. Temporibus necessitatibus vel. Aut temporibus reiciendis. Quae enim quibusdam.	15	Project	2026-05-22 10:13:35.751404	2025-07-21 10:13:35.749825	2026-05-22 10:13:35.754965	48
278	Fuga reiciendis voluptatem. Deserunt libero ut. Necessitatibus delectus fugiat. Reiciendis sit atque. Recusandae cumque facilis. Quis fugit ut. In qui veniam. Eos delectus dolorem. Eos expedita deserunt. Quo est sunt. Voluptatem et aut. Officia vitae nihil.	15	Project	2026-05-22 10:13:35.760704	2025-11-28 11:13:35.758176	2026-05-22 10:13:35.763696	29
279	Ut est possimus. Sit delectus dolores. Architecto in aspernatur. Voluptatibus impedit quo. Quia rerum magnam. Voluptas vel est. Reprehenderit ut illum. Qui est architecto. Nisi id mollitia. Dolorum ex et. Dolor et magni. Delectus in id. Beatae placeat amet. Et ex aut. Quas voluptatem nihil. Officia dolores aut. Ut ut qui. Non corporis aut. Explicabo iure ut. Qui laudantium facere. Deserunt ut quos.	15	Project	2026-05-22 10:13:35.769059	2025-08-29 10:13:35.76766	2026-05-22 10:13:35.772631	45
280	Vel deserunt facilis. Facilis fuga odit. Sed distinctio consequuntur. Non et quaerat. Sed quod explicabo. Nulla quas minus. Sapiente sed itaque. Maiores natus necessitatibus. Nihil aut iure. Autem repudiandae qui. Dolores totam mollitia. Dolore vero sed.	15	Project	2026-05-22 10:13:35.777475	2025-10-21 10:13:35.775902	2026-05-22 10:13:35.782806	21
281	Nihil omnis et. Maxime non possimus. Unde aut sit. Facere voluptate aliquam. Sit necessitatibus perferendis. Expedita et omnis. Ab dolore soluta. Aliquid vel hic. Ut ipsam deleniti. Corrupti occaecati molestiae. Voluptatem qui voluptatum. Et nihil aspernatur. Expedita quisquam nemo. Voluptates eos numquam. Quis ipsum architecto. Non dolor atque. Excepturi eos dolorem. Ducimus consequuntur facilis. Quia adipisci provident. Accusamus qui autem. Deserunt natus qui.	15	Project	2026-05-22 10:13:35.78752	2025-08-04 10:13:35.786241	2026-05-22 10:13:35.796286	8
282	Qui beatae quo. Sint blanditiis nulla. Alias et quas. Aperiam tempore ea. Ut inventore totam. Dolores voluptate voluptatem. Molestiae aut autem. Rerum quas qui. Et aperiam est. Provident animi architecto. Quam praesentium enim. Est illo voluptates. Mollitia ipsa ullam. Dolore iure ab. Placeat officia repellat. Repellendus odio recusandae. Quis commodi neque. Voluptatum molestiae porro. Atque consectetur omnis. Et recusandae adipisci. Nisi at sit. Autem modi corrupti. Aut ut enim. Totam eaque sint.	15	Project	2026-05-22 10:13:35.801123	2025-10-14 10:13:35.799715	2026-05-22 10:13:35.803276	10
283	Sapiente et corrupti. Odio consequatur aut. Dolorum dolores ut. Minima ipsam molestiae. Dolor nesciunt fugit. Nihil consequatur necessitatibus. Ut harum corrupti. Qui cupiditate quia. Delectus aut quisquam. Rem enim aliquam. Totam quo mollitia. Eius inventore optio. Quisquam pariatur molestiae. Labore id non. Soluta architecto enim.	15	Project	2026-05-22 10:13:35.807538	2025-06-12 10:13:35.806282	2026-05-22 10:13:35.811297	30
284	Quos itaque et. Minus alias quae. Deserunt quia voluptatem. Corporis minus quibusdam. Id quia est. Ut debitis totam. Molestiae unde dolorem. Rem beatae inventore. Dolor eligendi beatae. Nostrum aut possimus. Mollitia provident minus. Mollitia odio ut.	15	Project	2026-05-22 10:13:35.815483	2025-06-10 10:13:35.814365	2026-05-22 10:13:35.819778	12
285	Illo labore consequuntur. Asperiores dolores debitis. Et quis consequatur. Quaerat saepe nemo. Temporibus ipsam sit. Recusandae consequatur et. Qui sed porro. Natus nulla voluptatem. Vel id non. Sint quae omnis. Qui nihil adipisci. Deleniti at aut. Molestiae voluptatem assumenda. Est modi sint. A sit quam. Inventore recusandae est. Quia sit quasi. Consectetur ut pariatur. Est quas et. Illum veniam laboriosam. Ut dolores dolor.	15	Project	2026-05-22 10:13:35.832152	2025-11-15 11:13:35.822737	2026-05-22 10:13:35.8366	17
286	Eaque sed a. Saepe dolore voluptatibus. Quis rerum ad. Accusantium at nulla. Velit non iste. Est odio nulla. Recusandae temporibus maxime. Et ab et. Est dolorem blanditiis. Explicabo reprehenderit perspiciatis. Quia dolores consequatur. Deleniti delectus fuga. Eligendi voluptas soluta. Illum sunt aperiam. Modi possimus rem.	15	Project	2026-05-22 10:13:35.849889	2025-08-21 10:13:35.840158	2026-05-22 10:13:35.853521	6
287	Hic itaque voluptas. Quos recusandae voluptas. Dignissimos dolorem atque. Quis magni odit. Voluptates eum pariatur. Sed corporis veritatis. Vitae fuga explicabo. Ea fugiat repellendus. Est necessitatibus reiciendis. Aut explicabo at. Et atque quia. Ut facilis sed. Veniam eos asperiores. Beatae quia perferendis. Consectetur at dolorum. Possimus voluptatem sit. Quidem commodi est. Quis laborum sed. Aut ipsa asperiores. Ut ducimus molestias. Amet repudiandae ipsa.	16	Project	2026-05-22 10:13:35.911696	2025-12-13 11:13:35.905764	2026-05-22 10:13:35.915623	3
288	Non est aspernatur. Quam a ratione. Dignissimos eos incidunt. Animi occaecati voluptatem. Iusto ut dolore. Dolorum dolore facilis. Dolores sed quia. Quidem praesentium velit. Tenetur sed accusantium. Odit recusandae nesciunt. Est animi illum. Optio est quas. Magnam cum reprehenderit. Eius tenetur quaerat. Quos et autem. Cupiditate a et. Ratione porro unde. Fugiat voluptates aut. Sit est necessitatibus. Sequi rerum est. Ut quia quis.	16	Project	2026-05-22 10:13:35.921414	2025-10-03 10:13:35.91974	2026-05-22 10:13:35.931495	5
289	Id magni facilis. Veniam ut autem. Aut fugiat eveniet. Aut quo maxime. Consequatur possimus repudiandae. Ratione laudantium sapiente. Rem laudantium repellat. Laborum ratione similique. Enim tempora quaerat. Quia eaque reiciendis. Et quae quaerat. Quo sint odio.	16	Project	2026-05-22 10:13:35.935771	2025-06-22 10:13:35.934672	2026-05-22 10:13:35.937866	1
290	Voluptatem iusto sit. Illo non alias. Ipsum est aut. In a atque. Dolor et doloremque. Ut est rem. Et illo amet. Esse eaque reprehenderit. Quas occaecati necessitatibus. Quaerat voluptatem labore. Autem illum tenetur. Consequatur ex maiores. Officiis debitis at. Id rerum aliquam. Occaecati repellat qui.	16	Project	2026-05-22 10:13:35.948511	2025-11-11 11:13:35.940802	2026-05-22 10:13:35.951594	3
291	Distinctio et sed. Aut commodi occaecati. Voluptates reiciendis harum. Tempora et voluptatem. Ipsum voluptatibus id. Quia sint libero. Eveniet aut quo. Qui provident culpa. Dolore tempora earum. Occaecati culpa error. Deserunt expedita aut. Qui sit perferendis. Repellendus eaque aut. Omnis aut in. Deserunt dolorem voluptas. Necessitatibus nihil consequatur. Quam est sunt. Dolor delectus sit. Ut deserunt sequi. Ad facilis sapiente. Consectetur ea autem.	16	Project	2026-05-22 10:13:35.955952	2025-09-20 10:13:35.954777	2026-05-22 10:13:35.967685	19
292	Dolorem saepe debitis. Est quisquam tempora. Natus totam aperiam. Omnis ea quia. Expedita ullam assumenda. Nihil est aspernatur. Mollitia sint labore. Ut sit rerum. Cum eos consequuntur. Eos maxime voluptas. Libero voluptatum est. Maiores autem ut. Tempora eum deserunt. Sunt fugiat dicta. Dolorem nostrum accusamus. Tenetur quos et. Sapiente provident dignissimos. Illum pariatur qui.	16	Project	2026-05-22 10:13:35.972671	2025-12-03 11:13:35.971495	2026-05-22 10:13:35.976491	8
293	Culpa facere consectetur. Nemo odio dolorem. Necessitatibus aliquam alias. Est voluptatem officiis. In voluptas veniam. Reiciendis officia veniam. Ipsam illum voluptas. Delectus maxime sit. Perferendis enim nulla. Dolor necessitatibus facere. Et veniam vero. Praesentium esse possimus.	16	Project	2026-05-22 10:13:35.980347	2025-12-28 11:13:35.978922	2026-05-22 10:13:35.983592	21
294	Voluptas alias veniam. Voluptatem quaerat vel. Ipsum natus vero. Et sit enim. Suscipit aperiam et. Qui in illo. Facere quia voluptatem. Est sapiente tempore. Ut quia cum. Et enim possimus. Veritatis necessitatibus odio. Voluptatem est qui.	16	Project	2026-05-22 10:13:35.987729	2025-06-09 10:13:35.986647	2026-05-22 10:13:35.990898	47
295	Aut blanditiis aperiam. Odio iure similique. Ipsa eum autem. Aut voluptatem occaecati. Corrupti maxime sint. Sed voluptatem molestiae. Nisi magnam labore. Odit doloremque expedita. Exercitationem distinctio minima. Ad consequatur non. Molestiae dolorem deleniti. Neque sed voluptatibus. Nobis sapiente ipsa. Accusamus praesentium ipsam. Suscipit quaerat et.	17	Project	2026-05-22 10:13:36.043297	2025-07-14 10:13:36.041126	2026-05-22 10:13:36.046803	30
296	Consectetur quidem soluta. Voluptatem earum facere. Ut at quae. Deleniti qui nihil. Accusamus qui quas. Illo voluptatem ea. Facilis voluptate odio. Vel qui aut. Magnam exercitationem quo. Est et quidem. Assumenda et sed. Explicabo et laudantium. Sequi ab dolor. Omnis nihil magni. Veniam facere accusantium.	17	Project	2026-05-22 10:13:36.051526	2026-03-07 11:13:36.049796	2026-05-22 10:13:36.053932	40
297	Ratione perspiciatis aliquid. Laboriosam cupiditate dicta. Inventore magni tempora. Dolores distinctio nemo. Aut excepturi et. Debitis error itaque. Autem illo harum. Natus voluptas et. Ullam autem nesciunt. Tempore fugiat ducimus. Ab mollitia impedit. Qui nemo illo. Occaecati aut eius. Quia sequi totam. Voluptatem veniam sit.	17	Project	2026-05-22 10:13:36.06521	2025-12-28 11:13:36.056898	2026-05-22 10:13:36.070615	47
298	Assumenda iste sed. Impedit non ut. Culpa recusandae quam. Molestias est quos. Fugit at vel. Sunt iste occaecati. Ipsum harum eligendi. Aut et quis. Aut doloremque sunt. Ut est sit. Deleniti quisquam quam. Sapiente ea itaque.	17	Project	2026-05-22 10:13:36.078358	2025-10-29 11:13:36.073498	2026-05-22 10:13:36.081553	10
299	Itaque et temporibus. Quis et et. Doloremque est recusandae. Saepe labore praesentium. Iure praesentium consectetur. Nesciunt sunt eos. Quaerat doloremque et. A eaque earum. Omnis consequatur ducimus. Dolores adipisci doloribus. Vel enim illum. Quasi alias libero. Aspernatur iste aut. Eos et labore. Consequatur pariatur quasi. Omnis et tenetur. Accusantium repellat incidunt. Ut tempora sapiente. Est magnam et. Atque quas non. Eum mollitia aut. Veniam voluptatem in. Rerum eaque nam. Adipisci amet modi.	17	Project	2026-05-22 10:13:36.088012	2025-10-14 10:13:36.086671	2026-05-22 10:13:36.097105	3
300	Velit tempora quae. Eaque magni minima. Nisi illum reprehenderit. Eum quasi voluptate. Quibusdam quo sit. Dolor consequatur amet. Officiis et voluptates. Et eos dolorem. Et qui veritatis. Qui voluptatem ut. Rerum sit dolorem. Doloremque quia odio. Quod eos perferendis. Maiores libero soluta. Unde mollitia qui. Repellat ipsum enim. Sapiente quaerat et. Nihil et reiciendis.	17	Project	2026-05-22 10:13:36.103664	2025-10-31 11:13:36.102064	2026-05-22 10:13:36.113765	11
301	Rerum deleniti beatae. Et minima suscipit. Ea id dolorum. Neque ea omnis. Aspernatur rerum quis. Aut dolores exercitationem. Quam animi libero. Et perspiciatis velit. Dolorem quam aut. Non suscipit laborum. Rerum vel magnam. Itaque accusamus dignissimos. Quae aut magni. Vel velit omnis. Et et praesentium. Magni adipisci illo. Inventore consequatur earum. Modi exercitationem sed.	17	Project	2026-05-22 10:13:36.119934	2025-12-04 11:13:36.118519	2026-05-22 10:13:36.126758	4
302	Nobis et explicabo. Vero voluptas veritatis. Amet molestias ipsam. Et rerum sit. Inventore ullam reprehenderit. Quas culpa quo. Illum quo omnis. In id quisquam. Possimus maiores maxime. Nostrum ducimus sit. Ea quia cupiditate. Explicabo assumenda voluptatem. Rem corporis consectetur. Exercitationem dolorem nesciunt. Laudantium necessitatibus voluptatem. Recusandae hic et. Id est nisi. Id vel ea. Eum iste itaque. Nemo facilis id. Sed at quaerat.	17	Project	2026-05-22 10:13:36.137919	2025-12-22 11:13:36.131342	2026-05-22 10:13:36.147194	33
303	Est fuga harum. Eum nihil quia. Dolores ea quas. In reprehenderit voluptatum. Minima debitis dolores. Incidunt at aut. Consequatur in suscipit. Rerum at animi. Soluta est non. Mollitia itaque et. In aut omnis. Perferendis sit placeat. Quo esse enim. Et modi et. Velit quia voluptatem. Deleniti dolores qui. In velit aut. Illum sint esse. Repellendus quia at. Totam sunt qui. Est fuga eaque. Aut enim dolores. Voluptas dolorem nisi. Sunt rerum qui. Laboriosam sapiente id. Nam rerum repellat. Voluptas nisi maxime.	19	Project	2026-05-22 10:13:36.235294	2025-06-22 10:13:36.23393	2026-05-22 10:13:36.237811	19
304	Nulla laborum quisquam. Error autem esse. Doloremque quidem sint. Blanditiis exercitationem aliquam. Ullam accusamus iste. Et temporibus ut. Cum consectetur dolores. Vel non tenetur. Ducimus eveniet esse. Quae ea id. Dolore est quis. Ullam beatae quaerat. Corrupti id iusto. Rerum veniam mollitia. Consequuntur minus dolorem.	19	Project	2026-05-22 10:13:36.243294	2025-10-13 10:13:36.241172	2026-05-22 10:13:36.247504	25
320	Ea quasi voluptatem. Amet consequuntur et. Quo vero modi. Eveniet esse ut. Fugit quas beatae. Sequi ut nihil. Unde natus ullam. Voluptatem repellat aut. Ducimus qui aut. Dicta et eum. Qui exercitationem reiciendis. Odio similique culpa. Pariatur necessitatibus quis. Eveniet adipisci qui. Vitae et voluptatibus. Recusandae iste mollitia. Ex nobis quibusdam. Explicabo temporibus mollitia.	22	Project	2026-05-22 10:13:36.504192	2025-05-30 10:13:36.503085	2026-05-22 10:13:36.507011	16
305	Itaque ad laboriosam. Reiciendis est laudantium. Excepturi dolore voluptas. Porro eaque labore. Optio tempore labore. Ut aut esse. Est dolores tempore. Sint vel consequatur. Consequatur ea reprehenderit. Aliquid totam tenetur. Sunt porro culpa. Optio ex officia. Ducimus laboriosam consequuntur. Cumque eius asperiores. Et eius dolore. Ea eaque veritatis. Perspiciatis aut quisquam. Odit minima maxime. Qui unde aliquam. Error aut sit. Animi aliquam corrupti. Ducimus consequuntur tempora. Expedita quam aut. Rerum labore asperiores.	19	Project	2026-05-22 10:13:36.252388	2026-02-12 11:13:36.251015	2026-05-22 10:13:36.254872	4
306	Architecto eos excepturi. Unde qui iste. Quis qui assumenda. Consequatur quas repudiandae. Vero neque corrupti. Voluptatem recusandae porro. Doloribus qui assumenda. Commodi inventore eveniet. Atque doloremque nisi. Esse sit laudantium. Deleniti quidem dicta. Et blanditiis eius. Quia repellendus in. Repellat optio totam. Cumque voluptatem et. Veritatis est fugit. Voluptatum beatae adipisci. Est corporis voluptatem. Eaque qui quis. Perspiciatis fuga eveniet. Voluptas libero quasi. Qui facere illo. Qui veniam ut. Vel beatae qui. Eos a velit. Sit molestias eos. Voluptas et et.	19	Project	2026-05-22 10:13:36.273971	2026-04-23 10:13:36.25785	2026-05-22 10:13:36.277907	39
307	Quos cum inventore. Et aut nostrum. Ut autem quia. In cumque eveniet. Quae doloribus dolorum. Facere repudiandae omnis. Nulla modi quasi. Harum possimus quaerat. Voluptatem libero eum. Non mollitia incidunt. Ipsa ipsum et. Qui accusantium sit. Nihil exercitationem molestiae. Voluptas delectus qui. Error dicta qui. Ea esse labore. Commodi et fuga. Molestiae explicabo natus. Ab asperiores aut. Sunt consectetur perspiciatis. Maxime omnis veniam. Nam voluptatem voluptas. Voluptas autem iure. Minima dolorum consequatur.	19	Project	2026-05-22 10:13:36.283136	2025-08-27 10:13:36.281146	2026-05-22 10:13:36.285818	44
308	In assumenda porro. Rerum iusto distinctio. Consequatur labore sunt. Sed non assumenda. In qui et. Dolor ratione placeat. Ut qui officia. Est dolores qui. Nesciunt excepturi vel. Eius aut sit. Sit asperiores omnis. Rerum omnis ducimus. Saepe occaecati ducimus. Et nostrum ut. Quam nobis iste.	19	Project	2026-05-22 10:13:36.296639	2026-01-24 11:13:36.28863	2026-05-22 10:13:36.29951	31
309	Voluptatem debitis rerum. Ut voluptatem laudantium. Quis et sit. Et quod et. Libero illo officia. Id voluptas distinctio. Quasi culpa maxime. Ducimus ut dolorem. Illum repellat expedita. Provident est molestiae. Nesciunt at quis. Debitis eum voluptate. Quaerat commodi voluptas. Dolorem reprehenderit incidunt. Facilis amet fuga. Est quod eveniet. Enim doloribus aut. Modi numquam aspernatur. Voluptatem est quia. Officiis ad tenetur. Officiis est iste. Amet repudiandae et. Dolorum assumenda voluptatem. Alias voluptatum voluptatem. Nihil quo sequi. Similique quisquam ullam. Ipsa corrupti eaque.	19	Project	2026-05-22 10:13:36.30361	2025-09-21 10:13:36.302428	2026-05-22 10:13:36.305951	11
310	Aliquam quia et. Quia vel et. Hic dolorem et. Rerum ab fugit. Omnis hic distinctio. Ut deleniti necessitatibus. Laudantium culpa enim. Eligendi illum sint. Natus beatae suscipit. Id eaque et. Nemo ab delectus. Voluptas dolorum corrupti. Officiis consequatur repudiandae. Cum voluptatum voluptatem. Voluptatem adipisci occaecati.	19	Project	2026-05-22 10:13:36.316375	2025-07-11 10:13:36.314976	2026-05-22 10:13:36.318688	51
311	Aliquam maxime ad. Quisquam est qui. Temporibus quaerat dolores. Praesentium atque voluptas. In blanditiis quam. Magnam mollitia voluptatibus. Nostrum tenetur voluptas. Quis repellendus vero. Perferendis dolores totam. Laboriosam numquam aut. Quam sint laborum. Dicta minima quis. Aliquam quo culpa. Id non sit. Deleniti officiis dicta. Corrupti reiciendis vero. Quia et error. Id libero magnam. Maiores ducimus aspernatur. Sint libero id. Aut reprehenderit minima. Odit quo molestias. Cumque et odio. Quaerat iusto iure. Iure animi quaerat. Exercitationem deleniti autem. Ipsum facilis ut.	19	Project	2026-05-22 10:13:36.329031	2026-01-06 11:13:36.32196	2026-05-22 10:13:36.332359	41
312	Incidunt eveniet culpa. Aut sed adipisci. Omnis occaecati laborum. Recusandae unde harum. Dignissimos tempora ea. Quis autem nam. Et ut totam. Ducimus pariatur quas. Fugiat inventore voluptas. Rerum atque accusantium. Et dolorem ducimus. Non aspernatur libero.	20	Project	2026-05-22 10:13:36.367852	2025-08-25 10:13:36.366587	2026-05-22 10:13:36.370877	28
313	Quod dolores quas. Doloremque pariatur odio. Sit similique molestias. Cum quae accusantium. Ut nulla id. Maiores dolorum et. In voluptatem aliquid. Delectus fugiat molestias. Ut iure sed. Tempore et iure. Iusto qui et. Maxime facilis fugit. Et in minus. Totam voluptate voluptatum. Magni ab quibusdam.	20	Project	2026-05-22 10:13:36.381847	2025-08-06 10:13:36.373425	2026-05-22 10:13:36.384133	21
314	Qui harum neque. Sed quod est. Blanditiis natus accusamus. Qui accusantium dolorem. Ab rem architecto. Molestiae corrupti aperiam. Voluptatem explicabo eligendi. Rerum voluptatibus vel. Qui quia voluptas. Iure voluptatibus aliquam. Dolor quia eum. Facere delectus sit. Et eos vel. Magnam placeat dolor. Autem soluta repudiandae.	20	Project	2026-05-22 10:13:36.387834	2025-09-05 10:13:36.386731	2026-05-22 10:13:36.396123	25
315	Nisi et temporibus. Aliquid sit eos. Et sit rem. Ullam tempore minus. Maiores perferendis sunt. Porro non asperiores. Consequatur molestiae sunt. Corrupti id cumque. Illum voluptatem est. Enim eum repellendus. Sunt et quo. Ut odit libero. Non asperiores libero. Commodi corporis distinctio. Occaecati quo consequuntur. Quod itaque saepe. Sit omnis quisquam. Doloremque minus pariatur. Facilis commodi eaque. Qui distinctio vero. Labore molestiae consequuntur. Reiciendis culpa impedit. Exercitationem alias itaque. Est qui eos. Molestiae inventore ut. Fuga asperiores cum. Voluptatibus quia dolores.	20	Project	2026-05-22 10:13:36.400109	2025-11-06 11:13:36.399061	2026-05-22 10:13:36.402106	47
316	Consequatur laborum et. Praesentium qui quia. Facilis cumque sint. Accusantium deserunt nulla. Laboriosam qui aperiam. Est consequatur et. Et aperiam aut. Sequi sit et. Labore tempore error. Aut fuga et. Nobis vel laudantium. Qui aliquam aut.	20	Project	2026-05-22 10:13:36.405891	2026-03-28 11:13:36.404859	2026-05-22 10:13:36.408668	33
317	Doloremque enim neque. Voluptates adipisci dicta. Totam est laborum. Magni quis exercitationem. Nam praesentium odio. Eligendi minima voluptatem. Qui iste blanditiis. Praesentium nihil ipsa. Ea et ut. Accusamus alias nihil. Voluptatem minima explicabo. Autem iusto quo. Sit tenetur sint. Laboriosam ducimus deserunt. Repudiandae et quis.	20	Project	2026-05-22 10:13:36.414146	2026-02-20 11:13:36.412599	2026-05-22 10:13:36.418155	24
318	Libero veniam quis. Adipisci eligendi qui. Quo harum qui. Omnis non suscipit. Soluta rem repellendus. Adipisci rerum cumque. Error ut earum. Quia ducimus repudiandae. Est sequi voluptatem. Et commodi quibusdam. Debitis dignissimos ea. Laudantium eveniet ut. Mollitia voluptas totam. Eaque atque sunt. Non optio id. Assumenda dignissimos ut. Est expedita aspernatur. Veniam quidem recusandae. Est enim adipisci. Sit eaque quia. Est illo numquam. Consectetur eum ea. Quod esse deleniti. Provident eveniet ea.	20	Project	2026-05-22 10:13:36.422218	2025-12-04 11:13:36.421149	2026-05-22 10:13:36.425372	34
319	Qui minus quos. Molestiae dolor quibusdam. Quod aut illo. Vitae quo architecto. Ut eos magni. Veritatis nesciunt perspiciatis. Ea quod eum. Facilis minima magni. Minus quidem facere. Hic qui tenetur. Commodi eveniet aut. Soluta impedit corporis. Enim aut voluptas. Est omnis molestiae. Molestias dolorem aut.	21	Project	2026-05-22 10:13:36.465833	2026-03-20 11:13:36.456457	2026-05-22 10:13:36.469717	48
321	Excepturi sint voluptatem. Est distinctio illo. In dolor commodi. Ex praesentium voluptatem. Harum earum aliquam. Possimus reiciendis voluptas. Non rerum commodi. Ad nisi odio. Sed quia facere. Voluptatem excepturi fugiat. Autem et velit. Dolorem quae ad. Vel fugit neque. Ducimus beatae dolor. Quia molestiae voluptas. Dolores debitis praesentium. Qui dolore numquam. Eum non corrupti. Rem atque eius. Recusandae ipsum pariatur. Quo sit itaque. Ex laboriosam eaque. Saepe quibusdam vel. Delectus voluptate dolores.	23	Project	2026-05-22 10:13:36.55126	2026-02-15 11:13:36.537861	2026-05-22 10:13:36.554779	18
322	Est molestiae aperiam. Saepe natus expedita. Optio qui suscipit. Consequatur consequuntur at. Ipsam ullam quas. Omnis ut nisi. Et temporibus laborum. Quasi aut officia. Sunt at hic. Autem commodi non. Dolores fugit et. Eligendi aut est. Aut quasi aut. Eligendi quaerat exercitationem. Dolorem velit sit.	23	Project	2026-05-22 10:13:36.560264	2025-12-01 11:13:36.558374	2026-05-22 10:13:36.564388	30
323	Possimus sit blanditiis. Dignissimos inventore voluptas. Est porro et. Quaerat eum iusto. Iusto libero aliquid. Ipsa velit aliquam. Adipisci maiores quia. Sint eos distinctio. Aspernatur omnis enim. Deleniti quo mollitia. Eum sit accusantium. Distinctio eaque magnam.	23	Project	2026-05-22 10:13:36.568927	2026-04-13 10:13:36.567719	2026-05-22 10:13:36.571808	28
324	Quasi aut et. Et est quia. Dolores nemo nam. Voluptas et perferendis. Sequi maiores ipsum. Voluptate aliquam est. Est laboriosam sit. Et et sit. Quis magni dolorem. Ducimus impedit quasi. Ut dolore magnam. Quis quia molestias. Reprehenderit repellat aut. Nobis omnis hic. Vel nobis illo. Laborum est facere. Expedita eaque possimus. Et reprehenderit praesentium.	23	Project	2026-05-22 10:13:36.576595	2026-02-02 11:13:36.575295	2026-05-22 10:13:36.580102	47
325	Vel animi eos. Deserunt accusamus quae. Ex quos eius. Aperiam et facere. Mollitia accusamus accusantium. Eos quia eos. Accusamus reprehenderit ut. Accusamus et qui. Dolorum veritatis accusantium. Asperiores saepe ipsa. Qui placeat sed. Et sit cum. Iste quas perferendis. Fugit velit inventore. Doloribus quod quam.	23	Project	2026-05-22 10:13:36.588392	2026-01-27 11:13:36.58403	2026-05-22 10:13:36.591734	39
326	Delectus porro a. Quos ut reiciendis. Consequuntur voluptatem omnis. Expedita aut mollitia. Omnis consectetur culpa. Suscipit iusto magnam. Qui quia voluptatem. Sit cum quos. Perspiciatis sed aut. Expedita quia magni. Est unde natus. Ipsa non beatae.	23	Project	2026-05-22 10:13:36.596544	2025-06-18 10:13:36.594908	2026-05-22 10:13:36.600224	24
327	Eos repudiandae nemo. Molestias officiis tenetur. A labore consequatur. Quod cumque iste. Qui unde rerum. Nam tempora eum. Laboriosam perspiciatis est. Dolor consequatur facilis. Voluptas velit blanditiis. Qui aut suscipit. Consequatur minus vel. Sint quam et.	23	Project	2026-05-22 10:13:36.604509	2026-03-07 11:13:36.603139	2026-05-22 10:13:36.61545	13
328	Perspiciatis esse distinctio. Ut sequi ut. Enim aut quaerat. Et laudantium quibusdam. Ut optio sed. Quia quibusdam ullam. Molestias perspiciatis et. Rem dolorem repellat. Dolor blanditiis quas. In eius necessitatibus. Sunt illum nisi. Ut iure totam. Eum porro veritatis. Et nihil dolorum. Rerum ab asperiores. Quaerat odit veritatis. Ab quae velit. Omnis sint nobis. Consequatur ducimus iste. Sed et commodi. Ullam deserunt ducimus. Molestias beatae ea. Delectus sit et. Suscipit sit et. Consequatur molestiae numquam. Cum ipsum aperiam. Omnis ea accusantium.	23	Project	2026-05-22 10:13:36.620438	2025-12-12 11:13:36.618883	2026-05-22 10:13:36.622727	30
329	Placeat qui odio. Eveniet modi ut. Unde vel necessitatibus. Itaque ab quis. Tempore qui nulla. Expedita ad eum. Dolores aut illum. Odit laboriosam et. Reiciendis at et. Dolor accusantium velit. Reiciendis reprehenderit doloremque. Quae ducimus id. Eum et odio. Et delectus aliquid. Perferendis autem ut.	23	Project	2026-05-22 10:13:36.628087	2026-01-23 11:13:36.626573	2026-05-22 10:13:36.630517	51
330	Maiores vero dolores. Libero odit ut. Quaerat officiis maxime. Illo ab eos. Aut qui delectus. Aut voluptas rem. Architecto velit possimus. Sit veritatis rerum. Harum aliquid dolorem. Sint in quisquam. At aut et. Dolores distinctio ad. Non et laudantium. Est in velit. Quae impedit voluptatem. Qui quas odio. Nesciunt modi in. Repudiandae laborum itaque. Delectus est asperiores. Iure nulla suscipit. Vitae non aut. Et enim est. Unde repellendus aliquid. Sit harum esse.	23	Project	2026-05-22 10:13:36.635026	2026-02-19 11:13:36.633452	2026-05-22 10:13:36.637263	43
331	Et et ex. Iusto blanditiis et. Aut culpa distinctio. Laborum et doloribus. Ipsa earum id. Cumque quo quod. Repudiandae quis aperiam. Eligendi quia culpa. Qui dicta saepe. Asperiores quos et. Eum perspiciatis dolores. Quia iure natus.	24	Project	2026-05-22 10:13:36.664945	2025-11-02 11:13:36.663786	2026-05-22 10:13:36.667422	2
332	Incidunt natus consequatur. Itaque delectus sunt. Corporis totam sint. Non omnis officia. Aut ut maiores. Necessitatibus earum impedit. Dolorum veritatis sit. Qui dolores ut. Odit similique ipsum. Sed consequatur sequi. Cum maxime dolor. Laboriosam qui incidunt. Suscipit expedita molestiae. Qui suscipit perspiciatis. Dolor aut sit. Dolor sequi est. Distinctio dolor veritatis. Quia aspernatur sapiente. Qui qui aliquam. Expedita et quibusdam. Quia et in. Temporibus praesentium quam. Tempore eveniet eaque. Expedita molestiae numquam.	24	Project	2026-05-22 10:13:36.671481	2025-06-08 10:13:36.670359	2026-05-22 10:13:36.680547	1
333	Aut distinctio quasi. Ea illum ipsum. Tenetur id optio. Beatae excepturi non. Quae corporis et. Ut natus rem. Eos error alias. Eos fugit autem. Sed voluptates quasi. Consectetur sint rerum. Excepturi id exercitationem. Rerum excepturi omnis. Qui omnis quasi. Non nisi ea. Cum assumenda sit. Voluptatem quibusdam dolor. Et consequuntur et. Labore beatae iure. Porro quos esse. Minus reprehenderit ut. Consequatur sed autem.	24	Project	2026-05-22 10:13:36.685169	2026-04-20 10:13:36.684145	2026-05-22 10:13:36.687708	42
334	Aut veniam beatae. Omnis consequatur repudiandae. A delectus ex. Et harum alias. Dolores sequi mollitia. Ut quia fugiat. Non alias omnis. Placeat autem nesciunt. Laborum id veniam. Atque sit quas. Consequatur distinctio vel. Magni dolor soluta. Magni alias culpa. Maxime itaque debitis. Rerum ex sunt. Repellat ut consectetur. At tempore quibusdam. Nulla voluptate cumque. Ipsa ipsam autem. Culpa tempora autem. Est rem quo. Aliquid laudantium iure. Aliquam sequi nemo. Consectetur quia sit.	24	Project	2026-05-22 10:13:36.697598	2025-05-24 10:13:36.696532	2026-05-22 10:13:36.700289	24
335	Accusamus reprehenderit consequatur. Voluptatem veniam sed. Molestiae et ad. Non id tempora. Dicta ut rerum. Dolores cum officia. Ex adipisci aliquid. Aspernatur aut omnis. Et repudiandae voluptatem. At dolore explicabo. Molestiae assumenda voluptatibus. Animi ipsum eaque. Deserunt consequatur natus. Fugiat sequi voluptatem. Laudantium vero veniam.	24	Project	2026-05-22 10:13:36.703882	2026-04-02 10:13:36.702898	2026-05-22 10:13:36.7128	52
383	Consequatur in eos. Et a dignissimos. Eaque ex excepturi. Excepturi quod et. Et quia ut. Vero eos possimus. Laboriosam laborum in. Fuga voluptatibus officiis. Sit soluta qui. Ullam nemo et. Porro omnis beatae. Cumque vero et. Sint culpa perspiciatis. Nobis aut molestiae. Harum accusamus optio. Ullam corrupti in. Quasi eos non. Suscipit natus sed. Ut dicta nisi. Officia labore qui. Rem dicta odio.	29	Project	2026-05-22 10:13:37.37117	2025-09-18 10:13:37.364921	2026-05-22 10:13:37.379232	47
336	Voluptatem modi aut. Voluptatem voluptas quod. Voluptatibus quia est. Dicta consequatur deleniti. Culpa neque in. Nihil tenetur dolores. Sit perspiciatis sit. Modi architecto nam. Nisi iure vel. Voluptates deserunt illum. Quod harum optio. Porro praesentium ut. Cupiditate quasi non. Ad et voluptas. Ducimus est veritatis. Error earum sapiente. Accusamus odit quos. Facilis assumenda quam. Officia eos corrupti. Cumque illo optio. Molestias incidunt officia. Ratione tempore doloribus. Quo et quos. Aliquid aut aut. Accusamus vitae est. Nihil facere voluptate. Est et velit.	24	Project	2026-05-22 10:13:36.717916	2025-07-13 10:13:36.716747	2026-05-22 10:13:36.71992	20
337	Nisi quia quam. Eligendi error quas. Temporibus quia voluptas. Quis dolor vel. Labore nostrum aut. Facere placeat est. Quos labore harum. Et qui voluptatum. Officia aspernatur ex. Laborum ea itaque. Maiores iure quisquam. Aut quidem qui. Numquam inventore veniam. Voluptatibus similique voluptatem. Totam commodi autem. Veritatis velit dicta. Cupiditate non aut. Soluta deserunt aut.	24	Project	2026-05-22 10:13:36.727558	2025-06-06 10:13:36.722334	2026-05-22 10:13:36.730247	24
338	Non consequatur temporibus. Rerum rem provident. Aut perspiciatis rem. Cum velit voluptatum. Ipsam non delectus. Fugit error quas. In similique aliquam. Aliquid est velit. Sunt blanditiis culpa. Explicabo perspiciatis doloribus. Voluptas vero voluptatem. Voluptatem molestiae quo.	24	Project	2026-05-22 10:13:36.734239	2025-12-24 11:13:36.733091	2026-05-22 10:13:36.736565	28
339	Aspernatur minus porro. Cum nihil facilis. Consequatur odit maxime. Rerum in et. Est soluta recusandae. Quis quia praesentium. Maiores id nulla. Beatae et odio. Magnam et doloremque. Dolorem non commodi. Occaecati rem provident. Quo beatae odio. Ratione cumque eum. Explicabo aut corrupti. Eaque est corrupti. Velit ipsa ut. Laborum ab voluptatem. Excepturi aliquid tenetur. Dignissimos voluptates et. Harum tempore aut. Rem ratione in. Aliquid excepturi dolores. Nemo culpa molestiae. Dolorem fuga ut.	24	Project	2026-05-22 10:13:36.745327	2025-08-22 10:13:36.739535	2026-05-22 10:13:36.748156	28
340	Eius ratione placeat. Quo accusantium nulla. Iste reiciendis repellat. Quas ut adipisci. Dicta expedita consequatur. Ex qui consequatur. Laboriosam reprehenderit necessitatibus. Libero facilis iure. Minus consequatur delectus. Nostrum officiis repellendus. Quidem quia ut. Sed aut nihil. Ut necessitatibus nobis. Maiores quas labore. Iste perspiciatis sunt.	24	Project	2026-05-22 10:13:36.751858	2025-12-02 11:13:36.750807	2026-05-22 10:13:36.754018	47
341	Sit ut accusantium. Dolor omnis eligendi. Tenetur in quos. Eius a ut. Sit dolorum nobis. Veniam illum dolor. Dolorem aperiam dolor. Alias numquam similique. Voluptates sunt vel. Et tempore minima. Velit dolor cupiditate. Aut velit asperiores. Facere repellendus minima. Consequatur voluptatem nihil. Molestiae cum debitis.	24	Project	2026-05-22 10:13:36.76078	2025-09-24 10:13:36.756958	2026-05-22 10:13:36.764028	3
342	Incidunt debitis aliquid. Quo occaecati culpa. Odit voluptates consequatur. Est et delectus. Esse est quia. Est qui odit. Rerum aliquid facere. Quidem rerum provident. Assumenda rem hic. Laborum quod iusto. Nostrum enim eveniet. Harum laudantium magnam. Architecto in eos. Et aut odio. Non quia corrupti. Fuga minima sunt. Consectetur ut cum. Blanditiis a delectus.	24	Project	2026-05-22 10:13:36.767593	2025-09-16 10:13:36.766484	2026-05-22 10:13:36.769745	8
343	Dolor molestiae enim. Ullam et non. Molestiae distinctio asperiores. Eligendi neque dolorem. Iusto non aspernatur. Fugit alias dolor. Quo aut dignissimos. Est enim expedita. Quia praesentium numquam. Qui porro fugiat. Magnam suscipit vitae. Numquam deserunt veniam.	24	Project	2026-05-22 10:13:36.781126	2025-07-26 10:13:36.772392	2026-05-22 10:13:36.784313	8
344	Repellendus totam qui. In reiciendis ea. Nemo ullam ut. Aliquam quia laborum. Beatae impedit libero. Non corporis alias. Quo nostrum iure. Rerum autem odio. Et nulla soluta. Est tempora ea. Velit et ipsum. Quibusdam commodi iste. Aut exercitationem nobis. Deleniti id laudantium. Aperiam est tempora. Sed labore necessitatibus. Eum illo veniam. Similique ea qui. Dolor impedit sunt. Fugiat repellendus nihil. Saepe eos est.	25	Project	2026-05-22 10:13:36.819468	2025-07-09 10:13:36.818232	2026-05-22 10:13:36.821787	53
345	Reiciendis placeat qui. Quisquam rem delectus. Sit commodi nemo. Aliquam sit et. Aut porro ratione. Et ea perspiciatis. Veritatis nemo occaecati. Sint eum cupiditate. Dicta et ipsam. Repudiandae omnis sint. Placeat ea dolorem. Saepe tempore rerum.	25	Project	2026-05-22 10:13:36.830085	2025-12-27 11:13:36.828958	2026-05-22 10:13:36.832582	22
346	Corrupti eos qui. Delectus aliquam commodi. Sit adipisci exercitationem. Inventore alias dolores. Ipsam temporibus consequatur. Occaecati ad est. Vel qui quo. Sed odit corrupti. Qui officia repellendus. Consequatur inventore quia. Consequatur et at. Corrupti quis soluta. Magnam sapiente repudiandae. Cumque ipsa illo. Voluptatem ipsa esse. Porro dolor unde. Est ratione consequatur. Omnis dolores voluptatem. Qui dolorum officia. Et fugiat nostrum. Minima unde illo.	25	Project	2026-05-22 10:13:36.836792	2025-06-04 10:13:36.835549	2026-05-22 10:13:36.839978	54
347	Dolore nam sed. Aut et sint. Tenetur earum voluptatum. At officia libero. Consequatur nulla qui. A et optio. Itaque architecto aliquam. Quia qui saepe. Fuga rerum provident. Nostrum aut ad. Ipsam quasi quae. Eaque libero aut. Quidem reiciendis natus. Sit impedit accusamus. Quo explicabo voluptatem. Eligendi sit non. Facere et tempore. Nesciunt minus eligendi. Id autem consequuntur. Molestiae ratione quis. Temporibus rerum dolorem. Fugiat minus qui. Maxime accusantium facilis. Magni voluptatem nesciunt.	25	Project	2026-05-22 10:13:36.844861	2025-07-08 10:13:36.84295	2026-05-22 10:13:36.847177	52
348	Facere dolore iusto. Fugiat vitae voluptate. Hic est voluptatibus. Est quaerat consequatur. Quia est id. Necessitatibus aut beatae. Est quis ex. Dignissimos in eum. Et autem aspernatur. Harum tenetur vero. Sint maxime dolores. Error non fugit.	25	Project	2026-05-22 10:13:36.851041	2026-01-13 11:13:36.84947	2026-05-22 10:13:36.85337	35
349	Dolorem perspiciatis suscipit. Rerum porro magni. Placeat dolores repellendus. Nemo repellendus suscipit. A omnis aspernatur. Similique vitae maxime. Necessitatibus sed sint. Rerum aut nobis. Sint quam tempora. In nostrum quidem. Est ratione iste. Ut eos et. Laboriosam rerum exercitationem. Officia voluptatem fugiat. Voluptatum qui est. Maiores temporibus in. Quam ab iusto. Optio qui cum. Dolorem qui qui. Saepe recusandae ipsum. Voluptatum veniam officia. Voluptatem quibusdam eum. Eligendi deserunt voluptates. Sapiente vel aut. Repellendus repellat dignissimos. Occaecati qui labore. Pariatur numquam aut.	25	Project	2026-05-22 10:13:36.864089	2026-04-03 10:13:36.856298	2026-05-22 10:13:36.867382	38
350	Et ipsum pariatur. Enim quae asperiores. Recusandae ipsam qui. Id quos et. Nostrum aut alias. Illum aut quaerat. Rerum et pariatur. Deserunt tempore provident. Nisi non non. Sit illo ratione. Deserunt quia eum. Iusto quisquam asperiores. Deleniti non libero. Ipsum et quasi. Natus nobis eligendi.	25	Project	2026-05-22 10:13:36.871076	2026-02-14 11:13:36.869903	2026-05-22 10:13:36.874968	13
351	Quas eveniet qui. Dolorem vitae atque. Animi laborum aspernatur. Possimus dolorem culpa. Voluptas dignissimos iusto. Consequatur hic sint. Praesentium et et. Ipsum consequuntur quas. Omnis aut ipsum. Reprehenderit alias quia. Temporibus repellat et. Tempora sunt dolores. Qui mollitia enim. Sed harum in. Et asperiores accusantium. Laboriosam doloremque quam. Ipsum et et. Ducimus atque vel. Sunt minus error. Earum eveniet adipisci. Qui eveniet quia. Nihil autem dolor. Tempore quia iure. Esse ipsam porro. Asperiores et ab. Blanditiis harum ipsa. Consectetur sit ea.	25	Project	2026-05-22 10:13:36.879044	2026-01-14 11:13:36.877948	2026-05-22 10:13:36.881281	52
352	Nulla eligendi laborum. Omnis consectetur architecto. Error incidunt et. Cum quam aut. Impedit corporis quaerat. Iusto deleniti ut. Laudantium quae magni. Est delectus commodi. Totam minus et. Cumque incidunt rerum. Magnam consequatur et. Ipsa velit sed. Ut soluta cupiditate. Laborum quis ducimus. Saepe quia officia. Voluptas harum eos. Nam omnis repudiandae. Eum non quasi.	25	Project	2026-05-22 10:13:36.885712	2026-01-21 11:13:36.88443	2026-05-22 10:13:36.887889	29
353	Facilis iure facere. Est incidunt autem. Iusto officiis fuga. Et ut suscipit. Aut repellendus labore. Voluptatem qui eligendi. Hic blanditiis natus. Amet et minima. Minima adipisci aliquam. Quisquam et provident. Et sed occaecati. Ex qui quidem. Nobis aliquam qui. Ut voluptatibus quis. Perferendis autem incidunt. Earum consequuntur sit. Voluptas voluptatem voluptatibus. In fuga consequuntur.	25	Project	2026-05-22 10:13:36.892086	2025-05-23 10:13:36.890679	2026-05-22 10:13:36.894811	32
354	Ut facilis et. Impedit voluptates occaecati. Quisquam occaecati voluptas. Est id autem. Omnis molestias dolor. Aut possimus nostrum. Sunt labore doloremque. Voluptatem ipsam omnis. Facere ex et. Molestiae et labore. Sunt et vero. Animi quos magni.	25	Project	2026-05-22 10:13:36.901985	2025-12-18 11:13:36.897535	2026-05-22 10:13:36.904574	14
355	In quis quia. Voluptas corporis sit. Dicta dolor consectetur. Qui illum praesentium. Harum veritatis quia. Aut repellat illo. Beatae aperiam placeat. Et quibusdam quaerat. Iure aliquid dolorum. Laudantium ut cum. Corporis et doloribus. Accusantium ipsum ex.	25	Project	2026-05-22 10:13:36.908246	2025-10-19 10:13:36.907061	2026-05-22 10:13:36.910843	51
356	Sit iste iusto. Et et quis. Sit vero vel. Sed est sapiente. Quidem voluptas quae. Aut non voluptas. Ratione veritatis repellat. Beatae molestiae aut. Aut iste accusamus. Dignissimos quae unde. Modi odio necessitatibus. Explicabo sed reiciendis. Similique vero repudiandae. Ut aliquam deleniti. Quod rerum impedit. In delectus et. Et quibusdam aut. Fugiat incidunt ea. Consequatur ut cumque. Totam eius amet. Magni quidem provident. Qui id labore. Non minus voluptatum. Ipsa quo dolorem. Deserunt beatae ad. Excepturi et et. Qui accusantium consectetur.	26	Project	2026-05-22 10:13:36.950145	2025-11-22 11:13:36.948762	2026-05-22 10:13:36.952665	21
357	Nisi natus assumenda. Totam laboriosam quo. Eveniet commodi enim. Quisquam fuga deleniti. Est velit atque. Corrupti atque provident. Laudantium cupiditate non. Perspiciatis iure enim. Ab nostrum voluptatem. Aliquid velit beatae. Facilis nihil fugiat. Laboriosam eligendi adipisci. Est et iusto. A numquam vel. Nobis rem ipsa. Quidem unde placeat. Maxime ut aperiam. Vitae voluptatem labore.	26	Project	2026-05-22 10:13:36.961801	2026-04-23 10:13:36.955371	2026-05-22 10:13:36.964603	47
358	Porro veniam nisi. Asperiores quam ullam. Ut voluptatem sit. Fugit harum eum. Perferendis corporis dicta. Voluptatibus quis et. Perferendis id consequuntur. Facere sed fugit. Inventore fugit alias. Voluptatem dolorem ut. Ipsam inventore molestias. Tempore tenetur unde. Quos facilis quia. Et et totam. Autem non laudantium.	26	Project	2026-05-22 10:13:36.968934	2025-12-28 11:13:36.967555	2026-05-22 10:13:36.971048	35
359	Nihil quod quia. Rerum perferendis voluptatem. Odit totam molestiae. Nisi velit ipsam. Et non et. In consectetur nam. Minima est reprehenderit. Esse vitae sit. Sint et velit. Ipsum error dolor. Deserunt qui saepe. Pariatur nostrum ut.	26	Project	2026-05-22 10:13:36.976643	2026-02-12 11:13:36.973585	2026-05-22 10:13:36.979691	52
360	Inventore repellat enim. Minus in enim. Aut nostrum omnis. Consectetur molestiae numquam. Eum qui deleniti. Quod magni cupiditate. Quisquam aut nesciunt. Quasi minus fuga. Nisi omnis ut. Beatae aut ea. Enim fugit eligendi. Magnam quia deleniti. Quo et fugiat. Occaecati nostrum nihil. Nobis cumque est. Laboriosam qui quia. Voluptates voluptatibus est. Est iste nesciunt.	26	Project	2026-05-22 10:13:36.984201	2026-04-09 10:13:36.982941	2026-05-22 10:13:36.986366	18
361	Harum vero quos. Eum quo doloribus. Eum eos laborum. Molestias laudantium veniam. Fugiat optio iure. Voluptate nemo maiores. Amet beatae hic. Praesentium quia vel. Similique enim a. Aut ducimus quam. Dicta qui dolores. Delectus eum culpa.	26	Project	2026-05-22 10:13:36.990961	2026-03-06 11:13:36.989059	2026-05-22 10:13:36.997582	36
362	Quia consequatur voluptatum. Omnis quia voluptas. Aut asperiores ullam. Suscipit quaerat qui. Doloremque nihil vel. Harum officiis dolorem. Perspiciatis et incidunt. Quia maiores iure. Quis impedit repellat. Aut soluta iure. Dignissimos expedita natus. Vel dolore minus.	26	Project	2026-05-22 10:13:37.001763	2026-02-18 11:13:37.000655	2026-05-22 10:13:37.015436	51
363	Quos qui est. Ipsum officia similique. Repellat mollitia exercitationem. Ipsum officia modi. Reprehenderit modi odio. Sit natus aut. Dolor cum perspiciatis. Et dolorum doloribus. Pariatur nam fuga. Quidem aut et. Vel sit quas. Et labore voluptate. Quia doloribus eum. Omnis quod cupiditate. Tempore rerum voluptatem.	26	Project	2026-05-22 10:13:37.020269	2026-03-26 11:13:37.018867	2026-05-22 10:13:37.029851	23
364	Nobis repellat maiores. Laborum qui et. Corrupti pariatur repudiandae. Dolores libero ipsa. Laborum aut nihil. Et provident et. Vel adipisci perspiciatis. Mollitia voluptatem eum. Voluptas rerum autem. Tenetur ipsum consectetur. Debitis veniam alias. Voluptas eveniet optio. Sapiente voluptates vero. Et et sed. Voluptatem assumenda impedit.	26	Project	2026-05-22 10:13:37.034653	2026-02-26 11:13:37.033352	2026-05-22 10:13:37.037068	37
365	Exercitationem sit cupiditate. Architecto ducimus eligendi. Voluptatem error quae. Fugiat et qui. Laudantium eos quibusdam. Porro quo at. Ut esse molestias. Aperiam inventore aliquid. Animi earum non. Pariatur provident voluptatem. Nulla vitae velit. Odio quia aliquid. Qui expedita deleniti. Quod adipisci aperiam. Sequi ratione dolores. Molestiae quam vel. Soluta ad qui. Ut autem eveniet. Quidem molestiae nihil. Minima recusandae nobis. Eius dolorem vero.	26	Project	2026-05-22 10:13:37.041822	2025-12-27 11:13:37.040478	2026-05-22 10:13:37.045442	30
366	Et debitis dolor. Velit at eveniet. Voluptas laudantium quis. Consectetur cupiditate est. Placeat magni laborum. Sequi occaecati quasi. Vero odio et. Et officia architecto. Reprehenderit aut et. Adipisci aut tempora. Est omnis sed. Explicabo omnis ducimus.	27	Project	2026-05-22 10:13:37.081597	2025-12-11 11:13:37.079534	2026-05-22 10:13:37.085227	50
367	Nihil accusantium ut. Nisi culpa eos. Velit voluptas culpa. Dolores tenetur quis. Rerum voluptatem omnis. Illo modi consequatur. Et beatae ad. Numquam laudantium in. Dignissimos in voluptatem. Explicabo dolores et. Sunt qui sequi. Vel placeat nam. Debitis doloremque similique. Fugiat debitis quisquam. Dolor facilis impedit.	27	Project	2026-05-22 10:13:37.092999	2025-07-17 10:13:37.088537	2026-05-22 10:13:37.096608	21
368	Placeat et voluptates. Voluptatem error reiciendis. Minima quibusdam omnis. Natus aut esse. Neque voluptatum at. Et nulla reiciendis. Est doloremque accusantium. Et nihil voluptas. Natus non velit. Nam adipisci qui. Dolorem alias earum. Et minima iusto. Et cupiditate sunt. Delectus facilis excepturi. Et qui cumque. Et eligendi necessitatibus. Magni deleniti quas. Pariatur consequuntur quisquam. Voluptas reprehenderit fugit. Exercitationem et accusantium. Quos delectus quis.	27	Project	2026-05-22 10:13:37.101978	2025-07-21 10:13:37.100617	2026-05-22 10:13:37.113099	17
369	Corrupti modi quidem. Occaecati labore delectus. Doloremque quia fuga. Voluptatem ipsa praesentium. Adipisci commodi sit. Corrupti expedita ut. Laborum molestias voluptatem. Voluptatibus eos rerum. Iure omnis eveniet. Quia occaecati rerum. Modi quis consequuntur. Nostrum error suscipit. Qui iste ut. Et earum optio. Eius molestiae placeat. Quis cumque vel. Veritatis incidunt similique. Suscipit eos maxime. Aliquid vero fugiat. Doloremque rem vero. Eos eius consequatur.	27	Project	2026-05-22 10:13:37.123967	2026-04-03 10:13:37.122208	2026-05-22 10:13:37.127863	15
370	Est exercitationem vero. Dolore labore exercitationem. Illum dolore rerum. Molestias maxime dolores. Dolorum ipsum repudiandae. Sed qui ut. Quo et velit. Minus impedit omnis. Enim mollitia et. Qui non et. Architecto facilis dolores. Rerum quibusdam rem. Officia quis est. Quia deserunt nostrum. Veritatis id deserunt. Incidunt quis omnis. Quisquam a nisi. Alias dolores mollitia. Non exercitationem quo. Amet consequatur inventore. Voluptatem maxime fugiat.	27	Project	2026-05-22 10:13:37.13392	2026-02-05 11:13:37.132385	2026-05-22 10:13:37.136846	43
371	Facilis quam nihil. Dolore voluptatum et. Qui vel magnam. Pariatur eligendi quidem. Modi ut dolores. In aut laboriosam. Itaque qui voluptates. Minus aut suscipit. Dolores tenetur voluptatem. Accusamus aliquid at. Eius commodi officia. Laudantium natus delectus. Laudantium voluptas porro. Eos aut odit. Saepe sed blanditiis.	27	Project	2026-05-22 10:13:37.146098	2025-09-10 10:13:37.141153	2026-05-22 10:13:37.150944	3
372	Distinctio iure est. Ut placeat laborum. Id velit quod. Laborum facilis cum. Consequatur eaque iure. Sed odio id. Porro saepe sunt. Repellat corporis illum. Eum corporis provident. Aut aut sed. Hic inventore magnam. Laboriosam provident dolorem. Dignissimos repellendus velit. Adipisci rerum officia. At est odio. Harum eos non. Sit nobis fuga. Asperiores maiores qui. Nulla aut voluptatem. Enim rerum sunt. Nisi quaerat excepturi.	27	Project	2026-05-22 10:13:37.15609	2026-03-01 11:13:37.154792	2026-05-22 10:13:37.165495	52
373	Sunt quia sed. Ipsam id animi. Quas totam temporibus. Eaque minus quibusdam. Pariatur ducimus voluptas. Minima assumenda sapiente. Et cupiditate at. Natus id quia. Corporis nisi saepe. Aut veniam est. Quam aliquam molestias. Vel ipsam doloribus.	28	Project	2026-05-22 10:13:37.20732	2025-09-07 10:13:37.205363	2026-05-22 10:13:37.21485	41
374	Sit iusto quidem. Ea facere dolor. Delectus sequi dolore. Laudantium maiores nihil. Totam asperiores soluta. Voluptatem qui sed. Aut perspiciatis dolore. Eos nemo est. Aut inventore quia. Tenetur quibusdam sed. Delectus dolore doloribus. Praesentium cum autem. Facilis ad ducimus. Ipsam maxime fugiat. Ut et dolorum. Qui iste molestiae. Aperiam accusantium consequatur. Voluptatem error non. Quas facere ut. Suscipit qui et. Architecto quis soluta.	28	Project	2026-05-22 10:13:37.227186	2025-08-08 10:13:37.219142	2026-05-22 10:13:37.230333	29
375	Magnam dolores quisquam. Quibusdam alias repellat. Non tenetur libero. Quia officia molestiae. Perferendis hic expedita. Odit id rerum. Enim qui quisquam. Ipsum quia est. In ut saepe. Esse saepe est. Consectetur fuga quidem. Eos voluptatem sit.	28	Project	2026-05-22 10:13:37.235942	2025-09-18 10:13:37.233448	2026-05-22 10:13:37.245924	30
376	Non placeat dignissimos. Quas rerum sed. Et tempore aspernatur. Consequuntur pariatur officia. Et nesciunt explicabo. Sed dolore pariatur. Aliquid voluptatem qui. Fugiat quia itaque. Non ab sunt. Qui quo repellendus. Illum nostrum dignissimos. Blanditiis officiis quaerat. Veniam sapiente quis. Dolores natus velit. Quia sint velit. Similique officia vitae. Perspiciatis laboriosam maiores. Eum quibusdam et.	28	Project	2026-05-22 10:13:37.25154	2025-07-08 10:13:37.249748	2026-05-22 10:13:37.254473	16
377	Nihil molestiae quia. Esse nobis rerum. Quod sint aut. Autem id quo. Quis nostrum aspernatur. Voluptatem non consectetur. Reiciendis aperiam at. Iusto molestiae odit. Exercitationem quae at. Numquam impedit vel. Animi et qui. Odit dolor consequuntur. Consectetur iste in. Blanditiis perspiciatis autem. Iusto et distinctio.	28	Project	2026-05-22 10:13:37.261154	2026-03-11 11:13:37.258193	2026-05-22 10:13:37.264951	23
378	Aut provident consequatur. Blanditiis aut quo. Harum quia reiciendis. In eum iste. Eaque occaecati et. At aut quisquam. Id rem consequatur. Quaerat pariatur asperiores. Voluptate nemo et. Officiis recusandae ut. Et corrupti velit. Enim et vel. Eius sed omnis. Voluptatem perferendis labore. Neque voluptas omnis.	29	Project	2026-05-22 10:13:37.305822	2025-08-03 10:13:37.304397	2026-05-22 10:13:37.315936	28
379	Est est laboriosam. Vel ut veniam. Ducimus delectus ad. Minus dolores consequuntur. Ipsam a sit. Tempora qui excepturi. Ab qui tenetur. Sed et at. Aut vel sit. Magnam suscipit repellat. Molestias iusto reiciendis. Et laudantium eos.	29	Project	2026-05-22 10:13:37.320753	2025-08-22 10:13:37.319376	2026-05-22 10:13:37.324678	34
380	A temporibus voluptatem. Qui aliquid ab. Veritatis distinctio suscipit. Et ratione eveniet. Error veniam repellat. Corrupti saepe animi. Est et consequatur. Et nesciunt reiciendis. Eveniet fugit omnis. Iste fugit illum. Neque sit corrupti. Repellendus pariatur a. Rerum minima laborum. Porro itaque ut. Fuga quasi non. Consequatur nisi rerum. Voluptate qui provident. Explicabo eum quidem.	29	Project	2026-05-22 10:13:37.329792	2026-03-27 11:13:37.328349	2026-05-22 10:13:37.333619	4
381	Quaerat reprehenderit possimus. Et doloremque veniam. Debitis porro a. Deleniti voluptatem et. Repellat ipsa suscipit. Aperiam magni expedita. Enim voluptas cumque. Maxime eos praesentium. Quam cupiditate enim. Impedit expedita sit. Voluptates beatae officiis. Quidem consequatur magnam. Qui expedita placeat. Sit iusto quisquam. Illo dignissimos magnam. Minima quia consequuntur. Voluptas exercitationem dignissimos. Ea modi sed. Suscipit ea qui. Ut voluptatibus omnis. Magnam temporibus qui. Officia architecto ab. Voluptatem nesciunt sit. Voluptates cum autem. Qui voluptatem autem. Sit earum aliquam. Iste doloremque ut.	29	Project	2026-05-22 10:13:37.338311	2025-10-01 10:13:37.336923	2026-05-22 10:13:37.348312	1
382	Et consequatur magnam. Molestias laboriosam et. Ipsam aut magnam. Dolor natus officiis. Qui quibusdam odit. Porro suscipit possimus. Sint officia esse. Et fugiat dignissimos. Sint aut voluptate. Odio omnis culpa. Unde minima magnam. Eos velit quas. Non occaecati ducimus. Maxime vel impedit. Recusandae accusamus veniam. Sequi eaque autem. Et similique blanditiis. Dolor qui animi. Officiis est et. In harum dignissimos. Voluptas dolores autem. Ullam ex officia. Sunt aut in. Non blanditiis aspernatur.	29	Project	2026-05-22 10:13:37.353423	2025-06-20 10:13:37.351667	2026-05-22 10:13:37.360806	39
384	Necessitatibus itaque commodi. Aspernatur odit officiis. Sint laudantium ut. Modi quae rerum. Aut voluptates eaque. Dolorem nam illo. Cupiditate expedita eius. Qui minima cupiditate. Ipsa suscipit voluptatum. Aliquam quod amet. Soluta ea at. Natus amet et. Ut voluptates quia. Autem blanditiis soluta. Facilis praesentium amet. Aut in aliquid. Aut quisquam est. Sapiente rerum saepe.	29	Project	2026-05-22 10:13:37.384532	2025-09-15 10:13:37.38268	2026-05-22 10:13:37.388961	32
385	Vel eaque a. Nesciunt autem ipsum. Sapiente ab eius. Aut aut ipsa. Officia non est. Provident doloremque sint. Corporis numquam officiis. Ullam ratione sunt. Corporis distinctio autem. Nisi expedita aut. Assumenda consequatur dolore. Perferendis vel natus. Ut vel alias. Ducimus eos quia. Ut ipsa non. Ipsum reiciendis laudantium. Non error aut. Vitae est ipsum.	29	Project	2026-05-22 10:13:37.403966	2025-11-12 11:13:37.401953	2026-05-22 10:13:37.414936	20
386	Numquam consequatur blanditiis. Maiores facilis recusandae. Totam velit harum. Alias molestias quos. Ullam voluptate a. Vel quam deserunt. Architecto modi quos. Tempore repellendus quae. Nesciunt distinctio libero. Enim voluptas eaque. Quia eius eum. A consequatur minima. Quia sit sint. Libero porro nostrum. Dolores quisquam porro. Ea vel et. Consectetur est sed. Magni animi aut. Voluptatibus et ipsam. Ratione occaecati ut. Cum ea et. Et qui consequatur. Sunt enim eos. Inventore architecto voluptates. Veniam dignissimos a. Quia minima quis. Ipsam nobis alias.	29	Project	2026-05-22 10:13:37.419424	2025-07-06 10:13:37.418163	2026-05-22 10:13:37.422554	4
387	Dolorum voluptatem et. Aspernatur ullam facere. Quia eaque nisi. Optio quod nesciunt. Quis molestiae provident. Omnis et impedit. Nihil et nostrum. Et dolores repellat. Molestias eius cupiditate. Sed quis aut. Facilis repellendus aut. Et dolor maiores. Perferendis quia et. Quibusdam nostrum eos. Unde dolores voluptas. Sunt repudiandae ad. Eos ratione praesentium. In quae modi.	30	Project	2026-05-22 10:13:37.486853	2025-09-11 10:13:37.485455	2026-05-22 10:13:37.492091	47
388	Dolores veniam sit. Dolores recusandae sint. Minima eius eligendi. Nobis quia itaque. Culpa minima et. Pariatur fugiat dolorem. Aspernatur a repellendus. Fuga sit esse. Nesciunt sint voluptate. Sed officia explicabo. Exercitationem facilis amet. Dolore eligendi quia. Ut fugit aut. Provident omnis sapiente. Consectetur cum recusandae.	30	Project	2026-05-22 10:13:37.497298	2025-10-17 10:13:37.495673	2026-05-22 10:13:37.500677	14
389	Sed dolores dolorem. Ratione ut iure. Qui beatae perferendis. Autem id qui. Et mollitia qui. Facilis aut voluptas. Quos vel quae. Esse aperiam nam. Et sit dolor. Mollitia quo alias. Quaerat voluptas possimus. Soluta eos quisquam.	30	Project	2026-05-22 10:13:37.505704	2025-06-15 10:13:37.50414	2026-05-22 10:13:37.536419	32
390	Quibusdam provident eum. Impedit enim exercitationem. Voluptatum sunt quam. Tempora fuga et. Harum quae quis. Consequatur qui occaecati. Enim adipisci repellendus. Doloribus excepturi sapiente. Doloremque fuga aut. Eum labore tempore. Consequatur tempora adipisci. Sit similique et. Rerum nostrum dolore. Omnis totam ea. Doloribus et et. Enim ex enim. Nemo excepturi asperiores. Beatae rem nam. Quo est reprehenderit. Autem cumque enim. Placeat cum ratione.	30	Project	2026-05-22 10:13:37.548441	2025-08-08 10:13:37.546795	2026-05-22 10:13:37.551261	54
391	Alias ipsa sequi. Numquam dignissimos vero. Et molestias quo. Quasi accusamus architecto. Tenetur perferendis molestiae. Quibusdam libero inventore. Iure eveniet officiis. Aut odio voluptatem. Magni dolor est. Et autem dolore. Praesentium qui et. Qui voluptatem facilis. Quo reiciendis et. Adipisci qui officiis. Neque facilis natus. Et esse autem. Necessitatibus architecto natus. Et tempore aut.	30	Project	2026-05-22 10:13:37.557668	2025-10-19 10:13:37.555977	2026-05-22 10:13:37.561379	7
392	Architecto temporibus quo. Sit vitae nesciunt. Rem veniam necessitatibus. Quibusdam recusandae necessitatibus. Hic est ut. Est ut modi. Aut vitae veniam. Quidem sint nihil. Sed blanditiis facilis. Maxime natus eligendi. Eum sint omnis. Velit labore eveniet.	30	Project	2026-05-22 10:13:37.56714	2026-02-04 11:13:37.565665	2026-05-22 10:13:37.570453	5
393	Rem officiis minus. Nemo saepe modi. Facere saepe enim. Quaerat corrupti in. In expedita hic. Tempora eaque officiis. Nulla perferendis aut. Corrupti hic dolor. Provident fugiat eaque. Ut voluptatem voluptatem. Omnis minus accusantium. Hic aut laborum. Voluptatum reiciendis non. Et assumenda rem. Dolorum repudiandae ut.	30	Project	2026-05-22 10:13:37.577741	2026-03-29 10:13:37.575711	2026-05-22 10:13:37.581837	8
394	Harum quia neque. Est consequatur quas. Est nobis itaque. Occaecati molestiae quod. Et vitae aut. Dolores non neque. Ut numquam exercitationem. Dignissimos quidem aliquid. Sed sit quae. Accusamus cumque eos. Laudantium ipsum nihil. Eaque eligendi ut. Cupiditate minima impedit. Eveniet blanditiis unde. Quidem quia dolore. Voluptas cum magni. Adipisci aut eaque. Repellendus est sequi. Sit id iure. Impedit aspernatur consequatur. Placeat enim ea. Aspernatur amet omnis. Totam consequatur ut. Qui laborum consequatur. Et occaecati et. Sequi exercitationem occaecati. Non id exercitationem.	30	Project	2026-05-22 10:13:37.588576	2026-03-06 11:13:37.587141	2026-05-22 10:13:37.600748	11
395	Nisi et minus. Cumque ducimus ea. Cumque ratione et. Qui animi eum. Id nesciunt non. Velit sunt eum. Esse tenetur in. Et praesentium consectetur. Voluptas est illum. Quod non et. Nobis ea a. Nesciunt quam ab. Maxime velit ducimus. Perspiciatis illum quisquam. Architecto consequatur pariatur. Beatae ullam expedita. Iste libero corporis. Rerum ut sint. Minus quasi est. Voluptatem impedit mollitia. Eos voluptas temporibus. Unde est quo. Pariatur adipisci omnis. Ut molestias harum. Illum nesciunt rerum. Voluptas voluptas magni. Consequatur iure architecto.	30	Project	2026-05-22 10:13:37.607137	2025-12-07 11:13:37.605625	2026-05-22 10:13:37.610985	31
396	Fugit autem omnis. Ut ut cupiditate. Ipsum cupiditate dolor. Beatae a aspernatur. Nobis et explicabo. Ut et voluptatem. Blanditiis ipsa quo. Molestias placeat rerum. Autem veritatis tenetur. Placeat est id. Autem autem amet. Dolorem possimus consequatur.	30	Project	2026-05-22 10:13:37.615326	2025-05-23 10:13:37.613893	2026-05-22 10:13:37.617987	38
397	Quidem quae odio. Corporis necessitatibus reprehenderit. Dignissimos alias esse. Rem veritatis est. Ut placeat adipisci. Asperiores natus voluptates. Aliquam earum distinctio. Corporis accusantium facilis. Consequatur placeat consequatur. Iure vel assumenda. Est voluptatem inventore. Et eligendi fugit.	30	Project	2026-05-22 10:13:37.623084	2025-11-30 11:13:37.621871	2026-05-22 10:13:37.630901	45
398	Laudantium quia ipsa. Libero officia voluptatum. Perferendis assumenda nulla. Odio nobis aut. A alias quia. Omnis ut voluptatibus. Iusto quae cumque. Tempora sed et. Alias consectetur qui. Totam voluptates minima. Nihil eum officia. Sunt asperiores excepturi.	31	Project	2026-05-22 10:13:37.684022	2025-10-02 10:13:37.682532	2026-05-22 10:13:37.687324	33
414	Quis sed consequatur. Officia maxime sit. Quisquam est ut. Reprehenderit veniam quia. Sequi minus et. Nihil qui voluptas. Sed sunt et. Sapiente sequi corrupti. Dolorem nobis qui. Natus officia cum. Optio qui ut. Sunt quo ut. Harum nisi nulla. Consectetur autem aut. Et exercitationem et. Id totam ad. Earum delectus quibusdam. Quam aliquid nesciunt. Est placeat dolorem. In rerum quasi. Doloribus eum cum.	33	Project	2026-05-22 10:13:37.91659	2026-03-14 11:13:37.915265	2026-05-22 10:13:37.918751	48
399	Alias cum et. Aliquid magnam non. Cum quaerat voluptatem. Fugit modi porro. Eos ut harum. Soluta enim sint. A repellat officia. Eius incidunt consectetur. Officia eligendi laborum. Odit consequatur neque. Perferendis quia illo. Aut est ullam. Quod enim consequuntur. Quis voluptas vero. Nihil laborum velit. Facilis beatae impedit. Laboriosam harum quis. Numquam in dignissimos. Optio enim mollitia. Id magni illo. Tenetur dolorem et. Hic recusandae at. Voluptatem occaecati vel. Quia possimus occaecati.	31	Project	2026-05-22 10:13:37.695904	2025-07-01 10:13:37.691479	2026-05-22 10:13:37.700012	13
400	Et eius nam. Sunt eius voluptate. Voluptatem ab ut. Rerum sit aut. Magnam eius cum. Accusantium earum omnis. Fugiat expedita placeat. Dolor rerum iusto. Qui pariatur voluptate. Perferendis voluptatem quia. Necessitatibus quibusdam omnis. Ullam est voluptate. Repudiandae eaque qui. Occaecati dicta enim. Sequi eius officiis. Qui autem tenetur. Placeat et voluptatem. In iure sed.	31	Project	2026-05-22 10:13:37.706461	2025-09-30 10:13:37.704119	2026-05-22 10:13:37.71343	36
401	Iusto quia voluptatem. Et aspernatur consectetur. Praesentium pariatur maiores. Est rerum ipsum. Animi sit dolorem. Voluptas nostrum et. Temporibus similique cumque. Facilis tenetur qui. Repellat delectus et. Eveniet sint optio. Et necessitatibus eveniet. Enim qui sequi. Quidem aut ut. Sit perferendis non. Qui ipsum et. Libero natus repudiandae. Occaecati ut deleniti. Nesciunt ut ratione. Ut excepturi omnis. Autem officia qui. Vitae non laborum. Voluptatem molestias deserunt. Ab placeat reprehenderit. Provident ad in.	31	Project	2026-05-22 10:13:37.718834	2025-08-10 10:13:37.717444	2026-05-22 10:13:37.722437	14
402	Architecto beatae dicta. At nihil fugit. Consequuntur veniam sequi. Aspernatur molestiae error. Veniam est id. Explicabo nobis qui. Placeat ipsam maxime. Quis itaque voluptatem. Aut magni et. Cumque deserunt architecto. Voluptate aperiam exercitationem. Non quia corrupti. Id quam repudiandae. Et nesciunt voluptatem. Dolorem itaque natus.	31	Project	2026-05-22 10:13:37.735138	2026-03-07 11:13:37.734015	2026-05-22 10:13:37.737944	4
403	Excepturi nostrum ratione. Velit quae debitis. Cupiditate maxime sed. Ducimus optio explicabo. Voluptates ut enim. Repellat laborum libero. Et praesentium aut. Ducimus impedit possimus. Aut quis et. Libero sunt eveniet. Quaerat vel aut. Et velit reiciendis. Molestiae ratione nostrum. Quia sapiente saepe. Id sed magni. Nihil voluptatem eveniet. Voluptatem sed optio. Dolores aspernatur eos. Numquam totam blanditiis. Tenetur repellendus ea. Qui aut est.	31	Project	2026-05-22 10:13:37.745418	2025-09-02 10:13:37.741854	2026-05-22 10:13:37.748259	41
404	Alias earum officia. Qui sint dolorem. Laboriosam expedita cupiditate. Quia cumque quidem. Rerum laudantium porro. Veniam amet odit. Consequatur tempore voluptas. Ea nemo et. Cumque dolor dolores. Repellat nulla asperiores. Occaecati ab nesciunt. Eum dolorem fugit. Eaque quo quas. Et sunt tenetur. Aliquid suscipit earum.	31	Project	2026-05-22 10:13:37.755828	2026-04-20 10:13:37.752296	2026-05-22 10:13:37.759241	29
405	Natus adipisci at. Sequi nulla voluptatem. Ad esse perferendis. Est eius sed. Natus earum a. Veniam aut qui. Eligendi necessitatibus modi. Sint nesciunt maxime. Eos sed maiores. Amet officiis aspernatur. Consequatur libero tempore. Sit iste in.	31	Project	2026-05-22 10:13:37.765989	2025-12-16 11:13:37.762655	2026-05-22 10:13:37.770983	5
406	Nesciunt et est. Minima soluta facilis. Eos ab veniam. Voluptatem eum neque. Incidunt molestiae ea. Aut possimus consequuntur. Reiciendis laborum eaque. Ad molestiae maxime. Eveniet saepe animi. Qui dicta maiores. Hic voluptatem pariatur. Architecto a quam. Laborum voluptate est. Est eum quo. Asperiores et et. Odit sunt dolorem. Quo vel eum. Accusamus non mollitia. Qui laborum nemo. Veritatis ea et. Animi in voluptatum.	32	Project	2026-05-22 10:13:37.812641	2026-04-10 10:13:37.811036	2026-05-22 10:13:37.81537	41
407	Numquam ut ut. Atque id minus. Quasi eligendi accusantium. Quisquam voluptas maiores. Dolorum reiciendis totam. Qui dignissimos ipsum. Mollitia est quaerat. Voluptas vero aperiam. Facilis nihil sunt. Deleniti suscipit consectetur. Cumque quos incidunt. Quam sunt consequatur. Autem veniam et. Et libero in. Qui quia quis. Molestiae itaque qui. In in ea. Debitis odio esse. Modi temporibus vel. Consectetur eum expedita. Accusamus sit veritatis.	33	Project	2026-05-22 10:13:37.854491	2026-04-09 10:13:37.853149	2026-05-22 10:13:37.863613	18
408	Et officiis et. Hic ab tempora. Nesciunt et omnis. Deleniti inventore sapiente. Et aut quidem. Et suscipit voluptates. Hic facere voluptatibus. Et consequatur rerum. Molestias itaque facilis. Ea non beatae. Aut voluptatem rerum. Voluptas velit quia.	33	Project	2026-05-22 10:13:37.867474	2025-09-13 10:13:37.866328	2026-05-22 10:13:37.869796	20
409	Aliquam enim sit. Dolorem facere molestias. Veniam sunt at. Occaecati eum laudantium. Sed nam rerum. Sunt laboriosam ut. Adipisci quidem quia. Id asperiores aut. Dolor aliquam ex. Alias laborum culpa. Quae et est. Ea tenetur adipisci. Officia occaecati sit. Quia modi quas. Ut doloribus dolorem. Perspiciatis dolorem qui. Odio eos reprehenderit. Eos odio quo. Qui quibusdam eos. Voluptatum asperiores et. Ratione temporibus debitis. Quia impedit neque. Quia autem eveniet. Ut aut laudantium.	33	Project	2026-05-22 10:13:37.875284	2025-09-12 10:13:37.872848	2026-05-22 10:13:37.877633	20
410	Labore molestiae voluptas. Et pariatur eum. Ea dolor eos. Aliquid in omnis. Molestias eveniet autem. Soluta dolor voluptatum. Quo ut dicta. Explicabo in aut. Dolor nobis harum. Sapiente porro ipsam. Architecto eaque accusantium. Molestiae quidem et. Laboriosam odio deserunt. Unde error eos. Facilis accusantium sint. Saepe neque magnam. Est tempore dolores. Velit dolorem omnis. Id laudantium rem. Aperiam modi sint. Dolores qui voluptatem. Quibusdam neque sed. Dolor totam cumque. Necessitatibus veritatis id.	33	Project	2026-05-22 10:13:37.881412	2025-07-04 10:13:37.880381	2026-05-22 10:13:37.884527	9
411	Sunt minus dolores. Eos dicta autem. Dolore dolor id. Impedit ut ratione. Velit sint tempore. Delectus et quia. Enim impedit sed. Aut quo dolores. Quia facere perferendis. Et eos ut. Omnis dolorum nihil. Hic officiis provident. Dolorem iste numquam. Illum aut ut. Dolor iste qui. Consequatur reprehenderit id. Commodi necessitatibus at. Eos et et.	33	Project	2026-05-22 10:13:37.888442	2026-03-13 11:13:37.887323	2026-05-22 10:13:37.894213	38
412	Tempore necessitatibus esse. Beatae recusandae nulla. Similique error culpa. Omnis maxime minus. Dicta repellat nulla. Et illo quia. Atque esse cumque. Debitis dignissimos aut. Non dolor rerum. Qui eum eveniet. Et sed et. Et qui itaque. Explicabo sint quia. Eligendi distinctio molestias. Rem ut velit. Occaecati rerum iusto. Non nemo molestiae. Culpa omnis saepe. Maxime molestiae eum. Et molestiae sapiente. Sunt est dicta. Dicta atque cumque. Dolor itaque maiores. Ut labore est. Tempore nemo amet. Ducimus consectetur aut. Perferendis voluptas architecto.	33	Project	2026-05-22 10:13:37.898759	2026-02-13 11:13:37.897407	2026-05-22 10:13:37.901253	13
413	Nihil temporibus animi. Dolor amet delectus. Nemo sunt iusto. Earum nostrum eum. Modi quis doloribus. Aut quas ut. Ducimus rem sit. Nesciunt distinctio delectus. Consequatur tempore recusandae. Accusantium ducimus distinctio. Reiciendis sunt at. Et repellat dolorem. Voluptas unde alias. Suscipit quo eos. Veritatis ut ducimus. Rerum earum aut. Ut blanditiis facilis. Porro assumenda repellendus.	33	Project	2026-05-22 10:13:37.904513	2025-08-01 10:13:37.903498	2026-05-22 10:13:37.912342	53
415	Ut molestiae accusantium. Sunt ea nam. Cumque laborum et. Quia et nihil. Beatae omnis cum. Autem aperiam ut. In suscipit qui. Fugiat quo ipsum. Aut et quo. Optio beatae unde. Tempora aut inventore. Laudantium rerum dolores. Commodi explicabo dolorem. Vel quibusdam magni. Qui id ullam. Laboriosam aspernatur reprehenderit. Quod sequi ea. Fugiat cumque et. Dolorem ratione reiciendis. Optio aliquam illo. Porro natus sint. Consequuntur cupiditate reprehenderit. Possimus reiciendis et. Sint maiores adipisci. Iusto quibusdam voluptatem. Suscipit nemo magnam. Sunt sequi dolorum.	33	Project	2026-05-22 10:13:37.922571	2025-09-02 10:13:37.921439	2026-05-22 10:13:37.930968	4
416	Impedit sequi aut. Quia hic consequatur. Sit dolor voluptatem. Et quod dolore. Cum dolores quo. A nulla tenetur. Ab quidem aut. Temporibus autem asperiores. Harum perspiciatis quibusdam. Repudiandae et ut. Corrupti omnis minus. Ducimus consequatur animi. Non earum est. Aut hic vero. Ipsa delectus labore. Aliquid minus libero. Voluptatibus rerum id. Deserunt voluptatem sint.	33	Project	2026-05-22 10:13:37.934494	2025-12-18 11:13:37.933475	2026-05-22 10:13:37.936867	25
417	Alias sequi molestias. Voluptatibus magnam commodi. Vero nobis enim. Alias corporis sunt. Saepe neque sed. Et rem doloremque. Possimus voluptas eum. Corrupti ullam optio. Corporis odio reprehenderit. Quos sunt illum. Expedita in vel. Atque voluptatem quia. Accusantium ut id. Fugiat voluptatem minima. Quasi vel itaque.	34	Project	2026-05-22 10:13:37.972549	2025-08-03 10:13:37.969731	2026-05-22 10:13:37.985977	54
418	Sint expedita nesciunt. Laborum tenetur eum. Est in et. Perspiciatis vel quo. Dolore sit veritatis. Voluptate quibusdam non. Voluptatum natus rem. Occaecati eius recusandae. Nulla aut debitis. Impedit officiis dolore. Amet adipisci itaque. In corporis fugit.	34	Project	2026-05-22 10:13:37.999298	2026-04-05 10:13:37.989443	2026-05-22 10:13:38.00177	27
419	Et est dolores. Officia earum necessitatibus. Nobis et accusantium. Totam repellat explicabo. Nesciunt ipsa vel. Quia similique nobis. Sit culpa aut. Voluptatem commodi sed. Quis odio error. Expedita dicta rerum. Aut inventore porro. Eaque dolorem voluptate.	34	Project	2026-05-22 10:13:38.01547	2026-02-01 11:13:38.014057	2026-05-22 10:13:38.018145	38
420	Est et rerum. Rem ipsam consequatur. Facilis fugit sed. Ipsum ut saepe. Rerum minus exercitationem. Eaque architecto beatae. Nisi enim voluptate. Optio est qui. Doloribus velit quam. Sapiente dolores possimus. Ducimus quisquam quis. Adipisci nulla qui. Omnis cum ullam. Sequi aut rerum. Minus accusamus aut. Ut nihil ducimus. Explicabo quia in. Exercitationem reiciendis et. Quam id beatae. Est sunt numquam. Asperiores expedita aut.	34	Project	2026-05-22 10:13:38.022935	2026-05-06 10:13:38.021601	2026-05-22 10:13:38.034372	52
421	Qui occaecati recusandae. Sequi harum sit. Quasi sed ut. Rem dicta odit. Similique esse aut. Delectus nulla molestiae. Nobis similique voluptas. Similique et animi. Nostrum consequatur excepturi. Laudantium delectus aspernatur. Quibusdam in harum. Neque occaecati soluta. Officiis voluptate et. Natus corrupti atque. Voluptatem dolorem ea.	34	Project	2026-05-22 10:13:38.037835	2025-07-30 10:13:38.036876	2026-05-22 10:13:38.046505	9
422	Velit sed nesciunt. Quia quam maiores. Nihil id sunt. Non dicta vel. Commodi modi est. Soluta at maxime. Repellat voluptatem dignissimos. Qui qui non. Nihil et omnis. Dolorem qui distinctio. Voluptas corrupti culpa. Quasi sunt mollitia. Et perferendis quibusdam. Fuga veritatis ducimus. Autem ut ut. Nisi repudiandae corrupti. Animi sit officia. Iste aliquid placeat. Dolorem iure ad. Dolorum dolor et. Pariatur dolore laborum.	34	Project	2026-05-22 10:13:38.054013	2025-07-13 10:13:38.05273	2026-05-22 10:13:38.059933	52
423	Doloremque quis corporis. Impedit labore accusamus. Enim suscipit culpa. Possimus non labore. Sint dolore corporis. Laboriosam non quisquam. Dolor et ex. Officia alias quidem. Voluptates et occaecati. Esse voluptatum reiciendis. Incidunt nihil minima. Ut id ab. Et consequatur quisquam. Quaerat cumque delectus. Vel ut minima.	34	Project	2026-05-22 10:13:38.065792	2025-12-24 11:13:38.064063	2026-05-22 10:13:38.06871	34
424	Qui unde molestiae. Minima qui aperiam. Doloribus et iusto. Voluptates in ut. Nostrum eos sint. Cum ad amet. Qui recusandae illo. Nemo quo esse. Dicta ducimus et. Velit consequatur sit. Eveniet numquam ullam. Nihil similique voluptatum. Et ab aliquam. Doloremque asperiores amet. Nihil omnis ea. Officiis sed consequatur. Itaque voluptatibus aut. Consequatur aliquid qui. Nesciunt non ut. Illum quis fugiat. Debitis quis velit. Voluptas id provident. Dolorem quia error. Sapiente consectetur atque. Voluptatem eaque maiores. Dolore consequatur consectetur. Rerum occaecati provident.	34	Project	2026-05-22 10:13:38.080043	2025-08-12 10:13:38.072528	2026-05-22 10:13:38.082977	10
425	Dolor dolores quod. Commodi voluptatem ut. Id dolores voluptatem. Fuga cum culpa. Pariatur est voluptatem. Placeat sapiente sit. Explicabo voluptate porro. Nam ipsum vel. Eum provident quidem. Cum laboriosam est. Est laborum libero. Autem voluptatibus qui. Id officiis aliquid. Amet voluptatibus laudantium. Deserunt itaque cumque. Hic exercitationem sunt. Accusantium itaque tempore. Dolore rerum veniam. Et voluptatem sapiente. Necessitatibus enim alias. Dolorum est modi. Maiores facilis sit. Porro natus recusandae. Odit eveniet dicta. Earum est quo. Repellat architecto possimus. Tempora sunt aperiam.	35	Project	2026-05-22 10:13:38.128463	2025-09-21 10:13:38.12093	2026-05-22 10:13:38.13127	17
426	Consequuntur cupiditate voluptatibus. Aut sit consequatur. Autem voluptatem eligendi. Nobis officia suscipit. Mollitia nisi hic. Enim sit magni. Placeat quasi et. Animi id et. Ut quibusdam eum. Qui ea exercitationem. A voluptate minima. Velit voluptatem atque. Doloremque deserunt sit. Suscipit ea numquam. Doloribus labore facilis. Sunt soluta dolorem. Delectus iste minima. Et sunt consectetur. Incidunt facere nostrum. Et accusantium minima. Beatae molestias est.	35	Project	2026-05-22 10:13:38.135732	2025-09-13 10:13:38.134368	2026-05-22 10:13:38.13822	24
427	Eum illum unde. Fugit nesciunt neque. Distinctio qui dolorum. Laborum eos quasi. Et minima corporis. Unde perspiciatis et. Et aut et. Enim sed voluptates. Dolores modi et. Blanditiis repellendus recusandae. Officiis nihil qui. Numquam iure cupiditate. Ut aliquid error. Asperiores reprehenderit aut. Aperiam quia dignissimos. Eos et modi. Iusto eius veritatis. Atque in dolores. Aliquam vitae officiis. Illum reprehenderit consequatur. Cupiditate omnis voluptates. Vel pariatur non. Molestiae ut doloremque. Tempora qui soluta.	35	Project	2026-05-22 10:13:38.144642	2025-12-23 11:13:38.143144	2026-05-22 10:13:38.148065	12
428	Corporis sit magnam. Aut saepe asperiores. Aut tenetur sed. Velit sunt temporibus. Vel eveniet ut. Omnis omnis ratione. Dolore eligendi tempore. Quia quasi velit. Est tempora tenetur. Nam expedita quibusdam. Incidunt accusamus perferendis. Labore vel laudantium. Corporis autem qui. Voluptatibus voluptatum non. Similique nihil soluta.	35	Project	2026-05-22 10:13:38.153566	2025-11-10 11:13:38.152452	2026-05-22 10:13:38.156286	9
429	Esse aut qui. Accusamus voluptas nostrum. Ullam nobis qui. Suscipit ad et. Aspernatur sit est. Eos et aut. Dolorum quo amet. Quidem temporibus itaque. Rerum commodi laboriosam. Voluptatem at rem. Repudiandae delectus minus. Blanditiis veritatis in. Adipisci qui dolorem. Temporibus veritatis officia. Quia quam voluptatem. Molestiae voluptatum tempore. Provident aut voluptatum. Accusantium adipisci quaerat.	35	Project	2026-05-22 10:13:38.162131	2025-09-15 10:13:38.159169	2026-05-22 10:13:38.16872	13
430	Cum in earum. Quo alias amet. Tempora qui doloribus. Quia dolorem ut. Vero quidem voluptatem. Sunt dolores nemo. Laudantium aut totam. Facere aut iusto. Nihil labore libero. Maxime harum impedit. Et earum aperiam. Maiores quis laboriosam. Dolorum eius voluptatem. Soluta ut quia. Tempora et molestiae. Repellat placeat aliquam. Natus quae sit. Et velit eveniet. Dolorum non velit. Sequi ipsum ratione. Et eos occaecati.	35	Project	2026-05-22 10:13:38.18054	2025-09-01 10:13:38.171441	2026-05-22 10:13:38.183539	17
431	Accusantium explicabo sint. Expedita in reiciendis. Quod quisquam ut. Natus sed odit. Dolores numquam voluptatem. Possimus corporis accusamus. Et ut qui. Et repellendus at. Explicabo quia aut. In rerum qui. Modi nam illo. Voluptatem sunt aut.	35	Project	2026-05-22 10:13:38.187659	2026-02-20 11:13:38.186212	2026-05-22 10:13:38.190639	26
432	Voluptas dolor a. Sed doloribus quibusdam. Doloremque rerum incidunt. Eos voluptate ea. Voluptas modi sequi. Voluptatem voluptas possimus. Tempora veritatis voluptatem. Non omnis qui. Necessitatibus recusandae dicta. Eaque ut aut. Modi quis et. Et dolores excepturi. Rerum similique et. Possimus dolor porro. Quo ut molestias. Qui unde blanditiis. Necessitatibus assumenda modi. Qui hic quis. Sit nihil quod. Quis explicabo culpa. Velit sed sed.	35	Project	2026-05-22 10:13:38.195792	2025-06-09 10:13:38.193899	2026-05-22 10:13:38.19876	4
433	Ex odit ducimus. Reprehenderit similique rerum. Itaque iusto natus. Quis corrupti dolorem. Et asperiores et. Rerum veniam eligendi. Omnis qui exercitationem. Natus laudantium non. Quae corporis cumque. Iusto vero voluptates. Facilis inventore sint. Sed voluptate non. Quia officiis sapiente. Magni et velit. Magni et nulla.	35	Project	2026-05-22 10:13:38.203061	2026-01-14 11:13:38.201625	2026-05-22 10:13:38.205171	15
434	Corporis sunt dolores. Et ducimus nisi. Cupiditate architecto repudiandae. Eos quia ut. Est temporibus culpa. Beatae voluptas nostrum. In esse ipsum. Et reprehenderit quia. Est rerum deserunt. Quaerat eos nam. Tempore debitis atque. Hic et non. Eaque rerum sapiente. Reiciendis esse error. Saepe similique sit.	35	Project	2026-05-22 10:13:38.212431	2025-07-31 10:13:38.211033	2026-05-22 10:13:38.214891	3
435	Occaecati rem aut. Ut nihil et. Soluta molestiae iure. Harum et perferendis. Suscipit accusantium qui. Quia occaecati nisi. Sapiente quae doloremque. Voluptatem et nobis. Facilis et enim. Voluptatem aut expedita. Sapiente dolores est. Dolor qui officiis. Porro aperiam quam. Unde quidem est. Ea odit qui. Et voluptas in. Aliquid et eum. Pariatur unde repellendus.	35	Project	2026-05-22 10:13:38.218805	2026-03-27 11:13:38.217441	2026-05-22 10:13:38.221191	22
436	Aut quia eaque. Placeat et exercitationem. Et ut possimus. Et nam nemo. Fugiat modi ducimus. Doloribus voluptate quisquam. Alias quae nemo. Et sunt animi. Odio quae modi. Velit omnis voluptatum. Qui dolor expedita. Officia delectus nesciunt. Odit voluptas tempora. Ut quaerat autem. Animi tempora aspernatur.	35	Project	2026-05-22 10:13:38.225555	2025-07-28 10:13:38.223929	2026-05-22 10:13:38.22914	10
437	Qui delectus fugit. Corporis incidunt ea. Enim iste eum. Tempora maxime voluptas. Non tempora deleniti. Perferendis unde illum. Quae ipsa rerum. Voluptatem cupiditate ea. Inventore labore molestias. Velit quis asperiores. Aliquid at asperiores. Sapiente eum error. Perspiciatis aut maxime. Sunt consequatur aut. Est voluptates doloribus. Similique libero fuga. Ut laboriosam dignissimos. Voluptatem et et.	37	Project	2026-05-22 10:13:38.295783	2025-06-19 10:13:38.294458	2026-05-22 10:13:38.298041	22
\.


--
-- Data for Name: course_links; Type: TABLE DATA; Schema: public; Owner: -
--

COPY public.course_links (id, course_id, created_at, link, "position", updated_at) FROM stdin;
1	1	2026-05-22 10:13:38.299872	http://huels.example/laurence.wilderman	\N	2026-05-22 10:13:38.299872
2	1	2026-05-22 10:13:38.299872	http://damore.example/edward_morar	\N	2026-05-22 10:13:38.299872
3	1	2026-05-22 10:13:38.299872	http://murazik.example/bao	\N	2026-05-22 10:13:38.299872
4	2	2026-05-22 10:13:38.299872	http://rutherford.test/nickolas_veum	\N	2026-05-22 10:13:38.299872
5	2	2026-05-22 10:13:38.299872	http://miller.example/monika	\N	2026-05-22 10:13:38.299872
6	2	2026-05-22 10:13:38.299872	http://swift.example/tyrone	\N	2026-05-22 10:13:38.299872
7	3	2026-05-22 10:13:38.299872	http://nicolas-goodwin.test/afton.dooley	\N	2026-05-22 10:13:38.299872
8	3	2026-05-22 10:13:38.299872	http://lebsack.example/marcie	\N	2026-05-22 10:13:38.299872
9	3	2026-05-22 10:13:38.299872	http://mcdermott.example/norma_kerluke	\N	2026-05-22 10:13:38.299872
10	4	2026-05-22 10:13:38.299872	http://mueller.example/kristofer	\N	2026-05-22 10:13:38.299872
11	4	2026-05-22 10:13:38.299872	http://koss.test/meri	\N	2026-05-22 10:13:38.299872
12	4	2026-05-22 10:13:38.299872	http://parker.example/dorla_casper	\N	2026-05-22 10:13:38.299872
13	5	2026-05-22 10:13:38.299872	http://little-aufderhar.test/burl.jakubowski	\N	2026-05-22 10:13:38.299872
14	5	2026-05-22 10:13:38.299872	http://bednar.example/jordan	\N	2026-05-22 10:13:38.299872
15	5	2026-05-22 10:13:38.299872	http://sipes-kris.test/alayna_beatty	\N	2026-05-22 10:13:38.299872
16	6	2026-05-22 10:13:38.299872	http://kiehn-jenkins.example/cletus_gibson	\N	2026-05-22 10:13:38.299872
17	6	2026-05-22 10:13:38.299872	http://beer.example/ehtel	\N	2026-05-22 10:13:38.299872
18	6	2026-05-22 10:13:38.299872	http://senger-schaden.example/kiana.conroy	\N	2026-05-22 10:13:38.299872
19	7	2026-05-22 10:13:38.299872	http://yundt.test/hobert_price	\N	2026-05-22 10:13:38.299872
20	7	2026-05-22 10:13:38.299872	http://hilll.example/wendell	\N	2026-05-22 10:13:38.299872
21	7	2026-05-22 10:13:38.299872	http://romaguera-blanda.test/carole_turner	\N	2026-05-22 10:13:38.299872
22	8	2026-05-22 10:13:38.299872	http://hauck-schneider.test/nia_abbott	\N	2026-05-22 10:13:38.299872
23	8	2026-05-22 10:13:38.299872	http://spencer-brekke.test/lan.beer	\N	2026-05-22 10:13:38.299872
24	8	2026-05-22 10:13:38.299872	http://hegmann.test/travis	\N	2026-05-22 10:13:38.299872
25	9	2026-05-22 10:13:38.299872	http://kunze-bayer.example/rosario.breitenberg	\N	2026-05-22 10:13:38.299872
26	9	2026-05-22 10:13:38.299872	http://blick.example/joaquin	\N	2026-05-22 10:13:38.299872
27	9	2026-05-22 10:13:38.299872	http://tromp-tremblay.example/sydney.heller	\N	2026-05-22 10:13:38.299872
28	10	2026-05-22 10:13:38.299872	http://harris.example/debbie	\N	2026-05-22 10:13:38.299872
29	10	2026-05-22 10:13:38.299872	http://ritchie.example/walter	\N	2026-05-22 10:13:38.299872
30	10	2026-05-22 10:13:38.299872	http://luettgen.test/marya_metz	\N	2026-05-22 10:13:38.299872
31	11	2026-05-22 10:13:38.299872	http://bode.test/brinda	\N	2026-05-22 10:13:38.299872
32	11	2026-05-22 10:13:38.299872	http://gusikowski.test/vicenta	\N	2026-05-22 10:13:38.299872
33	11	2026-05-22 10:13:38.299872	http://dicki.example/iona	\N	2026-05-22 10:13:38.299872
34	12	2026-05-22 10:13:38.299872	http://crist-crooks.test/keira	\N	2026-05-22 10:13:38.299872
35	12	2026-05-22 10:13:38.299872	http://wyman-sawayn.test/lucas	\N	2026-05-22 10:13:38.299872
36	12	2026-05-22 10:13:38.299872	http://padberg.test/tamatha	\N	2026-05-22 10:13:38.299872
37	13	2026-05-22 10:13:38.299872	http://shanahan.example/bo.schumm	\N	2026-05-22 10:13:38.299872
38	13	2026-05-22 10:13:38.299872	http://leuschke.test/emmitt	\N	2026-05-22 10:13:38.299872
39	13	2026-05-22 10:13:38.299872	http://robel-waters.test/norbert.hermiston	\N	2026-05-22 10:13:38.299872
40	14	2026-05-22 10:13:38.299872	http://schinner-wuckert.example/cory	\N	2026-05-22 10:13:38.299872
41	14	2026-05-22 10:13:38.299872	http://zieme-lynch.test/hank_prosacco	\N	2026-05-22 10:13:38.299872
42	14	2026-05-22 10:13:38.299872	http://murphy.test/ozie	\N	2026-05-22 10:13:38.299872
43	15	2026-05-22 10:13:38.299872	http://kris.example/edgardo.dooley	\N	2026-05-22 10:13:38.299872
44	15	2026-05-22 10:13:38.299872	http://stanton.example/jonathan_schamberger	\N	2026-05-22 10:13:38.299872
45	15	2026-05-22 10:13:38.299872	http://beahan-mcdermott.test/shannon.weissnat	\N	2026-05-22 10:13:38.299872
46	16	2026-05-22 10:13:38.299872	http://auer.test/marhta_medhurst	\N	2026-05-22 10:13:38.299872
47	16	2026-05-22 10:13:38.299872	http://veum.test/orville	\N	2026-05-22 10:13:38.299872
48	16	2026-05-22 10:13:38.299872	http://metz.example/emerald.rodriguez	\N	2026-05-22 10:13:38.299872
49	17	2026-05-22 10:13:38.299872	http://bailey.example/irving	\N	2026-05-22 10:13:38.299872
50	17	2026-05-22 10:13:38.299872	http://corkery-wolff.test/caroll.marquardt	\N	2026-05-22 10:13:38.299872
51	17	2026-05-22 10:13:38.299872	http://kassulke.test/herman	\N	2026-05-22 10:13:38.299872
52	18	2026-05-22 10:13:38.299872	http://gislason.example/gary_powlowski	\N	2026-05-22 10:13:38.299872
53	18	2026-05-22 10:13:38.299872	http://konopelski.test/manuel_jaskolski	\N	2026-05-22 10:13:38.299872
54	18	2026-05-22 10:13:38.299872	http://stanton.test/nell	\N	2026-05-22 10:13:38.299872
55	19	2026-05-22 10:13:38.299872	http://swaniawski.test/elane	\N	2026-05-22 10:13:38.299872
56	19	2026-05-22 10:13:38.299872	http://robel-labadie.test/colby	\N	2026-05-22 10:13:38.299872
57	19	2026-05-22 10:13:38.299872	http://hand.example/paulette.kovacek	\N	2026-05-22 10:13:38.299872
58	20	2026-05-22 10:13:38.299872	http://bartoletti.example/elida	\N	2026-05-22 10:13:38.299872
59	20	2026-05-22 10:13:38.299872	http://torphy.test/libbie_ankunding	\N	2026-05-22 10:13:38.299872
60	20	2026-05-22 10:13:38.299872	http://koss-satterfield.example/robin_towne	\N	2026-05-22 10:13:38.299872
61	21	2026-05-22 10:13:38.299872	http://bogisich.test/jim_hermann	\N	2026-05-22 10:13:38.299872
62	21	2026-05-22 10:13:38.299872	http://blanda.test/eduardo	\N	2026-05-22 10:13:38.299872
63	21	2026-05-22 10:13:38.299872	http://willms-sawayn.test/florencio	\N	2026-05-22 10:13:38.299872
64	22	2026-05-22 10:13:38.299872	http://nolan.test/monroe	\N	2026-05-22 10:13:38.299872
65	22	2026-05-22 10:13:38.299872	http://spinka.example/jamison_krajcik	\N	2026-05-22 10:13:38.299872
66	22	2026-05-22 10:13:38.299872	http://schinner-renner.test/madelene_kuvalis	\N	2026-05-22 10:13:38.299872
67	23	2026-05-22 10:13:38.299872	http://lang.test/clora	\N	2026-05-22 10:13:38.299872
68	23	2026-05-22 10:13:38.299872	http://grimes-schroeder.test/dani	\N	2026-05-22 10:13:38.299872
69	23	2026-05-22 10:13:38.299872	http://spencer-fay.example/manuel.schamberger	\N	2026-05-22 10:13:38.299872
70	24	2026-05-22 10:13:38.299872	http://kuhn-haley.test/lashunda	\N	2026-05-22 10:13:38.299872
71	24	2026-05-22 10:13:38.299872	http://hand.test/josh	\N	2026-05-22 10:13:38.299872
72	24	2026-05-22 10:13:38.299872	http://barrows.example/mahalia	\N	2026-05-22 10:13:38.299872
73	25	2026-05-22 10:13:38.299872	http://kuhlman.example/maurita	\N	2026-05-22 10:13:38.299872
74	25	2026-05-22 10:13:38.299872	http://mayert-reichert.test/jeremy	\N	2026-05-22 10:13:38.299872
75	25	2026-05-22 10:13:38.299872	http://carroll-rolfson.example/mickie_leuschke	\N	2026-05-22 10:13:38.299872
76	26	2026-05-22 10:13:38.299872	http://gislason.example/evette	\N	2026-05-22 10:13:38.299872
77	26	2026-05-22 10:13:38.299872	http://wuckert.test/perry_davis	\N	2026-05-22 10:13:38.299872
78	26	2026-05-22 10:13:38.299872	http://braun-pagac.test/melda.stehr	\N	2026-05-22 10:13:38.299872
79	27	2026-05-22 10:13:38.299872	http://vandervort-ortiz.test/donnie	\N	2026-05-22 10:13:38.299872
80	27	2026-05-22 10:13:38.299872	http://bauch-larkin.test/natacha	\N	2026-05-22 10:13:38.299872
81	27	2026-05-22 10:13:38.299872	http://wisozk.test/mable.rosenbaum	\N	2026-05-22 10:13:38.299872
82	28	2026-05-22 10:13:38.299872	http://pacocha.test/alvaro_romaguera	\N	2026-05-22 10:13:38.299872
83	28	2026-05-22 10:13:38.299872	http://hoeger.test/lupe_raynor	\N	2026-05-22 10:13:38.299872
252	84	2026-05-22 10:13:38.299872	http://smith-feest.example/luigi_graham	\N	2026-05-22 10:13:38.299872
84	28	2026-05-22 10:13:38.299872	http://reinger.example/altagracia.flatley	\N	2026-05-22 10:13:38.299872
85	29	2026-05-22 10:13:38.299872	http://upton.example/madeline.schmidt	\N	2026-05-22 10:13:38.299872
86	29	2026-05-22 10:13:38.299872	http://schiller-zulauf.test/marla	\N	2026-05-22 10:13:38.299872
87	29	2026-05-22 10:13:38.299872	http://daugherty-yundt.example/song.klocko	\N	2026-05-22 10:13:38.299872
88	30	2026-05-22 10:13:38.299872	http://goldner-considine.test/pa.stanton	\N	2026-05-22 10:13:38.299872
89	30	2026-05-22 10:13:38.299872	http://erdman.example/guadalupe	\N	2026-05-22 10:13:38.299872
90	30	2026-05-22 10:13:38.299872	http://kreiger-macgyver.test/rochell	\N	2026-05-22 10:13:38.299872
91	31	2026-05-22 10:13:38.299872	http://tillman.example/fidel	\N	2026-05-22 10:13:38.299872
92	31	2026-05-22 10:13:38.299872	http://gottlieb.test/trenton	\N	2026-05-22 10:13:38.299872
93	31	2026-05-22 10:13:38.299872	http://mann-berge.test/antonia_bednar	\N	2026-05-22 10:13:38.299872
94	32	2026-05-22 10:13:38.299872	http://huel-lesch.example/willis	\N	2026-05-22 10:13:38.299872
95	32	2026-05-22 10:13:38.299872	http://hane.example/alonzo_emard	\N	2026-05-22 10:13:38.299872
96	32	2026-05-22 10:13:38.299872	http://cole.test/louise	\N	2026-05-22 10:13:38.299872
97	33	2026-05-22 10:13:38.299872	http://schmidt.example/billi	\N	2026-05-22 10:13:38.299872
98	33	2026-05-22 10:13:38.299872	http://stehr-lynch.test/rocio	\N	2026-05-22 10:13:38.299872
99	33	2026-05-22 10:13:38.299872	http://ratke-legros.test/ethan.king	\N	2026-05-22 10:13:38.299872
100	34	2026-05-22 10:13:38.299872	http://mccullough.example/rachel.waelchi	\N	2026-05-22 10:13:38.299872
101	34	2026-05-22 10:13:38.299872	http://moore.test/alton	\N	2026-05-22 10:13:38.299872
102	34	2026-05-22 10:13:38.299872	http://wiegand.test/tod	\N	2026-05-22 10:13:38.299872
103	35	2026-05-22 10:13:38.299872	http://hauck.example/elza	\N	2026-05-22 10:13:38.299872
104	35	2026-05-22 10:13:38.299872	http://towne.test/towanda.skiles	\N	2026-05-22 10:13:38.299872
105	35	2026-05-22 10:13:38.299872	http://kovacek-sawayn.example/jules	\N	2026-05-22 10:13:38.299872
106	36	2026-05-22 10:13:38.299872	http://runte.example/zack_tremblay	\N	2026-05-22 10:13:38.299872
107	36	2026-05-22 10:13:38.299872	http://bauch.test/jonathon_herman	\N	2026-05-22 10:13:38.299872
108	36	2026-05-22 10:13:38.299872	http://kertzmann-altenwerth.example/rosy	\N	2026-05-22 10:13:38.299872
109	37	2026-05-22 10:13:38.299872	http://thiel-skiles.test/gwen	\N	2026-05-22 10:13:38.299872
110	37	2026-05-22 10:13:38.299872	http://hartmann.test/ethyl	\N	2026-05-22 10:13:38.299872
111	37	2026-05-22 10:13:38.299872	http://swaniawski.example/shanell	\N	2026-05-22 10:13:38.299872
112	38	2026-05-22 10:13:38.299872	http://wolf.test/karan	\N	2026-05-22 10:13:38.299872
113	38	2026-05-22 10:13:38.299872	http://vonrueden.example/annalisa	\N	2026-05-22 10:13:38.299872
114	38	2026-05-22 10:13:38.299872	http://padberg.test/chance_huel	\N	2026-05-22 10:13:38.299872
115	39	2026-05-22 10:13:38.299872	http://ledner.test/jarod	\N	2026-05-22 10:13:38.299872
116	39	2026-05-22 10:13:38.299872	http://hilpert-dooley.example/mariann.doyle	\N	2026-05-22 10:13:38.299872
117	39	2026-05-22 10:13:38.299872	http://hane-harber.test/dominique	\N	2026-05-22 10:13:38.299872
118	40	2026-05-22 10:13:38.299872	http://weimann.test/gilbert	\N	2026-05-22 10:13:38.299872
119	40	2026-05-22 10:13:38.299872	http://kuhlman.test/felton	\N	2026-05-22 10:13:38.299872
120	40	2026-05-22 10:13:38.299872	http://bayer.example/wilbur	\N	2026-05-22 10:13:38.299872
121	41	2026-05-22 10:13:38.299872	http://olson.example/katrice	\N	2026-05-22 10:13:38.299872
122	41	2026-05-22 10:13:38.299872	http://bartoletti.example/veta	\N	2026-05-22 10:13:38.299872
123	41	2026-05-22 10:13:38.299872	http://heaney.example/morris	\N	2026-05-22 10:13:38.299872
124	42	2026-05-22 10:13:38.299872	http://langworth.test/delisa.pfannerstill	\N	2026-05-22 10:13:38.299872
125	42	2026-05-22 10:13:38.299872	http://ferry.test/loise	\N	2026-05-22 10:13:38.299872
126	42	2026-05-22 10:13:38.299872	http://schaefer-spinka.test/christian.huel	\N	2026-05-22 10:13:38.299872
127	43	2026-05-22 10:13:38.299872	http://casper-powlowski.example/leeanna.fritsch	\N	2026-05-22 10:13:38.299872
128	43	2026-05-22 10:13:38.299872	http://lebsack.example/guy	\N	2026-05-22 10:13:38.299872
129	43	2026-05-22 10:13:38.299872	http://jaskolski.example/jannet_rau	\N	2026-05-22 10:13:38.299872
130	44	2026-05-22 10:13:38.299872	http://bailey-west.test/tawanna	\N	2026-05-22 10:13:38.299872
131	44	2026-05-22 10:13:38.299872	http://hermann.test/lacy.casper	\N	2026-05-22 10:13:38.299872
132	44	2026-05-22 10:13:38.299872	http://abshire.example/ed_murazik	\N	2026-05-22 10:13:38.299872
133	45	2026-05-22 10:13:38.299872	http://dooley.test/nicolas	\N	2026-05-22 10:13:38.299872
134	45	2026-05-22 10:13:38.299872	http://becker-gleason.example/siobhan.parker	\N	2026-05-22 10:13:38.299872
135	45	2026-05-22 10:13:38.299872	http://haag-ruecker.test/jutta	\N	2026-05-22 10:13:38.299872
136	46	2026-05-22 10:13:38.299872	http://moore-ankunding.example/mittie_collins	\N	2026-05-22 10:13:38.299872
137	46	2026-05-22 10:13:38.299872	http://nolan-spencer.example/louise.kautzer	\N	2026-05-22 10:13:38.299872
138	46	2026-05-22 10:13:38.299872	http://marquardt-rowe.test/tammy	\N	2026-05-22 10:13:38.299872
139	47	2026-05-22 10:13:38.299872	http://gerhold.example/mariette.rippin	\N	2026-05-22 10:13:38.299872
140	47	2026-05-22 10:13:38.299872	http://jones.example/latrice	\N	2026-05-22 10:13:38.299872
141	47	2026-05-22 10:13:38.299872	http://buckridge.example/vesta	\N	2026-05-22 10:13:38.299872
142	48	2026-05-22 10:13:38.299872	http://pfannerstill-howe.example/alexis.emmerich	\N	2026-05-22 10:13:38.299872
143	48	2026-05-22 10:13:38.299872	http://homenick.example/theron	\N	2026-05-22 10:13:38.299872
144	48	2026-05-22 10:13:38.299872	http://ondricka.example/joseph_bartoletti	\N	2026-05-22 10:13:38.299872
145	49	2026-05-22 10:13:38.299872	http://mueller.example/ross	\N	2026-05-22 10:13:38.299872
146	49	2026-05-22 10:13:38.299872	http://schumm.test/kiera	\N	2026-05-22 10:13:38.299872
147	49	2026-05-22 10:13:38.299872	http://kshlerin.test/carla	\N	2026-05-22 10:13:38.299872
148	50	2026-05-22 10:13:38.299872	http://jaskolski.test/collin	\N	2026-05-22 10:13:38.299872
149	50	2026-05-22 10:13:38.299872	http://kling.example/sharen	\N	2026-05-22 10:13:38.299872
150	50	2026-05-22 10:13:38.299872	http://rau-miller.example/warren_cremin	\N	2026-05-22 10:13:38.299872
151	51	2026-05-22 10:13:38.299872	http://okon.test/bula.durgan	\N	2026-05-22 10:13:38.299872
152	51	2026-05-22 10:13:38.299872	http://mccullough-ritchie.example/alleen	\N	2026-05-22 10:13:38.299872
153	51	2026-05-22 10:13:38.299872	http://hand.test/mohammad	\N	2026-05-22 10:13:38.299872
154	52	2026-05-22 10:13:38.299872	http://cremin.test/maryln	\N	2026-05-22 10:13:38.299872
155	52	2026-05-22 10:13:38.299872	http://jacobs.test/elisabeth	\N	2026-05-22 10:13:38.299872
156	52	2026-05-22 10:13:38.299872	http://ziemann.example/ella	\N	2026-05-22 10:13:38.299872
157	53	2026-05-22 10:13:38.299872	http://lehner.test/sharika	\N	2026-05-22 10:13:38.299872
158	53	2026-05-22 10:13:38.299872	http://hagenes-hauck.test/emilia	\N	2026-05-22 10:13:38.299872
159	53	2026-05-22 10:13:38.299872	http://huels.test/louis	\N	2026-05-22 10:13:38.299872
160	54	2026-05-22 10:13:38.299872	http://wilderman-pacocha.test/alva.hackett	\N	2026-05-22 10:13:38.299872
161	54	2026-05-22 10:13:38.299872	http://rice-crist.example/pasquale.gibson	\N	2026-05-22 10:13:38.299872
162	54	2026-05-22 10:13:38.299872	http://mclaughlin-labadie.test/jessie	\N	2026-05-22 10:13:38.299872
163	55	2026-05-22 10:13:38.299872	http://strosin-shanahan.example/ciera	\N	2026-05-22 10:13:38.299872
164	55	2026-05-22 10:13:38.299872	http://kohler.test/darla	\N	2026-05-22 10:13:38.299872
165	55	2026-05-22 10:13:38.299872	http://hills.test/frederick_shields	\N	2026-05-22 10:13:38.299872
166	56	2026-05-22 10:13:38.299872	http://mckenzie.example/mary_grady	\N	2026-05-22 10:13:38.299872
167	56	2026-05-22 10:13:38.299872	http://kuhlman.example/omer.medhurst	\N	2026-05-22 10:13:38.299872
168	56	2026-05-22 10:13:38.299872	http://breitenberg.example/migdalia.ryan	\N	2026-05-22 10:13:38.299872
169	57	2026-05-22 10:13:38.299872	http://murazik.test/greg	\N	2026-05-22 10:13:38.299872
170	57	2026-05-22 10:13:38.299872	http://oberbrunner-ziemann.test/ali.gutkowski	\N	2026-05-22 10:13:38.299872
171	57	2026-05-22 10:13:38.299872	http://konopelski.example/jenine	\N	2026-05-22 10:13:38.299872
172	58	2026-05-22 10:13:38.299872	http://kunde.example/walker	\N	2026-05-22 10:13:38.299872
173	58	2026-05-22 10:13:38.299872	http://kovacek.test/tamie	\N	2026-05-22 10:13:38.299872
174	58	2026-05-22 10:13:38.299872	http://rath-white.test/rachal	\N	2026-05-22 10:13:38.299872
175	59	2026-05-22 10:13:38.299872	http://beatty-hagenes.test/kaleigh	\N	2026-05-22 10:13:38.299872
176	59	2026-05-22 10:13:38.299872	http://maggio.test/gaston	\N	2026-05-22 10:13:38.299872
177	59	2026-05-22 10:13:38.299872	http://mraz.test/milford	\N	2026-05-22 10:13:38.299872
178	60	2026-05-22 10:13:38.299872	http://zboncak.test/nanette	\N	2026-05-22 10:13:38.299872
179	60	2026-05-22 10:13:38.299872	http://stiedemann.test/mila	\N	2026-05-22 10:13:38.299872
180	60	2026-05-22 10:13:38.299872	http://wyman.example/beatrice.stiedemann	\N	2026-05-22 10:13:38.299872
181	61	2026-05-22 10:13:38.299872	http://huels.example/adan	\N	2026-05-22 10:13:38.299872
182	61	2026-05-22 10:13:38.299872	http://veum.example/buford	\N	2026-05-22 10:13:38.299872
183	61	2026-05-22 10:13:38.299872	http://pfannerstill-haag.example/sherwood.bergstrom	\N	2026-05-22 10:13:38.299872
184	62	2026-05-22 10:13:38.299872	http://yundt.example/randell.schiller	\N	2026-05-22 10:13:38.299872
185	62	2026-05-22 10:13:38.299872	http://champlin.example/liliana.paucek	\N	2026-05-22 10:13:38.299872
186	62	2026-05-22 10:13:38.299872	http://becker.example/nick.hagenes	\N	2026-05-22 10:13:38.299872
187	63	2026-05-22 10:13:38.299872	http://cremin-boyer.test/loni_bradtke	\N	2026-05-22 10:13:38.299872
188	63	2026-05-22 10:13:38.299872	http://cremin.test/renae.jerde	\N	2026-05-22 10:13:38.299872
189	63	2026-05-22 10:13:38.299872	http://koss.test/toby.cruickshank	\N	2026-05-22 10:13:38.299872
190	64	2026-05-22 10:13:38.299872	http://mayer.test/brande.greenfelder	\N	2026-05-22 10:13:38.299872
191	64	2026-05-22 10:13:38.299872	http://reilly-runte.example/abe.miller	\N	2026-05-22 10:13:38.299872
192	64	2026-05-22 10:13:38.299872	http://balistreri-klein.example/cathie_kuphal	\N	2026-05-22 10:13:38.299872
193	65	2026-05-22 10:13:38.299872	http://mohr-adams.example/doyle.hahn	\N	2026-05-22 10:13:38.299872
194	65	2026-05-22 10:13:38.299872	http://hirthe-wolff.example/johnson	\N	2026-05-22 10:13:38.299872
195	65	2026-05-22 10:13:38.299872	http://wolff.example/gavin	\N	2026-05-22 10:13:38.299872
196	66	2026-05-22 10:13:38.299872	http://reinger.example/tammi	\N	2026-05-22 10:13:38.299872
197	66	2026-05-22 10:13:38.299872	http://dach.example/natividad	\N	2026-05-22 10:13:38.299872
198	66	2026-05-22 10:13:38.299872	http://stroman.example/dewey	\N	2026-05-22 10:13:38.299872
199	67	2026-05-22 10:13:38.299872	http://trantow.example/seymour.bergstrom	\N	2026-05-22 10:13:38.299872
200	67	2026-05-22 10:13:38.299872	http://daniel.test/rodger.oreilly	\N	2026-05-22 10:13:38.299872
201	67	2026-05-22 10:13:38.299872	http://turner.test/lesley	\N	2026-05-22 10:13:38.299872
202	68	2026-05-22 10:13:38.299872	http://hamill.test/paul	\N	2026-05-22 10:13:38.299872
203	68	2026-05-22 10:13:38.299872	http://west-glover.test/barbara.quitzon	\N	2026-05-22 10:13:38.299872
204	68	2026-05-22 10:13:38.299872	http://bogan.test/irene	\N	2026-05-22 10:13:38.299872
205	69	2026-05-22 10:13:38.299872	http://lind-mckenzie.test/humberto	\N	2026-05-22 10:13:38.299872
206	69	2026-05-22 10:13:38.299872	http://simonis.example/shay.ledner	\N	2026-05-22 10:13:38.299872
207	69	2026-05-22 10:13:38.299872	http://gusikowski.example/maryam	\N	2026-05-22 10:13:38.299872
208	70	2026-05-22 10:13:38.299872	http://vonrueden.example/janene_quitzon	\N	2026-05-22 10:13:38.299872
209	70	2026-05-22 10:13:38.299872	http://funk.test/jodee_botsford	\N	2026-05-22 10:13:38.299872
210	70	2026-05-22 10:13:38.299872	http://toy.example/janetta	\N	2026-05-22 10:13:38.299872
211	71	2026-05-22 10:13:38.299872	http://kirlin.test/elvin	\N	2026-05-22 10:13:38.299872
212	71	2026-05-22 10:13:38.299872	http://kertzmann.test/scott_nikolaus	\N	2026-05-22 10:13:38.299872
213	71	2026-05-22 10:13:38.299872	http://hirthe.test/hilda.rowe	\N	2026-05-22 10:13:38.299872
214	72	2026-05-22 10:13:38.299872	http://denesik.test/harriette	\N	2026-05-22 10:13:38.299872
215	72	2026-05-22 10:13:38.299872	http://mann-will.test/guadalupe	\N	2026-05-22 10:13:38.299872
216	72	2026-05-22 10:13:38.299872	http://balistreri.test/kirk	\N	2026-05-22 10:13:38.299872
217	73	2026-05-22 10:13:38.299872	http://heaney-klocko.test/paul	\N	2026-05-22 10:13:38.299872
218	73	2026-05-22 10:13:38.299872	http://littel.test/brent.roberts	\N	2026-05-22 10:13:38.299872
219	73	2026-05-22 10:13:38.299872	http://wintheiser.test/kerry	\N	2026-05-22 10:13:38.299872
220	74	2026-05-22 10:13:38.299872	http://kuphal.test/stephan	\N	2026-05-22 10:13:38.299872
221	74	2026-05-22 10:13:38.299872	http://pacocha-hand.example/ambrose	\N	2026-05-22 10:13:38.299872
222	74	2026-05-22 10:13:38.299872	http://greenholt.test/brittani	\N	2026-05-22 10:13:38.299872
223	75	2026-05-22 10:13:38.299872	http://harris-treutel.test/kristeen	\N	2026-05-22 10:13:38.299872
224	75	2026-05-22 10:13:38.299872	http://gerhold.test/jim.wuckert	\N	2026-05-22 10:13:38.299872
225	75	2026-05-22 10:13:38.299872	http://schinner.test/freddy	\N	2026-05-22 10:13:38.299872
226	76	2026-05-22 10:13:38.299872	http://spencer.example/emmitt	\N	2026-05-22 10:13:38.299872
227	76	2026-05-22 10:13:38.299872	http://lesch.example/jeff.leuschke	\N	2026-05-22 10:13:38.299872
228	76	2026-05-22 10:13:38.299872	http://kovacek.example/derrick.hettinger	\N	2026-05-22 10:13:38.299872
229	77	2026-05-22 10:13:38.299872	http://thiel.test/kristina_spinka	\N	2026-05-22 10:13:38.299872
230	77	2026-05-22 10:13:38.299872	http://steuber.test/nina_bartell	\N	2026-05-22 10:13:38.299872
231	77	2026-05-22 10:13:38.299872	http://cremin.example/juliane	\N	2026-05-22 10:13:38.299872
232	78	2026-05-22 10:13:38.299872	http://pfannerstill-kovacek.test/marty	\N	2026-05-22 10:13:38.299872
233	78	2026-05-22 10:13:38.299872	http://zieme-feeney.example/linette_hilll	\N	2026-05-22 10:13:38.299872
234	78	2026-05-22 10:13:38.299872	http://hegmann.example/henry_huel	\N	2026-05-22 10:13:38.299872
235	79	2026-05-22 10:13:38.299872	http://lueilwitz.test/michal	\N	2026-05-22 10:13:38.299872
236	79	2026-05-22 10:13:38.299872	http://langworth-bergstrom.test/manuel	\N	2026-05-22 10:13:38.299872
237	79	2026-05-22 10:13:38.299872	http://monahan-lesch.test/dante_little	\N	2026-05-22 10:13:38.299872
238	80	2026-05-22 10:13:38.299872	http://ernser-schuster.example/abdul	\N	2026-05-22 10:13:38.299872
239	80	2026-05-22 10:13:38.299872	http://satterfield-kihn.test/jerry	\N	2026-05-22 10:13:38.299872
240	80	2026-05-22 10:13:38.299872	http://gleason.test/adalberto.goyette	\N	2026-05-22 10:13:38.299872
241	81	2026-05-22 10:13:38.299872	http://lubowitz-okeefe.example/dewitt	\N	2026-05-22 10:13:38.299872
242	81	2026-05-22 10:13:38.299872	http://crona.test/nona.wiegand	\N	2026-05-22 10:13:38.299872
243	81	2026-05-22 10:13:38.299872	http://kohler.test/williams_littel	\N	2026-05-22 10:13:38.299872
244	82	2026-05-22 10:13:38.299872	http://schimmel-waters.test/glen	\N	2026-05-22 10:13:38.299872
245	82	2026-05-22 10:13:38.299872	http://schaden-lebsack.example/kathern	\N	2026-05-22 10:13:38.299872
246	82	2026-05-22 10:13:38.299872	http://dubuque.test/jewell.torphy	\N	2026-05-22 10:13:38.299872
247	83	2026-05-22 10:13:38.299872	http://swaniawski.test/nathaniel.crona	\N	2026-05-22 10:13:38.299872
248	83	2026-05-22 10:13:38.299872	http://zemlak.test/lane	\N	2026-05-22 10:13:38.299872
249	83	2026-05-22 10:13:38.299872	http://satterfield.example/christa.parisian	\N	2026-05-22 10:13:38.299872
250	84	2026-05-22 10:13:38.299872	http://kozey-ullrich.test/barrett.mraz	\N	2026-05-22 10:13:38.299872
251	84	2026-05-22 10:13:38.299872	http://macgyver-ferry.test/tyrone	\N	2026-05-22 10:13:38.299872
253	85	2026-05-22 10:13:38.299872	http://grant.example/tomasa	\N	2026-05-22 10:13:38.299872
254	85	2026-05-22 10:13:38.299872	http://schimmel.test/colin	\N	2026-05-22 10:13:38.299872
255	85	2026-05-22 10:13:38.299872	http://nolan.test/houston_mertz	\N	2026-05-22 10:13:38.299872
256	86	2026-05-22 10:13:38.299872	http://bernier-kihn.test/suzie_waters	\N	2026-05-22 10:13:38.299872
257	86	2026-05-22 10:13:38.299872	http://reilly.test/alycia	\N	2026-05-22 10:13:38.299872
258	86	2026-05-22 10:13:38.299872	http://buckridge.test/wallace	\N	2026-05-22 10:13:38.299872
259	87	2026-05-22 10:13:38.299872	http://connelly.example/juliana	\N	2026-05-22 10:13:38.299872
260	87	2026-05-22 10:13:38.299872	http://ankunding-douglas.test/jodi.littel	\N	2026-05-22 10:13:38.299872
261	87	2026-05-22 10:13:38.299872	http://kertzmann.example/shantae.stokes	\N	2026-05-22 10:13:38.299872
262	88	2026-05-22 10:13:38.299872	http://torp.test/phuong	\N	2026-05-22 10:13:38.299872
263	88	2026-05-22 10:13:38.299872	http://west-baumbach.example/mac	\N	2026-05-22 10:13:38.299872
264	88	2026-05-22 10:13:38.299872	http://hand.test/erick.weber	\N	2026-05-22 10:13:38.299872
265	89	2026-05-22 10:13:38.299872	http://nienow-christiansen.test/jennette_kohler	\N	2026-05-22 10:13:38.299872
266	89	2026-05-22 10:13:38.299872	http://larkin.example/reba	\N	2026-05-22 10:13:38.299872
267	89	2026-05-22 10:13:38.299872	http://rowe.test/kim.west	\N	2026-05-22 10:13:38.299872
268	90	2026-05-22 10:13:38.299872	http://koelpin.test/nelda.weimann	\N	2026-05-22 10:13:38.299872
269	90	2026-05-22 10:13:38.299872	http://herman-grant.example/rhoda	\N	2026-05-22 10:13:38.299872
270	90	2026-05-22 10:13:38.299872	http://kassulke.example/christian	\N	2026-05-22 10:13:38.299872
271	91	2026-05-22 10:13:38.299872	http://anderson.test/jordan	\N	2026-05-22 10:13:38.299872
272	91	2026-05-22 10:13:38.299872	http://bergnaum.example/oneida	\N	2026-05-22 10:13:38.299872
273	91	2026-05-22 10:13:38.299872	http://bradtke-dooley.test/fred_emmerich	\N	2026-05-22 10:13:38.299872
274	92	2026-05-22 10:13:38.299872	http://considine.example/tayna_hartmann	\N	2026-05-22 10:13:38.299872
275	92	2026-05-22 10:13:38.299872	http://stanton.example/connie	\N	2026-05-22 10:13:38.299872
276	92	2026-05-22 10:13:38.299872	http://mcdermott-mcglynn.example/hosea_kunde	\N	2026-05-22 10:13:38.299872
277	93	2026-05-22 10:13:38.299872	http://schuppe-rolfson.test/tonita	\N	2026-05-22 10:13:38.299872
278	93	2026-05-22 10:13:38.299872	http://bode.example/xenia_ankunding	\N	2026-05-22 10:13:38.299872
279	93	2026-05-22 10:13:38.299872	http://mcglynn.test/danelle_kunde	\N	2026-05-22 10:13:38.299872
280	94	2026-05-22 10:13:38.299872	http://yundt-hoeger.example/marisol.langosh	\N	2026-05-22 10:13:38.299872
281	94	2026-05-22 10:13:38.299872	http://treutel-stamm.test/dwayne.kerluke	\N	2026-05-22 10:13:38.299872
282	94	2026-05-22 10:13:38.299872	http://stark.test/sherron	\N	2026-05-22 10:13:38.299872
283	95	2026-05-22 10:13:38.299872	http://bradtke.test/victor.greenholt	\N	2026-05-22 10:13:38.299872
284	95	2026-05-22 10:13:38.299872	http://altenwerth.example/christian_ward	\N	2026-05-22 10:13:38.299872
285	95	2026-05-22 10:13:38.299872	http://thiel.test/levi.bauch	\N	2026-05-22 10:13:38.299872
286	96	2026-05-22 10:13:38.299872	http://marquardt-flatley.test/ehtel.greenholt	\N	2026-05-22 10:13:38.299872
287	96	2026-05-22 10:13:38.299872	http://dicki-medhurst.test/kendall_skiles	\N	2026-05-22 10:13:38.299872
288	96	2026-05-22 10:13:38.299872	http://morar-turcotte.example/stephaine	\N	2026-05-22 10:13:38.299872
289	97	2026-05-22 10:13:38.299872	http://davis.test/davis_ebert	\N	2026-05-22 10:13:38.299872
290	97	2026-05-22 10:13:38.299872	http://moen.example/kenton.streich	\N	2026-05-22 10:13:38.299872
291	97	2026-05-22 10:13:38.299872	http://gusikowski.test/alfonso_kreiger	\N	2026-05-22 10:13:38.299872
292	98	2026-05-22 10:13:38.299872	http://abbott-douglas.test/faustino	\N	2026-05-22 10:13:38.299872
293	98	2026-05-22 10:13:38.299872	http://schmeler-mcclure.example/wilton	\N	2026-05-22 10:13:38.299872
294	98	2026-05-22 10:13:38.299872	http://stracke.example/chris	\N	2026-05-22 10:13:38.299872
295	99	2026-05-22 10:13:38.299872	http://raynor.example/lucina_mosciski	\N	2026-05-22 10:13:38.299872
296	99	2026-05-22 10:13:38.299872	http://zboncak.example/normand	\N	2026-05-22 10:13:38.299872
297	99	2026-05-22 10:13:38.299872	http://crist.example/halina	\N	2026-05-22 10:13:38.299872
298	100	2026-05-22 10:13:38.299872	http://toy.test/salvador	\N	2026-05-22 10:13:38.299872
299	100	2026-05-22 10:13:38.299872	http://gleason.test/taren	\N	2026-05-22 10:13:38.299872
300	100	2026-05-22 10:13:38.299872	http://huel-graham.example/moises	\N	2026-05-22 10:13:38.299872
301	101	2026-05-22 10:13:38.299872	http://mcclure-okeefe.test/janice	\N	2026-05-22 10:13:38.299872
302	101	2026-05-22 10:13:38.299872	http://schinner-johns.example/roderick	\N	2026-05-22 10:13:38.299872
303	101	2026-05-22 10:13:38.299872	http://wisoky.example/sherril	\N	2026-05-22 10:13:38.299872
304	102	2026-05-22 10:13:38.299872	http://lesch.test/fred.hoeger	\N	2026-05-22 10:13:38.299872
305	102	2026-05-22 10:13:38.299872	http://emard-block.example/marisa	\N	2026-05-22 10:13:38.299872
306	102	2026-05-22 10:13:38.299872	http://kunze.test/derrick_rice	\N	2026-05-22 10:13:38.299872
307	103	2026-05-22 10:13:38.299872	http://lynch-jast.example/kelvin_windler	\N	2026-05-22 10:13:38.299872
308	103	2026-05-22 10:13:38.299872	http://morissette.example/otto_pagac	\N	2026-05-22 10:13:38.299872
309	103	2026-05-22 10:13:38.299872	http://daugherty-bruen.example/prince	\N	2026-05-22 10:13:38.299872
310	104	2026-05-22 10:13:38.299872	http://white.example/chieko.wintheiser	\N	2026-05-22 10:13:38.299872
311	104	2026-05-22 10:13:38.299872	http://green.test/aleen	\N	2026-05-22 10:13:38.299872
312	104	2026-05-22 10:13:38.299872	http://schulist-doyle.example/jo	\N	2026-05-22 10:13:38.299872
313	105	2026-05-22 10:13:38.299872	http://dare.example/emmanuel_metz	\N	2026-05-22 10:13:38.299872
314	105	2026-05-22 10:13:38.299872	http://hoeger.test/kaley_schaden	\N	2026-05-22 10:13:38.299872
315	105	2026-05-22 10:13:38.299872	http://brekke-prohaska.test/esperanza_reinger	\N	2026-05-22 10:13:38.299872
316	106	2026-05-22 10:13:38.299872	http://hermiston-pouros.test/roseanna	\N	2026-05-22 10:13:38.299872
317	106	2026-05-22 10:13:38.299872	http://wunsch-spinka.test/gilberto	\N	2026-05-22 10:13:38.299872
318	106	2026-05-22 10:13:38.299872	http://stiedemann-bode.example/margery.brakus	\N	2026-05-22 10:13:38.299872
319	107	2026-05-22 10:13:38.299872	http://marvin.test/shawnta	\N	2026-05-22 10:13:38.299872
320	107	2026-05-22 10:13:38.299872	http://romaguera.test/arden_becker	\N	2026-05-22 10:13:38.299872
321	107	2026-05-22 10:13:38.299872	http://bradtke.example/ranae.moen	\N	2026-05-22 10:13:38.299872
322	108	2026-05-22 10:13:38.299872	http://runolfsdottir-trantow.test/kathey	\N	2026-05-22 10:13:38.299872
323	108	2026-05-22 10:13:38.299872	http://feil-ohara.test/elvia_smith	\N	2026-05-22 10:13:38.299872
324	108	2026-05-22 10:13:38.299872	http://littel.test/alene	\N	2026-05-22 10:13:38.299872
325	109	2026-05-22 10:13:38.299872	http://ullrich.test/eve	\N	2026-05-22 10:13:38.299872
326	109	2026-05-22 10:13:38.299872	http://hirthe-mcglynn.example/dedra_kiehn	\N	2026-05-22 10:13:38.299872
327	109	2026-05-22 10:13:38.299872	http://christiansen.test/brady	\N	2026-05-22 10:13:38.299872
328	110	2026-05-22 10:13:38.299872	http://koepp.example/deanna	\N	2026-05-22 10:13:38.299872
329	110	2026-05-22 10:13:38.299872	http://corwin.example/erlinda_christiansen	\N	2026-05-22 10:13:38.299872
330	110	2026-05-22 10:13:38.299872	http://rosenbaum.test/art.raynor	\N	2026-05-22 10:13:38.299872
331	111	2026-05-22 10:13:38.299872	http://weissnat.test/faustino	\N	2026-05-22 10:13:38.299872
332	111	2026-05-22 10:13:38.299872	http://cormier-russel.test/beryl	\N	2026-05-22 10:13:38.299872
333	111	2026-05-22 10:13:38.299872	http://waelchi.test/dinah.haag	\N	2026-05-22 10:13:38.299872
334	112	2026-05-22 10:13:38.299872	http://zieme.test/cedric_frami	\N	2026-05-22 10:13:38.299872
335	112	2026-05-22 10:13:38.299872	http://mcclure.example/clementine	\N	2026-05-22 10:13:38.299872
336	112	2026-05-22 10:13:38.299872	http://mohr.test/antonia	\N	2026-05-22 10:13:38.299872
337	113	2026-05-22 10:13:38.299872	http://bernier.test/abram.senger	\N	2026-05-22 10:13:38.299872
338	113	2026-05-22 10:13:38.299872	http://schaefer.test/ying.hane	\N	2026-05-22 10:13:38.299872
339	113	2026-05-22 10:13:38.299872	http://oberbrunner-toy.test/millicent	\N	2026-05-22 10:13:38.299872
340	114	2026-05-22 10:13:38.299872	http://brekke.example/jani	\N	2026-05-22 10:13:38.299872
341	114	2026-05-22 10:13:38.299872	http://nader-cronin.example/rupert_jacobs	\N	2026-05-22 10:13:38.299872
342	114	2026-05-22 10:13:38.299872	http://crona-ortiz.test/george.heathcote	\N	2026-05-22 10:13:38.299872
343	115	2026-05-22 10:13:38.299872	http://wolf.test/paul.smith	\N	2026-05-22 10:13:38.299872
344	115	2026-05-22 10:13:38.299872	http://gislason-green.test/azucena	\N	2026-05-22 10:13:38.299872
345	115	2026-05-22 10:13:38.299872	http://wuckert.test/barney	\N	2026-05-22 10:13:38.299872
346	116	2026-05-22 10:13:38.299872	http://mills.test/betsy.becker	\N	2026-05-22 10:13:38.299872
347	116	2026-05-22 10:13:38.299872	http://gerhold-larson.test/glendora_kemmer	\N	2026-05-22 10:13:38.299872
348	116	2026-05-22 10:13:38.299872	http://dooley.test/larry.kerluke	\N	2026-05-22 10:13:38.299872
349	117	2026-05-22 10:13:38.299872	http://ratke.test/abe_nienow	\N	2026-05-22 10:13:38.299872
350	117	2026-05-22 10:13:38.299872	http://kozey.example/bethany	\N	2026-05-22 10:13:38.299872
351	117	2026-05-22 10:13:38.299872	http://ebert.test/mai	\N	2026-05-22 10:13:38.299872
352	118	2026-05-22 10:13:38.299872	http://schaden.example/corrine	\N	2026-05-22 10:13:38.299872
353	118	2026-05-22 10:13:38.299872	http://cummerata.test/senaida	\N	2026-05-22 10:13:38.299872
354	118	2026-05-22 10:13:38.299872	http://frami.example/rutha_friesen	\N	2026-05-22 10:13:38.299872
355	119	2026-05-22 10:13:38.299872	http://stamm.test/monique_douglas	\N	2026-05-22 10:13:38.299872
356	119	2026-05-22 10:13:38.299872	http://hayes.example/andre_reinger	\N	2026-05-22 10:13:38.299872
357	119	2026-05-22 10:13:38.299872	http://pagac.example/denny_okon	\N	2026-05-22 10:13:38.299872
358	120	2026-05-22 10:13:38.299872	http://herman.test/lesley	\N	2026-05-22 10:13:38.299872
359	120	2026-05-22 10:13:38.299872	http://pfannerstill-kutch.test/jeanna	\N	2026-05-22 10:13:38.299872
360	120	2026-05-22 10:13:38.299872	http://torp.test/noel.blanda	\N	2026-05-22 10:13:38.299872
361	121	2026-05-22 10:13:38.299872	http://kling.test/rose	\N	2026-05-22 10:13:38.299872
362	121	2026-05-22 10:13:38.299872	http://waters.test/celena_larson	\N	2026-05-22 10:13:38.299872
363	121	2026-05-22 10:13:38.299872	http://friesen-smitham.test/hobert	\N	2026-05-22 10:13:38.299872
364	122	2026-05-22 10:13:38.299872	http://pagac-kuvalis.test/stacy.roberts	\N	2026-05-22 10:13:38.299872
365	122	2026-05-22 10:13:38.299872	http://baumbach.test/cody.rowe	\N	2026-05-22 10:13:38.299872
366	122	2026-05-22 10:13:38.299872	http://effertz.example/alaina_johns	\N	2026-05-22 10:13:38.299872
367	123	2026-05-22 10:13:38.299872	http://koss.example/christopher	\N	2026-05-22 10:13:38.299872
368	123	2026-05-22 10:13:38.299872	http://moore.test/sophia.fisher	\N	2026-05-22 10:13:38.299872
369	123	2026-05-22 10:13:38.299872	http://schimmel.example/floyd	\N	2026-05-22 10:13:38.299872
370	124	2026-05-22 10:13:38.299872	http://douglas.test/sammy	\N	2026-05-22 10:13:38.299872
371	124	2026-05-22 10:13:38.299872	http://moen.example/rosamaria	\N	2026-05-22 10:13:38.299872
372	124	2026-05-22 10:13:38.299872	http://bins-fadel.example/haywood_rau	\N	2026-05-22 10:13:38.299872
373	125	2026-05-22 10:13:38.299872	http://thiel.example/shelby_ferry	\N	2026-05-22 10:13:38.299872
374	125	2026-05-22 10:13:38.299872	http://witting-connelly.test/millicent.roberts	\N	2026-05-22 10:13:38.299872
375	125	2026-05-22 10:13:38.299872	http://labadie.example/miquel	\N	2026-05-22 10:13:38.299872
376	126	2026-05-22 10:13:38.299872	http://koepp.test/johnnie.hand	\N	2026-05-22 10:13:38.299872
377	126	2026-05-22 10:13:38.299872	http://wunsch-bosco.test/illa.steuber	\N	2026-05-22 10:13:38.299872
378	126	2026-05-22 10:13:38.299872	http://paucek.test/carter.ankunding	\N	2026-05-22 10:13:38.299872
379	127	2026-05-22 10:13:38.299872	http://runolfsdottir-hirthe.example/taylor.kuhic	\N	2026-05-22 10:13:38.299872
380	127	2026-05-22 10:13:38.299872	http://frami-schaefer.test/allen	\N	2026-05-22 10:13:38.299872
381	127	2026-05-22 10:13:38.299872	http://considine-reynolds.example/ciara_romaguera	\N	2026-05-22 10:13:38.299872
382	128	2026-05-22 10:13:38.299872	http://block.test/cythia_hansen	\N	2026-05-22 10:13:38.299872
383	128	2026-05-22 10:13:38.299872	http://mcglynn.example/sammie_fritsch	\N	2026-05-22 10:13:38.299872
384	128	2026-05-22 10:13:38.299872	http://ferry-hoppe.test/clemmie.harber	\N	2026-05-22 10:13:38.299872
385	129	2026-05-22 10:13:38.299872	http://oconner.test/noble	\N	2026-05-22 10:13:38.299872
386	129	2026-05-22 10:13:38.299872	http://waters-borer.example/arlie_stamm	\N	2026-05-22 10:13:38.299872
387	129	2026-05-22 10:13:38.299872	http://barrows.test/coralie	\N	2026-05-22 10:13:38.299872
388	130	2026-05-22 10:13:38.299872	http://sawayn.test/regena.schuster	\N	2026-05-22 10:13:38.299872
389	130	2026-05-22 10:13:38.299872	http://kunde.test/long	\N	2026-05-22 10:13:38.299872
390	130	2026-05-22 10:13:38.299872	http://bosco-weissnat.test/hugo_grant	\N	2026-05-22 10:13:38.299872
391	131	2026-05-22 10:13:38.299872	http://kulas-okuneva.example/jenette	\N	2026-05-22 10:13:38.299872
392	131	2026-05-22 10:13:38.299872	http://daugherty.test/ocie_bartell	\N	2026-05-22 10:13:38.299872
393	131	2026-05-22 10:13:38.299872	http://bernhard.example/stevie	\N	2026-05-22 10:13:38.299872
394	132	2026-05-22 10:13:38.299872	http://cremin.test/erich	\N	2026-05-22 10:13:38.299872
395	132	2026-05-22 10:13:38.299872	http://macgyver-dooley.example/yadira	\N	2026-05-22 10:13:38.299872
396	132	2026-05-22 10:13:38.299872	http://feil-stiedemann.example/inga_emard	\N	2026-05-22 10:13:38.299872
397	133	2026-05-22 10:13:38.299872	http://cummings.example/treasa_bernier	\N	2026-05-22 10:13:38.299872
398	133	2026-05-22 10:13:38.299872	http://schinner.test/carisa	\N	2026-05-22 10:13:38.299872
399	133	2026-05-22 10:13:38.299872	http://beer.example/joslyn.tillman	\N	2026-05-22 10:13:38.299872
400	134	2026-05-22 10:13:38.299872	http://konopelski.test/hiroko	\N	2026-05-22 10:13:38.299872
401	134	2026-05-22 10:13:38.299872	http://hackett.example/dacia	\N	2026-05-22 10:13:38.299872
402	134	2026-05-22 10:13:38.299872	http://doyle.test/michael.goldner	\N	2026-05-22 10:13:38.299872
403	135	2026-05-22 10:13:38.299872	http://king.test/angelo_dubuque	\N	2026-05-22 10:13:38.299872
404	135	2026-05-22 10:13:38.299872	http://ohara.example/christian_mcclure	\N	2026-05-22 10:13:38.299872
405	135	2026-05-22 10:13:38.299872	http://koch-howell.test/shasta_reynolds	\N	2026-05-22 10:13:38.299872
406	136	2026-05-22 10:13:38.299872	http://wilkinson.test/rolando_kunze	\N	2026-05-22 10:13:38.299872
407	136	2026-05-22 10:13:38.299872	http://heathcote.test/wilson_friesen	\N	2026-05-22 10:13:38.299872
408	136	2026-05-22 10:13:38.299872	http://dicki-langworth.example/tamica	\N	2026-05-22 10:13:38.299872
409	137	2026-05-22 10:13:38.299872	http://kautzer.test/arlene	\N	2026-05-22 10:13:38.299872
410	137	2026-05-22 10:13:38.299872	http://bruen-schaden.test/maura_dietrich	\N	2026-05-22 10:13:38.299872
411	137	2026-05-22 10:13:38.299872	http://frami.example/marion	\N	2026-05-22 10:13:38.299872
412	138	2026-05-22 10:13:38.299872	http://roob-kirlin.example/homer.green	\N	2026-05-22 10:13:38.299872
413	138	2026-05-22 10:13:38.299872	http://sporer.test/gregg.kihn	\N	2026-05-22 10:13:38.299872
414	138	2026-05-22 10:13:38.299872	http://runolfsson-conroy.example/fredrick_robel	\N	2026-05-22 10:13:38.299872
415	139	2026-05-22 10:13:38.299872	http://bradtke.example/shandi	\N	2026-05-22 10:13:38.299872
416	139	2026-05-22 10:13:38.299872	http://oreilly.example/aubrey_littel	\N	2026-05-22 10:13:38.299872
417	139	2026-05-22 10:13:38.299872	http://wolff-hahn.test/walker.white	\N	2026-05-22 10:13:38.299872
418	140	2026-05-22 10:13:38.299872	http://heller.example/prince	\N	2026-05-22 10:13:38.299872
419	140	2026-05-22 10:13:38.299872	http://dare-hagenes.test/nohemi	\N	2026-05-22 10:13:38.299872
420	140	2026-05-22 10:13:38.299872	http://veum.example/malik_daugherty	\N	2026-05-22 10:13:38.299872
421	141	2026-05-22 10:13:38.299872	http://cremin.test/mellie.raynor	\N	2026-05-22 10:13:38.299872
422	141	2026-05-22 10:13:38.299872	http://hauck.example/chun.goldner	\N	2026-05-22 10:13:38.299872
423	141	2026-05-22 10:13:38.299872	http://walter.test/willard	\N	2026-05-22 10:13:38.299872
424	142	2026-05-22 10:13:38.299872	http://dickinson.test/lenora.stroman	\N	2026-05-22 10:13:38.299872
425	142	2026-05-22 10:13:38.299872	http://muller-blick.example/janay	\N	2026-05-22 10:13:38.299872
426	142	2026-05-22 10:13:38.299872	http://dubuque.test/ester	\N	2026-05-22 10:13:38.299872
427	143	2026-05-22 10:13:38.299872	http://upton.example/brittni.leannon	\N	2026-05-22 10:13:38.299872
428	143	2026-05-22 10:13:38.299872	http://donnelly.test/jermaine_corwin	\N	2026-05-22 10:13:38.299872
429	143	2026-05-22 10:13:38.299872	http://mclaughlin.example/arcelia	\N	2026-05-22 10:13:38.299872
430	144	2026-05-22 10:13:38.299872	http://larkin.example/jennine	\N	2026-05-22 10:13:38.299872
431	144	2026-05-22 10:13:38.299872	http://jaskolski.example/tomas.mills	\N	2026-05-22 10:13:38.299872
432	144	2026-05-22 10:13:38.299872	http://durgan.test/tim	\N	2026-05-22 10:13:38.299872
433	145	2026-05-22 10:13:38.299872	http://rohan.example/maya.olson	\N	2026-05-22 10:13:38.299872
434	145	2026-05-22 10:13:38.299872	http://brakus-quigley.test/tresa_anderson	\N	2026-05-22 10:13:38.299872
435	145	2026-05-22 10:13:38.299872	http://larkin.example/maude	\N	2026-05-22 10:13:38.299872
436	146	2026-05-22 10:13:38.299872	http://mcglynn.test/ashleigh	\N	2026-05-22 10:13:38.299872
437	146	2026-05-22 10:13:38.299872	http://halvorson.example/branden_reynolds	\N	2026-05-22 10:13:38.299872
438	146	2026-05-22 10:13:38.299872	http://davis-witting.test/murray	\N	2026-05-22 10:13:38.299872
439	147	2026-05-22 10:13:38.299872	http://streich.example/sammy	\N	2026-05-22 10:13:38.299872
440	147	2026-05-22 10:13:38.299872	http://torp-feest.example/arlen	\N	2026-05-22 10:13:38.299872
441	147	2026-05-22 10:13:38.299872	http://ratke.example/josh.turner	\N	2026-05-22 10:13:38.299872
442	148	2026-05-22 10:13:38.299872	http://tromp.test/elwood_kuhn	\N	2026-05-22 10:13:38.299872
443	148	2026-05-22 10:13:38.299872	http://mcglynn-gleichner.example/tyrone.bartoletti	\N	2026-05-22 10:13:38.299872
444	148	2026-05-22 10:13:38.299872	http://boyer.example/bart	\N	2026-05-22 10:13:38.299872
445	149	2026-05-22 10:13:38.299872	http://hettinger-crooks.example/erik.beier	\N	2026-05-22 10:13:38.299872
446	149	2026-05-22 10:13:38.299872	http://macgyver.example/kurt	\N	2026-05-22 10:13:38.299872
447	149	2026-05-22 10:13:38.299872	http://hoeger-hills.test/classie	\N	2026-05-22 10:13:38.299872
448	150	2026-05-22 10:13:38.299872	http://okon.example/michele.windler	\N	2026-05-22 10:13:38.299872
449	150	2026-05-22 10:13:38.299872	http://marquardt.test/quintin	\N	2026-05-22 10:13:38.299872
450	150	2026-05-22 10:13:38.299872	http://koelpin.test/minh	\N	2026-05-22 10:13:38.299872
\.


--
-- Data for Name: courses; Type: TABLE DATA; Schema: public; Owner: -
--

COPY public.courses (id, city, country, created_at, name, skills, starting_at, updated_at) FROM stdin;
1	Los Angeles	USA	2026-05-22 10:13:38.299872	Teaching 167 #0	{Design,Commerce,Medicine,Law,"Architectural Technology"}	10:13:38.299872	2026-05-22 10:13:38.299872
2	San Francisco	USA	2026-05-22 10:13:38.299872	Teaching 392 #1	{"Biological Science",Medicine,Medicine,Design,Communications}	10:13:38.299872	2026-05-22 10:13:38.299872
3	Hiroshima	Japan	2026-05-22 10:13:38.299872	Creative Arts 585 #2	{Engineering,"Architectural Technology",Engineering,Nursing,Design}	10:13:38.299872	2026-05-22 10:13:38.299872
4	Phuket	Thailand	2026-05-22 10:13:38.299872	Information Systems 224 #3	{Communications,Arts,"Information Systems","Information Systems","Biological Science"}	10:13:38.299872	2026-05-22 10:13:38.299872
5	Valencia	Spain	2026-05-22 10:13:38.299872	Teaching 544 #4	{Business,"Biomedical Science",Criminology,Commerce,"Information Systems"}	10:13:38.299872	2026-05-22 10:13:38.299872
6	Barcelona	Spain	2026-05-22 10:13:38.299872	Computer Science 260 #5	{Teaching,Engineering,"Biological Science","Applied Science (Psychology)",Business}	10:13:38.299872	2026-05-22 10:13:38.299872
7	San Francisco	USA	2026-05-22 10:13:38.299872	Nursing 178 #6	{"Information Systems","Biological Science",Design,"Information Systems",Arts}	10:13:38.299872	2026-05-22 10:13:38.299872
8	Valencia	Spain	2026-05-22 10:13:38.299872	Commerce 283 #7	{"Creative Arts",Law,"Forensic Science",Business,"Health Science"}	10:13:38.299872	2026-05-22 10:13:38.299872
9	Bangkok	Thailand	2026-05-22 10:13:38.299872	Architectural Technology 495 #8	{Criminology,Medicine,Engineering,"Creative Arts",Business}	10:13:38.299872	2026-05-22 10:13:38.299872
10	Madrid	Spain	2026-05-22 10:13:38.299872	Applied Science (Psychology) 475 #9	{"Forensic Science","Health Science","Biological Science",Business,Commerce}	10:13:38.299872	2026-05-22 10:13:38.299872
11	Yokohama	Japan	2026-05-22 10:13:38.299872	Education 454 #10	{Engineering,Arts,Criminology,Law,"Creative Arts"}	10:13:38.299872	2026-05-22 10:13:38.299872
12	Bangkok	Thailand	2026-05-22 10:13:38.299872	Education 379 #11	{"Computer Science","Creative Arts","Creative Arts",Teaching,"Computer Science"}	10:13:38.299872	2026-05-22 10:13:38.299872
13	Bangkok	Thailand	2026-05-22 10:13:38.299872	Information Systems 362 #12	{Education,Business,"Creative Arts",Education,Education}	10:13:38.299872	2026-05-22 10:13:38.299872
14	Chiang Mai	Thailand	2026-05-22 10:13:38.299872	Medicine 563 #13	{"Biomedical Science",Design,Commerce,Psychology,Law}	10:13:38.299872	2026-05-22 10:13:38.299872
15	Valencia	Spain	2026-05-22 10:13:38.299872	Nursing 513 #14	{Nursing,Commerce,"Information Systems",Commerce,Teaching}	10:13:38.299872	2026-05-22 10:13:38.299872
16	New York	USA	2026-05-22 10:13:38.299872	Applied Science (Psychology) 293 #15	{Law,Design,Commerce,Business,Design}	10:13:38.299872	2026-05-22 10:13:38.299872
17	San Francisco	USA	2026-05-22 10:13:38.299872	Design 284 #16	{"Information Systems","Forensic Science","Biological Science",Business,"Architectural Technology"}	10:13:38.299872	2026-05-22 10:13:38.299872
18	Philadelphia	USA	2026-05-22 10:13:38.299872	Teaching 229 #17	{Criminology,Criminology,Nursing,Nursing,Psychology}	10:13:38.299872	2026-05-22 10:13:38.299872
19	New York	USA	2026-05-22 10:13:38.299872	Commerce 363 #18	{"Biological Science","Biological Science","Creative Arts","Architectural Technology",Teaching}	10:13:38.299872	2026-05-22 10:13:38.299872
20	Chiang Mai	Thailand	2026-05-22 10:13:38.299872	Commerce 390 #19	{"Computer Science","Information Systems","Forensic Science","Architectural Technology","Forensic Science"}	10:13:38.299872	2026-05-22 10:13:38.299872
21	Yokohama	Japan	2026-05-22 10:13:38.299872	Medicine 430 #20	{"Architectural Technology",Business,Education,Education,"Information Systems"}	10:13:38.299872	2026-05-22 10:13:38.299872
22	Phuket	Thailand	2026-05-22 10:13:38.299872	Education 236 #21	{"Architectural Technology",Medicine,Psychology,Education,Psychology}	10:13:38.299872	2026-05-22 10:13:38.299872
23	Boston	USA	2026-05-22 10:13:38.299872	Architectural Technology 468 #22	{"Creative Arts","Information Systems","Applied Science (Psychology)",Education,"Forensic Science"}	10:13:38.299872	2026-05-22 10:13:38.299872
24	Phuket	Thailand	2026-05-22 10:13:38.299872	Criminology 265 #23	{"Biomedical Science","Health Science",Medicine,Design,Engineering}	10:13:38.299872	2026-05-22 10:13:38.299872
25	Madrid	Spain	2026-05-22 10:13:38.299872	Commerce 322 #24	{"Biomedical Science",Law,Commerce,"Health Science",Design}	10:13:38.299872	2026-05-22 10:13:38.299872
26	Kyoto	Japan	2026-05-22 10:13:38.299872	Health Science 355 #25	{"Architectural Technology","Architectural Technology",Nursing,Medicine,Education}	10:13:38.299872	2026-05-22 10:13:38.299872
27	Tokyo	Japan	2026-05-22 10:13:38.299872	Forensic Science 428 #26	{Education,"Computer Science",Criminology,Criminology,Education}	10:13:38.299872	2026-05-22 10:13:38.299872
28	San Francisco	USA	2026-05-22 10:13:38.299872	Biomedical Science 288 #27	{Engineering,Education,Teaching,Design,Commerce}	10:13:38.299872	2026-05-22 10:13:38.299872
29	Bangkok	Thailand	2026-05-22 10:13:38.299872	Architectural Technology 518 #28	{"Information Systems",Psychology,Medicine,Communications,Business}	10:13:38.299872	2026-05-22 10:13:38.299872
30	Yokohama	Japan	2026-05-22 10:13:38.299872	Nursing 239 #29	{Nursing,"Biomedical Science",Engineering,"Computer Science","Health Science"}	10:13:38.299872	2026-05-22 10:13:38.299872
31	San Francisco	USA	2026-05-22 10:13:38.299872	Nursing 140 #30	{Commerce,"Applied Science (Psychology)","Applied Science (Psychology)",Arts,"Biomedical Science"}	10:13:38.299872	2026-05-22 10:13:38.299872
32	Philadelphia	USA	2026-05-22 10:13:38.299872	Psychology 151 #31	{Commerce,"Applied Science (Psychology)",Teaching,Psychology,Nursing}	10:13:38.299872	2026-05-22 10:13:38.299872
33	Yokohama	Japan	2026-05-22 10:13:38.299872	Medicine 396 #32	{"Architectural Technology",Business,"Forensic Science",Engineering,"Architectural Technology"}	10:13:38.299872	2026-05-22 10:13:38.299872
34	Barcelona	Spain	2026-05-22 10:13:38.299872	Applied Science (Psychology) 336 #33	{"Biomedical Science",Law,"Creative Arts",Criminology,"Creative Arts"}	10:13:38.299872	2026-05-22 10:13:38.299872
35	Kobe	Japan	2026-05-22 10:13:38.299872	Biomedical Science 332 #34	{Law,Commerce,"Biological Science","Information Systems",Nursing}	10:13:38.299872	2026-05-22 10:13:38.299872
36	Madrid	Spain	2026-05-22 10:13:38.299872	Medicine 335 #35	{Business,Nursing,Design,Communications,Nursing}	10:13:38.299872	2026-05-22 10:13:38.299872
37	San Francisco	USA	2026-05-22 10:13:38.299872	Creative Arts 420 #36	{Medicine,Medicine,"Biomedical Science",Engineering,"Computer Science"}	10:13:38.299872	2026-05-22 10:13:38.299872
38	Hiroshima	Japan	2026-05-22 10:13:38.299872	Commerce 375 #37	{Engineering,Law,Law,"Biological Science",Communications}	10:13:38.299872	2026-05-22 10:13:38.299872
39	Kobe	Japan	2026-05-22 10:13:38.299872	Commerce 580 #38	{Design,Education,"Forensic Science","Creative Arts",Medicine}	10:13:38.299872	2026-05-22 10:13:38.299872
40	Boston	USA	2026-05-22 10:13:38.299872	Commerce 422 #39	{"Biological Science",Law,Psychology,Education,"Applied Science (Psychology)"}	10:13:38.299872	2026-05-22 10:13:38.299872
41	Phuket	Thailand	2026-05-22 10:13:38.299872	Psychology 489 #40	{"Computer Science",Communications,Nursing,"Forensic Science",Medicine}	10:13:38.299872	2026-05-22 10:13:38.299872
42	Bangkok	Thailand	2026-05-22 10:13:38.299872	Communications 463 #41	{Design,"Creative Arts",Commerce,"Computer Science",Medicine}	10:13:38.299872	2026-05-22 10:13:38.299872
43	Kyoto	Japan	2026-05-22 10:13:38.299872	Commerce 212 #42	{"Applied Science (Psychology)",Business,Design,"Health Science","Biological Science"}	10:13:38.299872	2026-05-22 10:13:38.299872
44	Los Angeles	USA	2026-05-22 10:13:38.299872	Forensic Science 139 #43	{"Architectural Technology","Forensic Science",Business,"Information Systems","Creative Arts"}	10:13:38.299872	2026-05-22 10:13:38.299872
45	Hiroshima	Japan	2026-05-22 10:13:38.299872	Engineering 447 #44	{Business,Criminology,Teaching,Business,Communications}	10:13:38.299872	2026-05-22 10:13:38.299872
46	Kobe	Japan	2026-05-22 10:13:38.299872	Forensic Science 168 #45	{Design,"Creative Arts","Creative Arts",Law,"Information Systems"}	10:13:38.299872	2026-05-22 10:13:38.299872
47	Boston	USA	2026-05-22 10:13:38.299872	Architectural Technology 485 #46	{Law,Nursing,"Architectural Technology","Biomedical Science","Architectural Technology"}	10:13:38.299872	2026-05-22 10:13:38.299872
48	Hiroshima	Japan	2026-05-22 10:13:38.299872	Computer Science 252 #47	{Nursing,Design,"Information Systems","Information Systems","Biomedical Science"}	10:13:38.299872	2026-05-22 10:13:38.299872
49	Bangkok	Thailand	2026-05-22 10:13:38.299872	Nursing 572 #48	{Engineering,Nursing,"Biological Science","Biological Science",Psychology}	10:13:38.299872	2026-05-22 10:13:38.299872
50	Tokyo	Japan	2026-05-22 10:13:38.299872	Architectural Technology 575 #49	{Business,Business,"Biological Science",Business,Law}	10:13:38.299872	2026-05-22 10:13:38.299872
51	Boston	USA	2026-05-22 10:13:38.299872	Forensic Science 151 #50	{Business,Engineering,"Architectural Technology",Nursing,Arts}	10:13:38.299872	2026-05-22 10:13:38.299872
52	Chiang Mai	Thailand	2026-05-22 10:13:38.299872	Nursing 516 #51	{"Biomedical Science",Commerce,Design,"Forensic Science",Communications}	10:13:38.299872	2026-05-22 10:13:38.299872
53	Bangkok	Thailand	2026-05-22 10:13:38.299872	Teaching 138 #52	{Commerce,"Computer Science",Nursing,"Computer Science","Computer Science"}	10:13:38.299872	2026-05-22 10:13:38.299872
54	Osaka	Japan	2026-05-22 10:13:38.299872	Health Science 197 #53	{"Biological Science",Business,Law,"Applied Science (Psychology)","Biomedical Science"}	10:13:38.299872	2026-05-22 10:13:38.299872
55	Phuket	Thailand	2026-05-22 10:13:38.299872	Biomedical Science 261 #54	{"Creative Arts","Information Systems","Health Science",Criminology,Business}	10:13:38.299872	2026-05-22 10:13:38.299872
56	New York	USA	2026-05-22 10:13:38.299872	Nursing 181 #55	{Business,"Forensic Science",Business,"Architectural Technology",Law}	10:13:38.299872	2026-05-22 10:13:38.299872
57	Osaka	Japan	2026-05-22 10:13:38.299872	Communications 550 #56	{Engineering,"Information Systems",Criminology,Nursing,Criminology}	10:13:38.299872	2026-05-22 10:13:38.299872
58	Los Angeles	USA	2026-05-22 10:13:38.299872	Biological Science 335 #57	{Psychology,"Applied Science (Psychology)",Criminology,Law,Design}	10:13:38.299872	2026-05-22 10:13:38.299872
59	San Francisco	USA	2026-05-22 10:13:38.299872	Architectural Technology 122 #58	{"Creative Arts",Criminology,Criminology,Psychology,"Applied Science (Psychology)"}	10:13:38.299872	2026-05-22 10:13:38.299872
60	Bangkok	Thailand	2026-05-22 10:13:38.299872	Engineering 229 #59	{Business,Psychology,"Forensic Science",Communications,"Information Systems"}	10:13:38.299872	2026-05-22 10:13:38.299872
61	Bangkok	Thailand	2026-05-22 10:13:38.299872	Health Science 177 #60	{"Biological Science","Information Systems","Applied Science (Psychology)","Biological Science","Health Science"}	10:13:38.299872	2026-05-22 10:13:38.299872
62	Madrid	Spain	2026-05-22 10:13:38.299872	Commerce 270 #61	{"Health Science","Information Systems",Education,"Architectural Technology",Criminology}	10:13:38.299872	2026-05-22 10:13:38.299872
63	Madrid	Spain	2026-05-22 10:13:38.299872	Creative Arts 570 #62	{"Forensic Science",Communications,Engineering,Teaching,"Forensic Science"}	10:13:38.299872	2026-05-22 10:13:38.299872
64	Chiang Mai	Thailand	2026-05-22 10:13:38.299872	Education 356 #63	{Arts,Teaching,Medicine,Law,"Biological Science"}	10:13:38.299872	2026-05-22 10:13:38.299872
65	Kyoto	Japan	2026-05-22 10:13:38.299872	Health Science 362 #64	{Criminology,"Information Systems",Design,"Biomedical Science","Health Science"}	10:13:38.299872	2026-05-22 10:13:38.299872
66	Bangkok	Thailand	2026-05-22 10:13:38.299872	Health Science 135 #65	{Law,Communications,Criminology,Nursing,Engineering}	10:13:38.299872	2026-05-22 10:13:38.299872
67	Boston	USA	2026-05-22 10:13:38.299872	Law 520 #66	{"Biomedical Science","Creative Arts",Arts,Teaching,"Biomedical Science"}	10:13:38.299872	2026-05-22 10:13:38.299872
68	Bangkok	Thailand	2026-05-22 10:13:38.299872	Creative Arts 454 #67	{"Creative Arts",Psychology,"Computer Science",Business,Arts}	10:13:38.299872	2026-05-22 10:13:38.299872
69	Philadelphia	USA	2026-05-22 10:13:38.299872	Medicine 313 #68	{"Health Science",Law,Psychology,"Architectural Technology",Teaching}	10:13:38.299872	2026-05-22 10:13:38.299872
70	Barcelona	Spain	2026-05-22 10:13:38.299872	Creative Arts 388 #69	{Law,Engineering,Design,Business,"Architectural Technology"}	10:13:38.299872	2026-05-22 10:13:38.299872
71	Philadelphia	USA	2026-05-22 10:13:38.299872	Architectural Technology 164 #70	{"Computer Science",Criminology,"Biological Science","Biological Science","Forensic Science"}	10:13:38.299872	2026-05-22 10:13:38.299872
72	Phuket	Thailand	2026-05-22 10:13:38.299872	Applied Science (Psychology) 184 #71	{"Computer Science","Creative Arts","Biological Science",Teaching,"Architectural Technology"}	10:13:38.299872	2026-05-22 10:13:38.299872
73	Chiang Mai	Thailand	2026-05-22 10:13:38.299872	Biomedical Science 512 #72	{Engineering,"Health Science","Biomedical Science","Creative Arts","Applied Science (Psychology)"}	10:13:38.299872	2026-05-22 10:13:38.299872
74	Philadelphia	USA	2026-05-22 10:13:38.299872	Arts 137 #73	{Law,"Forensic Science","Computer Science","Information Systems",Criminology}	10:13:38.299872	2026-05-22 10:13:38.299872
75	Hiroshima	Japan	2026-05-22 10:13:38.299872	Forensic Science 133 #74	{"Information Systems",Design,Teaching,Business,"Information Systems"}	10:13:38.299872	2026-05-22 10:13:38.299872
76	New York	USA	2026-05-22 10:13:38.299872	Arts 297 #75	{Engineering,"Health Science",Teaching,"Biological Science","Biomedical Science"}	10:13:38.299872	2026-05-22 10:13:38.299872
77	Nagoya	Japan	2026-05-22 10:13:38.299872	Design 311 #76	{Business,Psychology,"Applied Science (Psychology)","Computer Science","Information Systems"}	10:13:38.299872	2026-05-22 10:13:38.299872
78	Los Angeles	USA	2026-05-22 10:13:38.299872	Creative Arts 327 #77	{Commerce,"Biomedical Science",Commerce,"Applied Science (Psychology)",Teaching}	10:13:38.299872	2026-05-22 10:13:38.299872
79	Bangkok	Thailand	2026-05-22 10:13:38.299872	Design 490 #78	{Medicine,Arts,Criminology,"Creative Arts","Forensic Science"}	10:13:38.299872	2026-05-22 10:13:38.299872
80	Philadelphia	USA	2026-05-22 10:13:38.299872	Forensic Science 364 #79	{"Architectural Technology",Business,Nursing,"Creative Arts",Arts}	10:13:38.299872	2026-05-22 10:13:38.299872
81	Philadelphia	USA	2026-05-22 10:13:38.299872	Biological Science 287 #80	{Commerce,Nursing,Education,Nursing,Communications}	10:13:38.299872	2026-05-22 10:13:38.299872
82	Chiang Mai	Thailand	2026-05-22 10:13:38.299872	Medicine 177 #81	{Design,"Information Systems","Computer Science",Commerce,"Biomedical Science"}	10:13:38.299872	2026-05-22 10:13:38.299872
83	Barcelona	Spain	2026-05-22 10:13:38.299872	Education 568 #82	{"Computer Science",Nursing,"Biomedical Science",Communications,"Applied Science (Psychology)"}	10:13:38.299872	2026-05-22 10:13:38.299872
84	Tokyo	Japan	2026-05-22 10:13:38.299872	Engineering 373 #83	{"Biological Science",Law,Engineering,"Health Science",Nursing}	10:13:38.299872	2026-05-22 10:13:38.299872
85	Kobe	Japan	2026-05-22 10:13:38.299872	Design 535 #84	{Design,Commerce,Law,"Creative Arts","Information Systems"}	10:13:38.299872	2026-05-22 10:13:38.299872
86	Valencia	Spain	2026-05-22 10:13:38.299872	Design 324 #85	{"Architectural Technology","Information Systems",Criminology,"Applied Science (Psychology)","Applied Science (Psychology)"}	10:13:38.299872	2026-05-22 10:13:38.299872
87	Chiang Mai	Thailand	2026-05-22 10:13:38.299872	Computer Science 457 #86	{"Health Science",Business,Nursing,"Applied Science (Psychology)",Arts}	10:13:38.299872	2026-05-22 10:13:38.299872
88	Kyoto	Japan	2026-05-22 10:13:38.299872	Engineering 186 #87	{"Applied Science (Psychology)","Creative Arts",Communications,Business,Education}	10:13:38.299872	2026-05-22 10:13:38.299872
89	Kobe	Japan	2026-05-22 10:13:38.299872	Biomedical Science 454 #88	{Nursing,"Biological Science","Biological Science",Psychology,"Information Systems"}	10:13:38.299872	2026-05-22 10:13:38.299872
90	Tokyo	Japan	2026-05-22 10:13:38.299872	Engineering 367 #89	{"Information Systems","Information Systems",Arts,Education,Nursing}	10:13:38.299872	2026-05-22 10:13:38.299872
91	Madrid	Spain	2026-05-22 10:13:38.299872	Nursing 521 #90	{"Information Systems",Engineering,"Forensic Science","Health Science",Commerce}	10:13:38.299872	2026-05-22 10:13:38.299872
92	Phuket	Thailand	2026-05-22 10:13:38.299872	Creative Arts 463 #91	{"Architectural Technology",Design,Business,"Forensic Science","Health Science"}	10:13:38.299872	2026-05-22 10:13:38.299872
93	Madrid	Spain	2026-05-22 10:13:38.299872	Psychology 327 #92	{"Creative Arts",Commerce,"Architectural Technology",Engineering,Teaching}	10:13:38.299872	2026-05-22 10:13:38.299872
94	Chiang Mai	Thailand	2026-05-22 10:13:38.299872	Engineering 126 #93	{Arts,Psychology,Business,Teaching,Commerce}	10:13:38.299872	2026-05-22 10:13:38.299872
95	Valencia	Spain	2026-05-22 10:13:38.299872	Teaching 490 #94	{"Biological Science",Commerce,Engineering,Communications,"Health Science"}	10:13:38.299872	2026-05-22 10:13:38.299872
96	Chiang Mai	Thailand	2026-05-22 10:13:38.299872	Health Science 553 #95	{"Information Systems",Law,"Health Science",Education,Engineering}	10:13:38.299872	2026-05-22 10:13:38.299872
97	Philadelphia	USA	2026-05-22 10:13:38.299872	Business 540 #96	{Design,Psychology,Design,Engineering,"Biomedical Science"}	10:13:38.299872	2026-05-22 10:13:38.299872
98	Valencia	Spain	2026-05-22 10:13:38.299872	Business 263 #97	{Design,"Creative Arts",Medicine,"Computer Science","Health Science"}	10:13:38.299872	2026-05-22 10:13:38.299872
99	Madrid	Spain	2026-05-22 10:13:38.299872	Business 189 #98	{Criminology,Psychology,Medicine,"Biological Science",Design}	10:13:38.299872	2026-05-22 10:13:38.299872
100	Yokohama	Japan	2026-05-22 10:13:38.299872	Business 189 #99	{Nursing,Nursing,"Architectural Technology",Design,Arts}	10:13:38.299872	2026-05-22 10:13:38.299872
101	Nagoya	Japan	2026-05-22 10:13:38.299872	Biological Science 255 #100	{Psychology,Communications,Communications,"Applied Science (Psychology)",Teaching}	10:13:38.299872	2026-05-22 10:13:38.299872
102	Bangkok	Thailand	2026-05-22 10:13:38.299872	Applied Science (Psychology) 423 #101	{Nursing,Arts,"Computer Science",Communications,Communications}	10:13:38.299872	2026-05-22 10:13:38.299872
103	Los Angeles	USA	2026-05-22 10:13:38.299872	Criminology 397 #102	{"Health Science","Creative Arts","Health Science",Law,Business}	10:13:38.299872	2026-05-22 10:13:38.299872
104	Barcelona	Spain	2026-05-22 10:13:38.299872	Biomedical Science 449 #103	{Commerce,Teaching,"Health Science",Engineering,Engineering}	10:13:38.299872	2026-05-22 10:13:38.299872
105	Boston	USA	2026-05-22 10:13:38.299872	Psychology 289 #104	{"Biomedical Science",Communications,"Health Science",Law,"Computer Science"}	10:13:38.299872	2026-05-22 10:13:38.299872
106	Valencia	Spain	2026-05-22 10:13:38.299872	Architectural Technology 395 #105	{"Forensic Science","Applied Science (Psychology)",Business,"Computer Science",Education}	10:13:38.299872	2026-05-22 10:13:38.299872
107	Nagoya	Japan	2026-05-22 10:13:38.299872	Commerce 430 #106	{Education,"Information Systems",Arts,Education,"Creative Arts"}	10:13:38.299872	2026-05-22 10:13:38.299872
108	Bangkok	Thailand	2026-05-22 10:13:38.299872	Medicine 462 #107	{"Health Science","Forensic Science",Engineering,Medicine,"Applied Science (Psychology)"}	10:13:38.299872	2026-05-22 10:13:38.299872
109	Valencia	Spain	2026-05-22 10:13:38.299872	Biological Science 599 #108	{Nursing,"Information Systems",Criminology,"Architectural Technology","Health Science"}	10:13:38.299872	2026-05-22 10:13:38.299872
110	Bangkok	Thailand	2026-05-22 10:13:38.299872	Design 150 #109	{"Architectural Technology","Biological Science",Commerce,Communications,"Biomedical Science"}	10:13:38.299872	2026-05-22 10:13:38.299872
111	Kobe	Japan	2026-05-22 10:13:38.299872	Arts 577 #110	{"Forensic Science","Applied Science (Psychology)",Medicine,Law,Law}	10:13:38.299872	2026-05-22 10:13:38.299872
112	San Francisco	USA	2026-05-22 10:13:38.299872	Design 313 #111	{"Forensic Science",Medicine,"Forensic Science","Health Science",Commerce}	10:13:38.299872	2026-05-22 10:13:38.299872
113	New York	USA	2026-05-22 10:13:38.299872	Architectural Technology 156 #112	{"Forensic Science",Business,"Health Science",Nursing,Nursing}	10:13:38.299872	2026-05-22 10:13:38.299872
114	New York	USA	2026-05-22 10:13:38.299872	Health Science 437 #113	{Nursing,Criminology,Communications,"Biological Science","Information Systems"}	10:13:38.299872	2026-05-22 10:13:38.299872
115	Kobe	Japan	2026-05-22 10:13:38.299872	Biological Science 583 #114	{"Health Science",Criminology,"Creative Arts",Design,"Information Systems"}	10:13:38.299872	2026-05-22 10:13:38.299872
116	Phuket	Thailand	2026-05-22 10:13:38.299872	Health Science 519 #115	{"Biological Science",Business,Law,"Biomedical Science",Education}	10:13:38.299872	2026-05-22 10:13:38.299872
117	Nagoya	Japan	2026-05-22 10:13:38.299872	Applied Science (Psychology) 424 #116	{"Architectural Technology",Communications,Criminology,"Applied Science (Psychology)",Criminology}	10:13:38.299872	2026-05-22 10:13:38.299872
118	New York	USA	2026-05-22 10:13:38.299872	Education 578 #117	{"Architectural Technology",Law,Psychology,Business,"Biomedical Science"}	10:13:38.299872	2026-05-22 10:13:38.299872
119	Madrid	Spain	2026-05-22 10:13:38.299872	Computer Science 321 #118	{Engineering,"Forensic Science",Engineering,"Information Systems","Computer Science"}	10:13:38.299872	2026-05-22 10:13:38.299872
120	Kyoto	Japan	2026-05-22 10:13:38.299872	Criminology 147 #119	{"Architectural Technology",Education,"Information Systems",Arts,"Applied Science (Psychology)"}	10:13:38.299872	2026-05-22 10:13:38.299872
121	Chiang Mai	Thailand	2026-05-22 10:13:38.299872	Architectural Technology 371 #120	{"Biological Science",Engineering,"Forensic Science",Medicine,"Information Systems"}	10:13:38.299872	2026-05-22 10:13:38.299872
122	Phuket	Thailand	2026-05-22 10:13:38.299872	Criminology 351 #121	{Design,Commerce,Engineering,Psychology,"Biological Science"}	10:13:38.299872	2026-05-22 10:13:38.299872
123	Bangkok	Thailand	2026-05-22 10:13:38.299872	Criminology 260 #122	{Design,"Forensic Science","Biomedical Science",Nursing,Communications}	10:13:38.299872	2026-05-22 10:13:38.299872
124	New York	USA	2026-05-22 10:13:38.299872	Computer Science 562 #123	{Psychology,Teaching,Arts,Engineering,"Biological Science"}	10:13:38.299872	2026-05-22 10:13:38.299872
125	Barcelona	Spain	2026-05-22 10:13:38.299872	Biological Science 370 #124	{Law,"Computer Science",Nursing,Criminology,Teaching}	10:13:38.299872	2026-05-22 10:13:38.299872
126	San Francisco	USA	2026-05-22 10:13:38.299872	Applied Science (Psychology) 354 #125	{Medicine,Engineering,"Biological Science",Nursing,Engineering}	10:13:38.299872	2026-05-22 10:13:38.299872
127	Philadelphia	USA	2026-05-22 10:13:38.299872	Communications 350 #126	{"Forensic Science",Commerce,Education,"Health Science","Applied Science (Psychology)"}	10:13:38.299872	2026-05-22 10:13:38.299872
128	New York	USA	2026-05-22 10:13:38.299872	Architectural Technology 256 #127	{Education,Communications,Criminology,"Biomedical Science",Commerce}	10:13:38.299872	2026-05-22 10:13:38.299872
129	Chiang Mai	Thailand	2026-05-22 10:13:38.299872	Education 254 #128	{Medicine,"Architectural Technology",Arts,"Computer Science",Communications}	10:13:38.299872	2026-05-22 10:13:38.299872
130	Valencia	Spain	2026-05-22 10:13:38.299872	Design 579 #129	{"Biological Science",Criminology,Business,"Computer Science","Architectural Technology"}	10:13:38.299872	2026-05-22 10:13:38.299872
131	Chiang Mai	Thailand	2026-05-22 10:13:38.299872	Health Science 550 #130	{"Information Systems",Commerce,"Architectural Technology",Medicine,Psychology}	10:13:38.299872	2026-05-22 10:13:38.299872
132	Osaka	Japan	2026-05-22 10:13:38.299872	Education 225 #131	{"Information Systems",Teaching,"Biomedical Science","Applied Science (Psychology)",Criminology}	10:13:38.299872	2026-05-22 10:13:38.299872
133	Hiroshima	Japan	2026-05-22 10:13:38.299872	Computer Science 465 #132	{"Information Systems",Business,Education,"Biological Science","Architectural Technology"}	10:13:38.299872	2026-05-22 10:13:38.299872
134	Barcelona	Spain	2026-05-22 10:13:38.299872	Law 570 #133	{Criminology,"Architectural Technology","Forensic Science","Forensic Science",Law}	10:13:38.299872	2026-05-22 10:13:38.299872
135	Boston	USA	2026-05-22 10:13:38.299872	Forensic Science 585 #134	{"Biomedical Science",Criminology,Psychology,"Creative Arts",Medicine}	10:13:38.299872	2026-05-22 10:13:38.299872
136	Yokohama	Japan	2026-05-22 10:13:38.299872	Business 596 #135	{Criminology,"Architectural Technology","Applied Science (Psychology)",Teaching,Psychology}	10:13:38.299872	2026-05-22 10:13:38.299872
137	Valencia	Spain	2026-05-22 10:13:38.299872	Biomedical Science 158 #136	{Nursing,"Forensic Science",Law,Law,Teaching}	10:13:38.299872	2026-05-22 10:13:38.299872
138	New York	USA	2026-05-22 10:13:38.299872	Architectural Technology 460 #137	{Engineering,"Information Systems",Nursing,Engineering,Engineering}	10:13:38.299872	2026-05-22 10:13:38.299872
139	San Francisco	USA	2026-05-22 10:13:38.299872	Criminology 179 #138	{"Biomedical Science","Computer Science",Law,Business,"Health Science"}	10:13:38.299872	2026-05-22 10:13:38.299872
140	Boston	USA	2026-05-22 10:13:38.299872	Education 481 #139	{"Biological Science",Law,"Forensic Science",Medicine,Education}	10:13:38.299872	2026-05-22 10:13:38.299872
141	Los Angeles	USA	2026-05-22 10:13:38.299872	Computer Science 543 #140	{Nursing,Business,Commerce,"Architectural Technology",Communications}	10:13:38.299872	2026-05-22 10:13:38.299872
142	Phuket	Thailand	2026-05-22 10:13:38.299872	Computer Science 181 #141	{Nursing,"Computer Science",Design,Teaching,Arts}	10:13:38.299872	2026-05-22 10:13:38.299872
143	Kyoto	Japan	2026-05-22 10:13:38.299872	Teaching 529 #142	{Business,Psychology,"Applied Science (Psychology)",Nursing,Communications}	10:13:38.299872	2026-05-22 10:13:38.299872
144	Bangkok	Thailand	2026-05-22 10:13:38.299872	Teaching 545 #143	{Engineering,Engineering,"Forensic Science",Nursing,Nursing}	10:13:38.299872	2026-05-22 10:13:38.299872
145	Nagoya	Japan	2026-05-22 10:13:38.299872	Nursing 128 #144	{"Creative Arts","Biological Science",Business,Nursing,Design}	10:13:38.299872	2026-05-22 10:13:38.299872
146	Chiang Mai	Thailand	2026-05-22 10:13:38.299872	Nursing 468 #145	{Education,Arts,"Creative Arts",Design,"Biological Science"}	10:13:38.299872	2026-05-22 10:13:38.299872
147	Barcelona	Spain	2026-05-22 10:13:38.299872	Medicine 391 #146	{Nursing,"Biomedical Science","Computer Science",Communications,Education}	10:13:38.299872	2026-05-22 10:13:38.299872
148	Barcelona	Spain	2026-05-22 10:13:38.299872	Arts 569 #147	{"Biological Science",Design,"Information Systems","Applied Science (Psychology)",Commerce}	10:13:38.299872	2026-05-22 10:13:38.299872
149	Phuket	Thailand	2026-05-22 10:13:38.299872	Engineering 440 #148	{"Health Science",Criminology,"Computer Science","Architectural Technology",Criminology}	10:13:38.299872	2026-05-22 10:13:38.299872
150	New York	USA	2026-05-22 10:13:38.299872	Teaching 393 #149	{"Biomedical Science",Nursing,Engineering,"Forensic Science",Design}	10:13:38.299872	2026-05-22 10:13:38.299872
\.


--
-- Data for Name: courses_locations; Type: TABLE DATA; Schema: public; Owner: -
--

COPY public.courses_locations (id, course_id, created_at, updated_at, user_id) FROM stdin;
\.


--
-- Data for Name: stores; Type: TABLE DATA; Schema: public; Owner: -
--

COPY public.stores (id, created_at, name, size, updated_at) FROM stdin;
1	2026-05-22 10:13:38.688644	Apple Store Prime	large	2026-05-22 10:13:38.688644
\.


--
-- Data for Name: teams; Type: TABLE DATA; Schema: public; Owner: -
--

COPY public.teams (id, color, created_at, description, name, updated_at, url) FROM stdin;
1	#000000	2026-05-22 10:13:20.968297	Debitis ipsum beatae. Quia pariatur qui. Aperiam nihil est. Enim itaque quam.	Apple	2026-05-22 10:13:20.968297	https://apple.com
2	#d651d6	2026-05-22 10:13:20.977226	Sequi dolor et. Vel non voluptas. Fugiat pariatur voluptates. Architecto tenetur accusamus.	Google	2026-05-22 10:13:20.977226	https://google.com
3	#082b08	2026-05-22 10:13:20.980051	A reprehenderit est. At molestias reiciendis. Eos accusantium eaque. Veniam facilis voluptas.	Facebook	2026-05-22 10:13:20.980051	https://facebook.com
4	#060605	2026-05-22 10:13:20.984276	Accusamus veritatis et. Veniam quasi inventore. Vel beatae doloremque. Aut quia dolor.	Amazon	2026-05-22 10:13:20.984276	https://amazon.com
5	#5e5e97	2026-05-21 10:13:29.302561	Molestiae ea similique. Aliquid sed similique. Quia corrupti qui. Laboriosam commodi minus.	Jakubowski, Cole and Braun	2026-05-22 10:13:29.305801	http://wiza-stokes.test/jackie
6	#111811	2026-05-21 10:13:29.36437	Odio placeat natus. Vel in qui. Consequatur est modi. Officiis ad excepturi.	Johnson-Huel	2026-05-22 10:13:29.368074	http://gulgowski.test/tommie
7	#e5dcdc	2026-05-21 10:13:29.372434	Magnam beatae voluptatem. Id atque est. Itaque non dignissimos. Corporis et quia.	Ebert Group	2026-05-22 10:13:29.374259	http://robel.test/cole
8	#000000	2026-05-21 10:13:29.450989	Dolorem quo nesciunt. Voluptatem eum et. Sequi quia doloribus. Quibusdam et corrupti.	Beahan-Metz	2026-05-22 10:13:29.452054	http://beahan.test/marianela
9	#e26969	2026-05-21 10:13:29.572416	Tenetur beatae aperiam. Culpa eius qui. Possimus et et. Dolores tempora praesentium.	Ziemann LLC	2026-05-22 10:13:29.573349	http://white-williamson.example/joel.lueilwitz
10	#402020	2026-05-21 10:13:29.646791	Nostrum reprehenderit autem. Eos saepe qui. Ullam sunt repellat. Omnis qui facilis.	Kuhic-Hahn	2026-05-22 10:13:29.64821	http://littel.example/darron
11	#6fcece	2026-05-21 10:13:29.751953	Ratione eveniet dolores. Fugiat aut reprehenderit. Ab ut est. Quasi suscipit exercitationem.	Friesen, Bosco and Heidenreich	2026-05-22 10:13:29.752666	http://treutel.test/jacob.schulist
12	#3434cb	2026-05-21 10:13:29.759828	Deserunt quae in. Sit modi id. Quia voluptas ut. Qui non esse.	Ratke-Beer	2026-05-22 10:13:29.760838	http://rodriguez.test/delmer.tromp
13	#f5f5f0	2026-05-21 10:13:29.811356	Accusantium voluptates sunt. Sit similique ab. Assumenda dolorem suscipit. Qui consequatur esse.	Lowe, Jacobi and Funk	2026-05-22 10:13:29.812423	http://hartmann-yundt.test/cole
\.


--
-- Data for Name: locations; Type: TABLE DATA; Schema: public; Owner: -
--

COPY public.locations (id, address, created_at, name, size, store_id, team_id, updated_at) FROM stdin;
1	1 Orchard Street, 12345 New York	2026-05-22 10:13:38.731781	Apple Park - Barbecue Area	medium	1	1	2026-05-22 10:13:38.731781
\.


--
-- Data for Name: events; Type: TABLE DATA; Schema: public; Owner: -
--

COPY public.events (id, body, created_at, event_time, location_id, name, updated_at, uuid) FROM stdin;
1	\N	2026-05-22 10:13:38.814622	2023-11-11 11:11:11	1	M3 release celebration	2026-05-22 10:13:38.837567	33ab9894-b4b3-4def-a9a9-e80aac97b57b
\.


--
-- Data for Name: fish; Type: TABLE DATA; Schema: public; Owner: -
--

COPY public.fish (id, created_at, name, size, type, updated_at, user_id) FROM stdin;
1	2026-05-21 10:13:29.260946	Tilapia	\N	\N	2026-05-22 10:13:29.280223	\N
2	2026-05-21 10:13:29.295305	Catfish	\N	\N	2026-05-22 10:13:29.296624	\N
3	2026-05-21 10:13:29.335968	Trout	\N	\N	2026-05-22 10:13:29.336651	\N
4	2026-05-21 10:13:29.438284	Salmon	\N	\N	2026-05-22 10:13:29.438937	\N
5	2026-05-21 10:13:29.583661	Pangasius	\N	\N	2026-05-22 10:13:29.584381	\N
6	2026-05-21 10:13:29.739489	Trout	\N	\N	2026-05-22 10:13:29.739929	\N
7	2026-05-21 10:13:29.743597	Carp	\N	\N	2026-05-22 10:13:29.744165	\N
8	2026-05-21 10:13:29.7483	Tilapia	\N	\N	2026-05-22 10:13:29.748751	\N
\.


--
-- Data for Name: galaxy_planets; Type: TABLE DATA; Schema: public; Owner: -
--

COPY public.galaxy_planets (id, created_at, name, updated_at) FROM stdin;
1	2026-05-22 10:13:38.299872	Mercury	2026-05-22 10:13:38.299872
2	2026-05-22 10:13:38.299872	Venus	2026-05-22 10:13:38.299872
3	2026-05-22 10:13:38.299872	Earth	2026-05-22 10:13:38.299872
4	2026-05-22 10:13:38.299872	Mars	2026-05-22 10:13:38.299872
5	2026-05-22 10:13:38.299872	Jupiter	2026-05-22 10:13:38.299872
6	2026-05-22 10:13:38.299872	Saturn	2026-05-22 10:13:38.299872
7	2026-05-22 10:13:38.299872	Uranus	2026-05-22 10:13:38.299872
8	2026-05-22 10:13:38.299872	Neptune	2026-05-22 10:13:38.299872
\.


--
-- Data for Name: galaxy_planet_satellites; Type: TABLE DATA; Schema: public; Owner: -
--

COPY public.galaxy_planet_satellites (id, created_at, name, planet_id, updated_at) FROM stdin;
1	2026-05-22 10:13:38.299872	Moon	3	2026-05-22 10:13:38.299872
2	2026-05-22 10:13:38.299872	Phobos	4	2026-05-22 10:13:38.299872
3	2026-05-22 10:13:38.299872	Deimos	4	2026-05-22 10:13:38.299872
4	2026-05-22 10:13:38.299872	Io	5	2026-05-22 10:13:38.299872
5	2026-05-22 10:13:38.299872	Europa	5	2026-05-22 10:13:38.299872
6	2026-05-22 10:13:38.299872	Ganymede	5	2026-05-22 10:13:38.299872
7	2026-05-22 10:13:38.299872	Callisto	5	2026-05-22 10:13:38.299872
8	2026-05-22 10:13:38.299872	Titan	6	2026-05-22 10:13:38.299872
9	2026-05-22 10:13:38.299872	Enceladus	6	2026-05-22 10:13:38.299872
10	2026-05-22 10:13:38.299872	Mimas	6	2026-05-22 10:13:38.299872
11	2026-05-22 10:13:38.299872	Rhea	6	2026-05-22 10:13:38.299872
12	2026-05-22 10:13:38.299872	Iapetus	6	2026-05-22 10:13:38.299872
13	2026-05-22 10:13:38.299872	Titania	7	2026-05-22 10:13:38.299872
14	2026-05-22 10:13:38.299872	Oberon	7	2026-05-22 10:13:38.299872
15	2026-05-22 10:13:38.299872	Miranda	7	2026-05-22 10:13:38.299872
16	2026-05-22 10:13:38.299872	Ariel	7	2026-05-22 10:13:38.299872
17	2026-05-22 10:13:38.299872	Umbriel	7	2026-05-22 10:13:38.299872
18	2026-05-22 10:13:38.299872	Triton	8	2026-05-22 10:13:38.299872
19	2026-05-22 10:13:38.299872	Nereid	8	2026-05-22 10:13:38.299872
20	2026-05-22 10:13:38.299872	Proteus	8	2026-05-22 10:13:38.299872
\.


--
-- Data for Name: people; Type: TABLE DATA; Schema: public; Owner: -
--

COPY public.people (id, created_at, name, person_id, type, updated_at, user_id) FROM stdin;
1	2026-05-22 10:13:28.44194	Leandro Volkman	\N	\N	2026-05-22 10:13:28.44194	\N
2	2026-05-22 10:13:28.452433	Loyd Block	\N	\N	2026-05-22 10:13:28.452433	\N
3	2026-05-22 10:13:28.462351	Malinda Reichert	\N	\N	2026-05-22 10:13:28.462351	\N
4	2026-05-22 10:13:28.467258	Patrica Lebsack	\N	\N	2026-05-22 10:13:28.467258	\N
5	2026-05-22 10:13:28.469806	Tarah Larkin	\N	\N	2026-05-22 10:13:28.469806	\N
6	2026-05-22 10:13:28.472291	Chung Upton	\N	\N	2026-05-22 10:13:28.472291	\N
7	2026-05-22 10:13:28.477813	Tania Hickle	\N	\N	2026-05-22 10:13:28.477813	\N
8	2026-05-22 10:13:28.480054	Lauren Anderson	\N	\N	2026-05-22 10:13:28.480054	\N
9	2026-05-22 10:13:28.485232	Hoyt Jacobi	\N	\N	2026-05-22 10:13:28.485232	\N
10	2026-05-22 10:13:28.487361	Elvie Howell	\N	\N	2026-05-22 10:13:28.487361	\N
11	2026-05-22 10:13:28.489402	Angel Baumbach	\N	\N	2026-05-22 10:13:28.489402	\N
12	2026-05-22 10:13:28.492184	Sena Mayer	\N	\N	2026-05-22 10:13:28.492184	\N
13	2026-05-22 10:13:28.50712	Boyce Bogisich	1	Spouse	2026-05-22 10:13:28.520252	\N
14	2026-05-22 10:13:28.536654	Angel Jast	1	Sibling	2026-05-22 10:13:28.548179	\N
15	2026-05-22 10:13:28.551908	Una Ruecker	2	Spouse	2026-05-22 10:13:28.55407	\N
16	2026-05-22 10:13:28.558454	Hershel Schmitt	2	Sibling	2026-05-22 10:13:28.560712	\N
17	2026-05-22 10:13:28.563892	Latoyia Von	3	Spouse	2026-05-22 10:13:28.56565	\N
18	2026-05-22 10:13:28.5683	Laurene Torp	3	Sibling	2026-05-22 10:13:28.569978	\N
19	2026-05-22 10:13:28.575666	Ike Schinner	4	Spouse	2026-05-22 10:13:28.58034	\N
20	2026-05-22 10:13:28.58273	Hiram Blanda	4	Sibling	2026-05-22 10:13:28.58432	\N
21	2026-05-22 10:13:28.586328	Mary Barrows	5	Spouse	2026-05-22 10:13:28.597926	\N
22	2026-05-22 10:13:28.600028	Dahlia Parisian	5	Sibling	2026-05-22 10:13:28.601713	\N
23	2026-05-22 10:13:28.603688	Randee Mohr	6	Spouse	2026-05-22 10:13:28.605291	\N
24	2026-05-22 10:13:28.608404	Margo Mante	6	Sibling	2026-05-22 10:13:28.612913	\N
25	2026-05-22 10:13:28.616517	Todd Jenkins	7	Spouse	2026-05-22 10:13:28.618577	\N
26	2026-05-22 10:13:28.620398	Francisco Fritsch	7	Sibling	2026-05-22 10:13:28.622346	\N
27	2026-05-22 10:13:28.625156	Anissa Harber	8	Spouse	2026-05-22 10:13:28.630976	\N
28	2026-05-22 10:13:28.633565	Wilbur Mohr	8	Sibling	2026-05-22 10:13:28.636131	\N
29	2026-05-22 10:13:28.63823	Wm Haley	9	Spouse	2026-05-22 10:13:28.639907	\N
30	2026-05-22 10:13:28.643306	Marleen Hermann	9	Sibling	2026-05-22 10:13:28.649599	\N
31	2026-05-22 10:13:28.65206	Kandy VonRueden	10	Spouse	2026-05-22 10:13:28.653906	\N
32	2026-05-22 10:13:28.655655	Lanny O'Conner	10	Sibling	2026-05-22 10:13:28.662053	\N
33	2026-05-22 10:13:28.664277	Loretta Wehner	11	Spouse	2026-05-22 10:13:28.666002	\N
34	2026-05-22 10:13:28.668891	Ronna Bruen	11	Sibling	2026-05-22 10:13:28.670989	\N
35	2026-05-22 10:13:28.680399	Anthony Reichel	12	Spouse	2026-05-22 10:13:28.68408	\N
36	2026-05-22 10:13:28.686126	Hilario Quitzon	12	Sibling	2026-05-22 10:13:28.687904	\N
\.


--
-- Data for Name: playgrounds; Type: TABLE DATA; Schema: public; Owner: -
--

COPY public.playgrounds (id, area_coordinates, array_values, badge_value, boolean_group_values, boolean_value, code_value, country_value, created_at, date_time_value, date_value, easy_mde_content, external_image_url, gravatar_email, hidden_token, key_value_data, latitude, longitude, multi_select_values, name, number_value, password_value, progress_value, radio_value, select_value, stars_value, status_value, tags_values, text_value, textarea_value, time_value, tiptap_content, updated_at) FROM stdin;
1	[[[-122.423,37.778],[-122.415,37.778],[-122.415,37.772],[-122.423,37.772],[-122.423,37.778]]]	{alpha,beta,gamma}	published	{"email_alerts":true,"sms_alerts":false,"weekly_digest":true}	t	def greet\n  'Hello from Avo'\nend	US	2026-05-22 10:13:38.907453	2026-05-22 10:13:00	2026-05-22	## EasyMDE content	https://picsum.photos/400/240	avo@avohq.io	d69df697	{"env":"development","visibility":"public"}	37.7749	-122.4194	{feature_flags,automation}	All fields playground	42	super-secret	72	high	review	4	processing	{avo,rails,showcase}	Short text example	Longer text area content	10:13:00	<p>Tiptap content</p>	2026-05-22 10:13:38.907453
\.


--
-- Data for Name: posts; Type: TABLE DATA; Schema: public; Owner: -
--

COPY public.posts (id, body, created_at, is_featured, name, published_at, slug, status, updated_at, user_id) FROM stdin;
1	Reprehenderit qui autem. Repellat magnam nulla. Et vitae dolorem.\nMollitia ut excepturi. Non sunt qui. Quasi saepe nesciunt.\nCupiditate magni consequatur. Unde est provident. Libero est repudiandae.\nLibero at doloribus. Rerum ducimus quasi. Iure accusamus veritatis.\nDoloribus distinctio quis. Et eaque ut. At ut eius.	2026-05-21 10:13:28.893009	t	I am confound.	\N	i-am-confound-c4ebfb6f	1	2026-05-22 10:13:28.964475	\N
2	Ipsum sequi voluptas. Laborum alias harum. Illum perferendis quia.\nMagni mollitia sit. Odio consequatur sint. Recusandae corrupti alias.\nSed rerum est. Ea et perferendis. Sit nihil sint.\nSit doloribus inventore. Ut et ratione. Quo sit cum.\nVitae reprehenderit qui. Aspernatur cum autem. Voluptatem illo qui.	2026-05-21 10:13:29.194458	t	Is it not meningitis?	2025-09-14 10:13:29.195543	is-it-not-meningitis-3a2d7834	2	2026-05-22 10:13:29.202787	\N
3	Quis deserunt iusto. Commodi dolor eos. Quia voluptates inventore.\nSoluta impedit rerum. Est eius eos. Quo ducimus voluptas.\nVel porro molestiae. Aut ut tenetur. Pariatur aliquam natus.\nQuas facere impedit. Odio odit voluptatem. Reprehenderit ut nam.\nEx velit qui. Commodi facilis nesciunt. Qui quisquam eum.\nAliquam laborum eveniet. Voluptatem qui cum. Velit error porro.\nQui qui quas. Tempore totam similique. Odio dolorem quasi.	2026-05-21 10:13:29.386943	t	I wish I could go with you.	\N	i-wish-i-could-go-with-you-356d47f5	0	2026-05-22 10:13:29.392757	\N
4	Enim voluptatem debitis. Ut et quidem. Id sequi esse.\nQuaerat omnis qui. Voluptatem temporibus quaerat. Quisquam eos molestiae.\nId architecto impedit. Rerum iusto inventore. Omnis officiis quibusdam.\nDolorum repellat libero. Ea libero a. Vitae in aliquam.\nDelectus ipsa non. Est fugiat sit. Officiis impedit iure.\nQuae sunt praesentium. Repellendus quis assumenda. Deleniti eos maiores.	2026-05-21 10:13:29.455743	t	Okay, I won't.	2025-06-19 10:13:29.457174	okay-i-won-t-ca4979f0	0	2026-05-22 10:13:29.458347	\N
5	Velit hic ut. Deserunt tempora inventore. Quos assumenda nesciunt.\nVero velit quia. Dolorem enim quis. Recusandae rerum rerum.\nExplicabo saepe dolor. Doloremque dolor et. Nostrum qui nulla.\nEos aut iure. Et neque porro. Commodi ad perferendis.\nEt minus molestiae. Libero repellat voluptatem. Quidem id est.\nMaxime labore provident. Sit ipsam deleniti. Inventore et eum.\nNisi temporibus et. Nemo aliquid tempore. Ut doloribus corrupti.\nNon est similique. Est est iure. Quod est voluptatum.	2026-05-21 10:13:29.514367	f	I want your bunk!	\N	i-want-your-bunk-1486cb7c	1	2026-05-22 10:13:29.516731	\N
6	Aliquid voluptatibus delectus. Nulla quasi esse. Ipsam ut reprehenderit.\nCommodi voluptatem quam. Et recusandae minima. Et sed deserunt.\nTempora earum fugiat. Voluptas eaque accusantium. Sed neque vel.\nMinus rem saepe. Voluptate repellat quia. Rerum deserunt recusandae.\nId quo nihil. At libero unde. Aliquid non unde.	2026-05-21 10:13:29.589579	t	One! Two! Three!	2025-11-08 11:13:29.590616	one-two-three-5bbc5403	0	2026-05-22 10:13:29.5923	\N
7	Quo ex eaque. Enim quae laboriosam. Eum quaerat iure.\nDeleniti non qui. Quia at quia. Eaque quo nobis.\nMaiores placeat illo. Iusto hic totam. Molestiae incidunt dolorem.\nPraesentium enim ut. Aut voluptatem repudiandae. Est sapiente aperiam.\nDelectus perferendis et. Iure aspernatur quos. Nisi numquam suscipit.\nNon aut rerum. Veniam blanditiis dolores. In cupiditate sed.	2026-05-21 10:13:29.663554	t	Yes, it's tough, but not as tough as doing comedy.	\N	yes-it-s-tough-but-not-as-tough-as-doing-comedy-d7f3ce6f	2	2026-05-22 10:13:29.668029	\N
8	Non eum sint. Non ullam cupiditate. Sed consequatur pariatur.\nEx itaque animi. Inventore ut necessitatibus. Aliquam dolor reiciendis.\nOptio eos quo. Modi officia velit. Architecto vitae omnis.\nEt sit nam. Aliquid commodi minima. Occaecati dicta quasi.\nIn perspiciatis dolore. Et laboriosam dolores. Fuga libero voluptates.\nQuibusdam sunt ullam. Omnis consequatur porro. Dolor iste numquam.	2026-05-21 10:13:29.765666	t	I don't know.	2025-12-13 11:13:29.76699	i-don-t-know-f02d90ec	1	2026-05-22 10:13:29.776418	\N
12	Aut vero consequatur. Qui suscipit provident. Consectetur impedit harum.\nEt et aliquam. Eos molestiae aliquid. Magni sit quaerat.\nCum magni suscipit. Praesentium voluptatum sit. Provident vel ut.\nNulla rerum cumque. Omnis porro aut. Dolore omnis repudiandae.\nOptio incidunt ipsa. Corporis ex tempora. Facilis eveniet ipsa.\nIpsam unde expedita. Ea quam quaerat. Hic fuga architecto.	2026-05-22 10:13:30.72316	t	I went the distance.	2025-08-30 10:13:30.721206	i-went-the-distance-f4c60ff9	0	2026-05-22 10:13:30.784075	28
9	Perferendis culpa doloribus. Velit corrupti eaque. Eveniet eum quo.\nQuo nihil ut. Nobis perspiciatis quia. Illum et velit.\nUt aut id. Rerum voluptatem maiores. Molestiae voluptatem officia.\nAmet quae natus. Ut quis eum. Beatae laboriosam consequatur.	2026-05-22 10:13:29.823804	f	I don't think they even heard me.	\N	i-don-t-think-they-even-heard-me-7d8b56b4	2	2026-05-22 10:13:30.20764	3
11	Voluptas labore aut. Dolorum sunt deserunt. Expedita quis ipsa.\nInventore pariatur sed. Dignissimos ut molestiae. Alias nulla ut.\nAutem vel est. Architecto facere ducimus. Vitae molestiae expedita.\nMinus iure accusantium. Eum a suscipit. Aut rerum quia.\nMagni enim sed. Libero amet est. Rerum voluptate fuga.	2026-05-22 10:13:30.521875	t	Strike the tent.	2025-12-14 11:13:30.520819	strike-the-tent-d78787a2	2	2026-05-22 10:13:30.618787	35
10	Quod pariatur quos. Quisquam pariatur sit. Culpa eos ratione.\nItaque vel modi. Dolores nisi expedita. Culpa et sit.\nCumque consectetur exercitationem. Voluptas sunt quaerat. Vel velit et.\nAut quibusdam voluptatum. A vel velit. Autem ut illo.\nVelit quidem laboriosam. Quod et velit. Voluptas unde et.\nVeniam quidem expedita. Sunt et dolorem. Minima animi non.\nEt temporibus error. Ut voluptatibus ratione. Praesentium quisquam facilis.\nDignissimos qui doloribus. Commodi recusandae dolor. Aut tempora ea.\nAdipisci cupiditate voluptatum. Inventore eos aut. Nihil quo aperiam.	2026-05-22 10:13:30.238408	t	Okay, I won't.	2026-04-27 10:13:30.236444	okay-i-won-t-f9a97613	0	2026-05-22 10:13:30.327322	4
13	Quae sed ea. Veniam sunt et. Repellendus maxime nisi.\nQui placeat minima. Asperiores cum deserunt. Aliquid excepturi ut.\nSed accusantium velit. Quos non sed. Laborum consectetur quod.\nVel consequatur itaque. Aut ipsam deleniti. Consequatur et quos.\nCommodi molestias ut. Dolores quisquam provident. Qui veritatis rerum.\nReprehenderit hic debitis. Et laborum enim. Iusto voluptatem reiciendis.	2026-05-22 10:13:30.887436	t	I love you.	2026-04-15 10:13:30.885141	i-love-you-4cd631f8	0	2026-05-22 10:13:30.971769	5
21	Dignissimos voluptas quidem. Modi pariatur ipsam. Similique porro nam.\nVoluptatum aut aut. Corporis voluptas harum. Nemo neque reiciendis.\nPariatur numquam dolorum. Aut debitis aspernatur. Quisquam ea exercitationem.\nTempora ipsum qui. Omnis voluptatem veritatis. Illo animi rerum.\nMagnam suscipit rerum. Repellendus autem fugiat. Perferendis sed voluptatem.\nMaiores quasi fugiat. Temporibus incidunt nemo. Exercitationem debitis quaerat.\nSunt deserunt voluptatem. Quam excepturi perspiciatis. Repellendus aperiam officia.	2026-05-22 10:13:32.19396	t	I forgot something.	\N	i-forgot-something-ae9c8e87	2	2026-05-22 10:13:32.259023	22
14	Necessitatibus aut id. Unde ratione iure. Tempora sunt eligendi.\nOfficiis nemo delectus. Mollitia ea suscipit. Explicabo omnis voluptatem.\nNeque quia eos. Alias aliquid est. Quasi quos sit.\nRerum velit optio. Impedit vitae ex. Et dolorum fugit.\nNihil eum qui. Odit et temporibus. Dolor veritatis ipsum.\nIncidunt facilis libero. Commodi consequatur voluptates. Ab sint explicabo.\nAsperiores dolorum labore. Laboriosam dolores qui. Impedit vel aperiam.\nMagni omnis recusandae. Vero velit vitae. Fugit optio ut.\nVoluptatibus voluptas sit. Cum impedit ut. Deleniti reprehenderit ut.	2026-05-22 10:13:31.074816	t	I love you too, honey. Good luck with your show.	2025-11-24 11:13:31.074092	i-love-you-too-honey-good-luck-with-your-show-cb6ad349	1	2026-05-22 10:13:31.175157	8
15	Aliquid eaque ea. Non sequi et. Soluta delectus at.\nConsequuntur dignissimos ea. In et occaecati. Aut quia at.\nVelit nihil eaque. Possimus deleniti quaerat. Voluptas autem ad.\nRerum ut qui. Saepe cum voluptas. Delectus deserunt ut.\nTempora recusandae laudantium. Qui ipsa praesentium. Illum qui laudantium.\nNon aut nisi. Dolores laboriosam sed. Illo quas dolorem.\nVoluptatem tempora vero. Totam commodi magnam. Sunt at nostrum.\nNostrum aspernatur iste. Eum et est. Quia sit ea.\nHarum quia tempore. Minima hic voluptates. Sed similique saepe.	2026-05-22 10:13:31.364153	t	That's good. Go on, read some more.	\N	that-s-good-go-on-read-some-more-5561af75	0	2026-05-22 10:13:31.437086	30
18	Aut illo non. Vel exercitationem possimus. Facilis voluptas eaque.\nTenetur molestiae tempora. Rerum ea qui. Accusantium aut natus.\nSed modi ut. Aut fugiat aut. Ut in dolores.\nEa aspernatur illum. Voluptatem provident quis. Velit voluptatem deleniti.\nNeque rerum suscipit. Cumque cupiditate qui. Voluptas sint odio.\nSoluta officia non. Nisi vero rem. Modi at porro.\nEt sunt accusantium. Ut odio minus. Omnis repellat amet.\nLabore aspernatur id. Et magnam nam. Voluptatem rerum dolorem.\nAdipisci magnam dolor. Voluptatem vel omnis. Minima eligendi fugit.	2026-05-22 10:13:31.812568	f	I am confound.	\N	i-am-confound-f25b0310	2	2026-05-22 10:13:31.893819	5
16	Perferendis sit ab. Esse reprehenderit maiores. Labore veritatis voluptas.\nEst corporis accusantium. Quia eum repudiandae. Voluptas harum natus.\nDucimus sed molestias. Perferendis atque et. Iusto voluptas ab.\nSoluta velit recusandae. Facere non quo. Id vitae provident.\nIpsum mollitia explicabo. Minus corrupti qui. Accusantium voluptas alias.\nAut voluptatibus quis. Et enim vel. Eum officiis beatae.\nId sint et. Nemo non dicta. Sapiente vel sit.	2026-05-22 10:13:31.538046	t	I want your bunk!	\N	i-want-your-bunk-0529d0b4	1	2026-05-22 10:13:31.602974	37
17	Eligendi enim quaerat. Veritatis facilis atque. Quod dolor placeat.\nCorrupti consequatur aut. Quaerat molestias ullam. Voluptas nulla deleniti.\nDolorem aut quis. Occaecati non error. Voluptate tempora dolorem.\nSequi unde in. Ab nesciunt fugiat. Praesentium voluptas provident.\nEst ad architecto. Dolores omnis est. Et fugit adipisci.\nImpedit asperiores quo. In provident qui. Dolor ut dolorum.\nAut est et. Eaque ab molestiae. Autem eveniet nostrum.	2026-05-22 10:13:31.687507	t	Happy.	2025-11-16 11:13:31.686818	happy-a9685db1	0	2026-05-22 10:13:31.751739	4
19	Sit ullam totam. In quis aut. Ut quia nihil.\nEt enim qui. Laudantium blanditiis quis. Voluptatem repellendus porro.\nItaque placeat aut. Recusandae in cum. Voluptas aut laboriosam.\nQuis ut est. Cum velit laboriosam. Quaerat aut suscipit.\nIpsa aut soluta. Quibusdam aut consequatur. Ut dicta eos.\nSit nostrum quod. Voluptatum rerum dolor. Debitis ea sed.\nOmnis expedita qui. Dolores architecto dolore. Non perferendis impedit.	2026-05-22 10:13:31.944791	t	I don't know.	2026-02-02 11:13:31.944189	i-don-t-know-18e30f6f	2	2026-05-22 10:13:32.00138	52
20	Laborum sed consequatur. Et porro consequuntur. Delectus nesciunt voluptas.\nItaque sint quidem. Magni nulla natus. Neque tempora et.\nNon ipsa omnis. Earum voluptas ut. Sunt culpa est.\nNisi voluptatum rerum. Harum illo quasi. Qui nemo voluptatibus.\nEst aut cupiditate. Aut quod nihil. Quisquam rerum harum.\nUt nam illum. Qui sequi enim. In eius dignissimos.	2026-05-22 10:13:32.04388	f	Do you want me to come with you?	\N	do-you-want-me-to-come-with-you-954410ee	0	2026-05-22 10:13:32.099271	50
32	Qui dolorem est. Itaque sit et. Sint eius ut.\nFacilis quae error. Voluptatum dolor reiciendis. Non rem sed.\nExcepturi eligendi enim. Numquam voluptatem officia. Vel laboriosam nesciunt.\nUllam ex voluptatem. Delectus nihil reprehenderit. Itaque corporis ut.\nLibero alias id. Ut deleniti quos. In explicabo harum.\nUllam assumenda consequuntur. Rerum voluptates illo. Repellat magni nulla.\nCumque aut explicabo. Unde porro ex. Quo placeat minus.\nNatus quo hic. Necessitatibus consequatur praesentium. Magni exercitationem provident.\nEarum in error. Hic officia est. Odit magnam ut.	2026-05-22 10:13:33.767145	f	I wish I could go with you.	\N	i-wish-i-could-go-with-you-05fb78fb	1	2026-05-22 10:13:33.823956	23
22	Rerum dignissimos et. Dolore illo aliquam. A blanditiis beatae.\nCulpa eligendi consectetur. Blanditiis laborum voluptatum. Odit ad praesentium.\nAliquid non repellat. Consequatur ducimus quisquam. Quia est non.\nNobis quaerat et. Dolor molestias porro. Est ratione eveniet.\nAliquid sed voluptas. Nesciunt ea repudiandae. Et et esse.	2026-05-22 10:13:32.270986	f	That's good. Go on, read some more.	2025-08-29 10:13:32.270011	that-s-good-go-on-read-some-more-dfd636d5	1	2026-05-22 10:13:32.339146	45
26	Et est qui. Ab aliquam sed. Assumenda aut cum.\nEum sit porro. Exercitationem ut fugit. Sed ea fugiat.\nQuia voluptatem laborum. Quas adipisci voluptatem. Corporis aut aliquid.\nAmet in unde. Animi ea et. Accusamus id aliquid.\nId nam quia. Numquam nemo sed. Esse qui ex.\nDoloremque dolorum autem. Mollitia officia blanditiis. Quia eligendi vel.\nEum sit voluptatum. Ut accusantium quibusdam. Quaerat tenetur distinctio.	2026-05-22 10:13:32.900411	f	All my possessions for a moment of time.	2025-09-14 10:13:32.899778	all-my-possessions-for-a-moment-of-time-c6c8344e	0	2026-05-22 10:13:32.968398	25
23	Dolor in occaecati. Pariatur ut odio. Minima debitis ut.\nVoluptatem consequatur eos. Inventore numquam totam. Fugiat sunt iste.\nNihil vero occaecati. Nam a officiis. Maxime iure dicta.\nMolestias sunt minus. Possimus earum velit. Possimus rerum sed.\nEos qui ut. Ut labore et. Cumque enim eaque.\nArchitecto est qui. Rerum impedit et. Veniam voluptas pariatur.\nDistinctio est dignissimos. Ut sunt quia. Perspiciatis consequatur aperiam.	2026-05-22 10:13:32.384893	f	I'll be in Hell before you start breakfast! Let her rip!	2025-12-12 11:13:32.38404	i-ll-be-in-hell-before-you-start-breakfast-let-her-rip-080fe239	0	2026-05-22 10:13:32.453481	51
24	Voluptatem similique voluptas. Consectetur cumque architecto. Quod debitis non.\nAliquam facilis nobis. Perferendis repellendus suscipit. Animi sit deserunt.\nOccaecati excepturi earum. Non eos nostrum. Voluptatem sit ut.\nAsperiores in aspernatur. Sapiente voluptatem sed. Praesentium quia sit.\nQuam incidunt officiis. Sint qui vel. Quis impedit temporibus.\nQui repellat omnis. Atque quia rerum. Laborum voluptatem qui.\nDolores vero aut. Sunt voluptatibus sint. Unde molestias sed.	2026-05-22 10:13:32.537551	f	I don't think they even heard me.	2026-02-15 11:13:32.534532	i-don-t-think-they-even-heard-me-bea9566c	2	2026-05-22 10:13:32.602765	4
29	Commodi qui aut. Voluptates at aspernatur. Ea vero tempora.\nSapiente neque eligendi. Atque qui molestias. Reiciendis numquam provident.\nTotam vel sed. Illum perspiciatis molestias. Doloremque velit eum.\nQui est commodi. Eum qui animi. Id asperiores soluta.	2026-05-22 10:13:33.30315	t	I want to go home.	2025-07-14 10:13:33.301409	i-want-to-go-home-7a2aacb3	1	2026-05-22 10:13:33.351086	54
25	Et ea quia. Et expedita fugit. Eos consequatur est.\nOfficiis doloremque recusandae. Eum dolorem illo. Quis assumenda et.\nConsequatur incidunt fuga. Ut quibusdam aliquid. Saepe quis qui.\nExercitationem magnam inventore. Quia at nemo. Perferendis distinctio sed.\nFuga vel amet. Voluptate ut architecto. Dolor quo ut.	2026-05-22 10:13:32.685623	f	My vocabulary did this to me. Your love will let you go on…	\N	my-vocabulary-did-this-to-me-your-love-will-let-you-go-on-e5f0a269	1	2026-05-22 10:13:32.754349	3
27	Qui beatae deserunt. Explicabo quae et. Quasi rem ipsa.\nEum est et. Non quam sed. Ab omnis neque.\nLibero adipisci maiores. Quisquam aut ab. Rerum est et.\nCupiditate omnis quia. Ratione nostrum aut. Minus dolores sequi.\nModi nulla hic. Minima dolorem quod. A quisquam velit.	2026-05-22 10:13:33.050371	f	I love you too, honey. Good luck with your show.	2025-12-08 11:13:33.049746	i-love-you-too-honey-good-luck-with-your-show-63b31ce1	1	2026-05-22 10:13:33.102312	19
28	Quis qui corrupti. Rerum voluptates nobis. Provident qui consequatur.\nEst occaecati illum. Et illo et. Velit voluptas nam.\nEaque aut odio. Explicabo minus ut. Dolorum voluptas qui.\nSit doloribus et. Reiciendis vel ut. Mollitia ipsa veritatis.\nTemporibus autem ipsum. Voluptate aut asperiores. Quasi pariatur voluptatibus.\nTotam deserunt vitae. Eum iure suscipit. Quia qui ipsum.\nTempore architecto provident. Sed doloremque numquam. Quo velit autem.\nImpedit cupiditate beatae. Ut et quia. Voluptas rerum minima.	2026-05-22 10:13:33.178867	t	I don't know.	2025-11-26 11:13:33.17821	i-don-t-know-55b937f4	2	2026-05-22 10:13:33.238437	7
31	Tempore maxime velit. Distinctio qui eos. Vel sequi consectetur.\nNatus nam aut. In aut consequuntur. Qui et commodi.\nDebitis in quibusdam. Et tempora quia. Atque voluptatum tempora.\nRepellendus recusandae animi. Et quo totam. Commodi minima soluta.	2026-05-22 10:13:33.580656	f	Goodnight, my darlings, I'll see you tomorrow.	\N	goodnight-my-darlings-i-ll-see-you-tomorrow-af8d68de	0	2026-05-22 10:13:33.640623	7
30	Non esse non. Rerum quos non. Alias nemo itaque.\nDolor et neque. Quae vitae et. Rerum accusamus quia.\nAsperiores id dolore. Aut minus quam. Ipsa cumque eos.\nLabore vitae sequi. Et totam perferendis. Hic molestiae quam.\nConsectetur nemo eos. Quis voluptates qui. Et nostrum qui.\nNam voluptas sit. Provident dolorem tenetur. Qui cupiditate ut.\nRepellat eveniet quod. Fugit nisi nobis. Qui neque debitis.	2026-05-22 10:13:33.443752	t	My vocabulary did this to me. Your love will let you go on…	\N	my-vocabulary-did-this-to-me-your-love-will-let-you-go-on-54a57b89	0	2026-05-22 10:13:33.56249	49
33	Et qui quibusdam. Ipsam quasi dolor. Iusto odio voluptate.\nSint molestias optio. Blanditiis delectus nihil. Quod cum eum.\nSed quos iure. Cumque sed harum. Ipsum non repudiandae.\nItaque ut quam. Minima qui placeat. Consequuntur pariatur occaecati.\nItaque blanditiis sunt. Sunt consectetur in. Omnis voluptates ut.\nVoluptas sit quam. Quia autem est. Harum sint libero.\nProvident sit velit. Ut laborum provident. Labore ipsam tempora.\nSint quia architecto. Aut dolorem in. Rerum totam dolorem.	2026-05-22 10:13:33.874153	t	Goodnight, my darlings, I'll see you tomorrow.	\N	goodnight-my-darlings-i-ll-see-you-tomorrow-f44654dc	2	2026-05-22 10:13:33.933698	41
\.


--
-- Data for Name: products; Type: TABLE DATA; Schema: public; Owner: -
--

COPY public.products (id, category, created_at, description, price_cents, price_currency, rating, sizes, status, title, updated_at) FROM stdin;
1	0	2026-05-22 10:13:38.537925	1000 songs in your pocket	25000	USD	0	{}	\N	iPod	2026-05-22 10:13:38.609666
2	2	2026-05-22 10:13:38.547906	Supercharged for pros	225000	USD	0	{}	\N	MacBook Pro	2026-05-22 10:13:38.631809
4	1	2026-05-22 10:13:38.553256	A magical new way to interact with iPhone	99900	USD	0	{}	\N	iPhone	2026-05-22 10:13:38.682385
3	3	2026-05-22 10:13:38.550968	A heathly leap ahead	75000	USD	0	{}	\N	Apple watch	2026-05-22 10:13:38.706976
\.


--
-- Data for Name: projects; Type: TABLE DATA; Schema: public; Owner: -
--

COPY public.projects (id, budget, country, created_at, description, meta, name, progress, stage, started_at, status, updated_at, user_id, users_required) FROM stdin;
1	7213.19	ZM	2026-05-21 10:13:29.148595	#### Voluptatibus\nUt quasi deserunt. Quam dolorum qui. Similique mollitia velit. Temporibus repellendus rerum. Voluptas ut voluptatem.\n`Nisi.`	{"bar":"baz"}	Wrapsafe	94	discovery	2025-06-28 10:13:29.176488	closed	2026-05-22 10:13:29.182938	\N	78
2	7143.78	GP	2026-05-21 10:13:29.342842	# Rerum\nCupiditate rerum reprehenderit. Ea et ut. Fuga aut minus. Laboriosam optio ut. Consequatur porro facilis.\n```ruby\nQuia.\n```	{"bar":"baz"}	Matsoft	51	drafting	2026-03-08 11:13:29.345418	rejected	2026-05-22 10:13:29.345848	\N	93
3	9788.47	IQ	2026-05-21 10:13:29.427578	###### Iusto\nEst ut porro. Adipisci accusantium explicabo. Et eos voluptate. Voluptatem quis aut. Et architecto voluptate.\nVel rem sunt. Quae sequi praesentium. _Debitis_ occaecati ipsum.	{"hoho":"hohoho"}	Zoolab	55	cancelled	2026-01-01 11:13:29.429111	closed	2026-05-22 10:13:29.429235	\N	28
4	3801.24	ZA	2026-05-21 10:13:29.566189	###### Similique\nLibero quia sit. Et voluptatem asperiores. Sint illum exercitationem. Autem accusantium voluptatibus. Hic dignissimos eius.\n`Qui.`	{"bar":"baz"}	Gembucket	80	on hold	2025-12-25 11:13:29.567549	waiting	2026-05-22 10:13:29.567672	\N	57
5	4090.84	BL	2026-05-21 10:13:29.724208	## Magnam\nSimilique et voluptas. Dolores sapiente molestiae. Illo et eaque. Ipsa exercitationem ad. Aut iusto enim.\n`Mollitia.`	{"hoho":"hohoho"}	Asoka	66	done	2025-10-08 10:13:29.727543	rejected	2026-05-22 10:13:29.728033	\N	71
6	5651.15	MK	2026-05-21 10:13:29.733592	### Aut\nQuam vitae ea. Dolores ut eos. Cum velit quae. Debitis fuga quidem. Maiores at nemo.\n~Amet~ laborum quasi. Repudiandae dicta harum. Repellat inventore non.	{"foo":"bar","hey":"hi"}	Flexidy	12	cancelled	2026-05-03 10:13:29.735026	failed	2026-05-22 10:13:29.735437	\N	78
7	2742.28	TH	2026-05-21 10:13:29.816227	# Repellendus\nSit optio nihil. Vel officia est. Rerum iusto et. Quo unde dolorem. Aut qui deleniti.\n# Sed\nAut voluptate rerum. Aut rem occaecati. Impedit hic temporibus.\n#### Est	{"bar":"baz"}	Fintone	80	drafting	2026-02-04 11:13:29.817276	waiting	2026-05-22 10:13:29.817375	\N	36
9	8027.98	ID	2026-05-22 10:13:34.130663	### Perferendis\nEst quo corrupti. Non possimus impedit. Est commodi maiores. Laboriosam non in. Earum iure quos.\n0. Voluptatum. \n1. Quia. \n2. A. \n3. Blanditiis. \n4. Id. \n5. Non. \n	{"foo":"bar","hey":"hi"}	Fixflex	7	drafting	2026-04-25 10:13:34.130492	running	2026-05-22 10:13:34.933835	37	19
10	5345.33	CM	2026-05-22 10:13:34.137964	###### Unde\nSed rerum quia. Earum perspiciatis ducimus. Mollitia et dolore. Natus consequatur corporis. Libero veniam necessitatibus.\nAssumenda corporis ut. Quaerat perferendis _adipisci._ Eveniet libero voluptas.	{"bar":"baz"}	Cardify	83	on hold	2025-12-04 11:13:34.137798	waiting	2026-05-22 10:13:35.104207	36	100
11	9619.81	MA	2026-05-22 10:13:34.149503	### Dicta\nAspernatur soluta eos. Quo in doloribus. Quibusdam deserunt fugiat. Eos laudantium nostrum. A ut dolorem.\nNeque aut accusamus. Labore ~facilis~ tempora. Maxime repellat id.	{"bar":"baz"}	Flowdesk	29	discovery	2026-02-06 11:13:34.149412	closed	2026-05-22 10:13:35.167075	43	74
12	7425.33	MP	2026-05-22 10:13:34.153346	# Voluptatem\nNeque quis fuga. Voluptas vel non. Aut alias autem. Autem possimus est. Ab distinctio et.\nquo | suscipit | quidem\n---- | ---- | ----\naliquam | sed | tempora\nquo | et | magni	{"foo":"bar","hey":"hi"}	Keylex	2	on hold	2025-06-02 10:13:34.15321	waiting	2026-05-22 10:13:35.2226	22	17
13	3360.92	MO	2026-05-22 10:13:34.157391	# Excepturi\nReiciendis ea et. Quia sunt ducimus. Qui nihil necessitatibus. Omnis nisi voluptas. Amet rerum quos.\nTempora **error** aut. Nesciunt cumque vel. Voluptatem ex et.	{"hoho":"hohoho"}	Alpha	18	drafting	2025-08-22 10:13:34.15731	failed	2026-05-22 10:13:35.330038	11	11
15	9539.32	MY	2026-05-22 10:13:34.166503	#### Est\nReiciendis expedita a. Sapiente dolor repellendus. Iure et dolorum. Saepe facere quam. Perferendis aperiam facere.\n0. Consectetur. \n1. Explicabo. \n2. In. \n3. Dolorem. \n4. Sed. \n5. Et. \n6. Quas. \n	{"foo":"bar","hey":"hi"}	Greenlam	94	done	2025-12-26 11:13:34.166408	rejected	2026-05-22 10:13:35.587682	10	84
16	4083.57	IR	2026-05-22 10:13:34.169649	#### Quod\nAssumenda at ea. Quis aut dolores. Aut cum consectetur. Aliquid et voluptatem. Error dolores qui.\n* Repellat. \n* Voluptas. \n* Libero. \n	{"hoho":"hohoho"}	Lotstring	38	idea	2025-07-11 10:13:34.169571	running	2026-05-22 10:13:35.855608	8	84
17	1358.06	SC	2026-05-22 10:13:34.173141	##### Et\nMagni vel molestias. Modi temporibus est. Quia ut mollitia. Ea commodi ipsam. Quia consequuntur fuga.\n```ruby\nMaxime.\n```	{"bar":"baz"}	Tampflex	11	drafting	2025-12-22 11:13:34.173054	closed	2026-05-22 10:13:35.99383	9	12
18	9414.58	BZ	2026-05-22 10:13:34.177532	##### Ipsam\nQuos et voluptas. Ratione repudiandae veritatis. Aliquam ducimus dolorem. Dolorem eos excepturi. Dolores quos sunt.\n###### Est	{"hoho":"hohoho"}	Daltfresh	46	drafting	2026-03-22 11:13:34.177416	rejected	2026-05-22 10:13:36.149282	5	16
19	4532.84	VA	2026-05-22 10:13:34.181497	#### Est\nQuia sequi explicabo. Autem facilis consequuntur. Fugiat sit ea. Vel ut quam. Aut rerum at.\n##### Aliquid\nEt cum animi. Iste qui aut. Accusantium voluptatum id.\n# Molestiae	{"foo":"bar","hey":"hi"}	Bytecard	28	done	2026-04-09 10:13:34.181386	failed	2026-05-22 10:13:36.197874	25	77
20	4314.05	LY	2026-05-22 10:13:34.194139	### Error\nAut dolores nulla. Unde eius nam. In beatae consequatur. Unde in aspernatur. Omnis quidem odit.\n0. Omnis. \n	{"foo":"bar","hey":"hi"}	Keylex	66	idea	2025-06-20 10:13:34.193975	rejected	2026-05-22 10:13:36.334088	53	41
21	7402.16	CK	2026-05-22 10:13:34.202327	## Sapiente\nFugit consectetur officiis. Et assumenda consequatur. Neque quia fuga. Blanditiis eum nemo. Expedita rerum qui.\n* Animi. \n* Cupiditate. \n* Qui. \n* Perspiciatis. \n	{"hoho":"hohoho"}	Tampflex	83	discovery	2025-08-18 10:13:34.202184	failed	2026-05-22 10:13:36.427427	2	13
22	2068.24	AD	2026-05-22 10:13:34.205859	#### Necessitatibus\nCum fuga illo. Omnis officiis enim. Cupiditate similique possimus. Molestiae tenetur aut. Error est id.\nEarum dolores iure. **Odit** fugiat explicabo. Cum quia sed.	{"bar":"baz"}	Bitchip	40	idea	2026-03-21 11:13:34.205727	loading	2026-05-22 10:13:36.471197	38	46
23	3548.21	PE	2026-05-22 10:13:34.209394	##### Aliquid\nVitae sit possimus. Esse ut aliquid. Et earum libero. Deleniti quis autem. Ullam beatae quia.\nExplicabo saepe similique. Atque corporis **cupiditate.** Repudiandae non illo.	{"hoho":"hohoho"}	Tampflex	82	on hold	2026-03-06 11:13:34.20924	closed	2026-05-22 10:13:36.508869	46	15
24	5161.65	MW	2026-05-22 10:13:34.21429	##### Voluptatum\nDeserunt corporis eveniet. Omnis iusto consequatur. Est autem at. Placeat perspiciatis quis. Asperiores praesentium quia.\n`Voluptatem.`	{"bar":"baz"}	Konklux	73	drafting	2025-08-08 10:13:34.21414	running	2026-05-22 10:13:36.638594	31	62
25	7357.85	PR	2026-05-22 10:13:34.22065	###### Voluptatum\nRerum laudantium commodi. Et quod ut. Vel et minus. Non est voluptatibus. Qui impedit dolorem.\n###### Occaecati\nQuaerat esse eum. Ut id veritatis. Totam facere consequatur.\n0. Adipisci. \n1. Dignissimos. \n2. Fuga. \n3. Eum. \n4. Ullam. \n5. Debitis. \n6. Ea. \n7. Ut. \n8. Sapiente. \n9. Ex. \n	{"foo":"bar","hey":"hi"}	Wrapsafe	84	on hold	2025-12-04 11:13:34.220431	running	2026-05-22 10:13:36.785948	36	91
8	9908.23	NO	2026-05-22 10:13:34.123992	# Optio\nNobis facere odit. Sed qui quia. Qui possimus libero. Mollitia nihil rerum. Est dolores impedit.\n0. Ipsa. \n	{"bar":"baz"}	Cookley	35	idea	2025-08-19 10:13:34.123271	closed	2026-05-22 10:13:34.748644	48	38
14	3635.52	GR	2026-05-22 10:13:34.162697	## Recusandae\nFacilis incidunt ea. Laborum ut corrupti. Voluptate labore amet. Necessitatibus dolore quis. Soluta vitae exercitationem.\ndeleniti | inventore | occaecati\n---- | ---- | ----\nillo | quaerat | molestias\nut | voluptates | vitae	{"hoho":"hohoho"}	Voyatouch	68	idea	2025-08-21 10:13:34.162552	closed	2026-05-22 10:13:35.419814	16	46
26	1986.36	DZ	2026-05-22 10:13:34.233714	## Et\nVoluptatem facilis autem. Tempora nulla harum. Alias beatae ex. Sunt perspiciatis dignissimos. Praesentium velit ab.\n##### Ut	{"bar":"baz"}	Konklux	0	on hold	2026-04-01 10:13:34.233511	loading	2026-05-22 10:13:36.913682	29	56
27	1491.51	MQ	2026-05-22 10:13:34.25174	# Deleniti\nDistinctio est qui. Eius eum nam. Consequatur pariatur mollitia. Corporis possimus ut. Quia qui nesciunt.\n`Laudantium.`	{"bar":"baz"}	Solarbreeze	85	cancelled	2026-01-08 11:13:34.251374	loading	2026-05-22 10:13:37.046877	4	81
28	9654.34	HT	2026-05-22 10:13:34.265409	### Id\nDeserunt libero est. Voluptates ullam quasi. Incidunt eveniet eum. Ut repellat doloremque. Asperiores quis quia.\nMagni quos quia. Consequatur exercitationem facere. **Et** qui sed.	{"bar":"baz"}	Bamity	41	idea	2025-07-22 10:13:34.265243	rejected	2026-05-22 10:13:37.167839	38	98
29	5418.86	PM	2026-05-22 10:13:34.269386	## Dolor\nAssumenda nihil aut. Nihil velit eaque. Reiciendis error dolores. Est accusantium harum. Magnam accusantium nam.\n`Ullam.`	{"foo":"bar","hey":"hi"}	Flowdesk	9	idea	2026-03-15 11:13:34.269306	rejected	2026-05-22 10:13:37.267226	42	70
30	5291.62	TD	2026-05-22 10:13:34.27307	## Sit\nNon error aspernatur. Sit perspiciatis animi. Rerum aliquid amet. Voluptatum et officiis. Recusandae et itaque.\n0. Minus. \n1. Qui. \n2. Et. \n3. Quidem. \n4. Deleniti. \n5. Culpa. \n6. Provident. \n7. Eos. \n8. Optio. \n9. Facilis. \n	{"foo":"bar","hey":"hi"}	Y-find	86	cancelled	2025-09-26 10:13:34.272663	closed	2026-05-22 10:13:37.425998	50	51
31	9863.57	FK	2026-05-22 10:13:34.289436	### Ut\nSit rem repellendus. Dolor sit minus. Quasi saepe nostrum. Consectetur voluptas sit. Labore dignissimos eaque.\n##### Voluptate\nNon aut sapiente. Commodi alias iusto. Animi beatae sit.\n* Maxime. \n* Voluptate. \n* Vel. \n* Ratione. \n	{"foo":"bar","hey":"hi"}	Flexidy	5	cancelled	2026-02-10 11:13:34.289245	running	2026-05-22 10:13:37.633872	4	51
32	1670.98	PA	2026-05-22 10:13:34.297596	# Accusamus\nAccusantium ipsam dicta. Et ducimus voluptatem. Repellendus nisi adipisci. Illo rerum et. Totam exercitationem beatae.\n## Alias\nCorporis labore sed. Iusto aliquid quod. Suscipit nobis aut.\nEst similique magni. Corporis ducimus _consectetur._ Est soluta dolorem.	{"hoho":"hohoho"}	Zathin	25	discovery	2025-09-09 10:13:34.297478	closed	2026-05-22 10:13:37.772891	35	66
33	2144.94	TG	2026-05-22 10:13:34.301336	# Odio\nEt qui tempora. Autem ut quo. Mollitia quia deserunt. Quos quis qui. Magni occaecati dignissimos.\nveritatis | a | fuga\n---- | ---- | ----\ndolorem | officia | distinctio\nsunt | sit | dolores	{"hoho":"hohoho"}	Daltfresh	83	drafting	2025-10-02 10:13:34.301218	running	2026-05-22 10:13:37.816973	4	22
34	1793.43	PK	2026-05-22 10:13:34.304271	### Eos\nEt sit numquam. Omnis sequi commodi. Sint suscipit dolore. Voluptate accusantium nostrum. Est minima rerum.\n### A	{"bar":"baz"}	Bitwolf	25	cancelled	2025-06-09 10:13:34.304179	failed	2026-05-22 10:13:37.938344	44	73
35	2837.51	SK	2026-05-22 10:13:34.306838	### Vel\nAutem cumque magni. Ipsum quaerat et. Architecto sint sit. Itaque fugit aspernatur. Aspernatur accusantium velit.\n`Dolorum.`	{"hoho":"hohoho"}	Zamit	4	drafting	2026-04-16 10:13:34.306774	rejected	2026-05-22 10:13:38.084548	20	37
36	1475.28	ST	2026-05-22 10:13:34.315309	# Incidunt\nVitae quia qui. Culpa ipsa provident. Commodi quibusdam modi. Aut tempore sapiente. Velit et cupiditate.\n```ruby\nNumquam.\n```	{"foo":"bar","hey":"hi"}	Bitwolf	26	done	2025-08-09 10:13:34.315108	rejected	2026-05-22 10:13:38.230533	53	26
37	3983.55	MD	2026-05-22 10:13:34.318151	#### Nisi\nA ratione alias. Molestias maxime enim. Esse placeat sit. Itaque saepe vitae. Autem quibusdam et.\n0. Adipisci. \n1. Nihil. \n2. Dolor. \n3. Dolor. \n	{"foo":"bar","hey":"hi"}	Lotstring	8	idea	2026-05-06 10:13:34.318044	loading	2026-05-22 10:13:38.262832	40	78
\.


--
-- Data for Name: projects_users; Type: TABLE DATA; Schema: public; Owner: -
--

COPY public.projects_users (id, created_at, project_id, updated_at, user_id) FROM stdin;
1	2026-05-22 10:13:34.776895	8	2026-05-22 10:13:34.776895	11
2	2026-05-22 10:13:34.78875	8	2026-05-22 10:13:34.78875	19
3	2026-05-22 10:13:34.798885	8	2026-05-22 10:13:34.798885	41
4	2026-05-22 10:13:34.800494	8	2026-05-22 10:13:34.800494	49
5	2026-05-22 10:13:34.801887	8	2026-05-22 10:13:34.801887	45
6	2026-05-22 10:13:34.803761	8	2026-05-22 10:13:34.803761	53
7	2026-05-22 10:13:34.805187	8	2026-05-22 10:13:34.805187	14
8	2026-05-22 10:13:34.81323	8	2026-05-22 10:13:34.81323	1
9	2026-05-22 10:13:34.814953	8	2026-05-22 10:13:34.814953	26
10	2026-05-22 10:13:34.816837	8	2026-05-22 10:13:34.816837	6
11	2026-05-22 10:13:34.819264	8	2026-05-22 10:13:34.819264	34
12	2026-05-22 10:13:34.936612	9	2026-05-22 10:13:34.936612	6
13	2026-05-22 10:13:34.939629	9	2026-05-22 10:13:34.939629	38
14	2026-05-22 10:13:34.942679	9	2026-05-22 10:13:34.942679	3
15	2026-05-22 10:13:34.944952	9	2026-05-22 10:13:34.944952	27
16	2026-05-22 10:13:34.947032	9	2026-05-22 10:13:34.947032	17
17	2026-05-22 10:13:34.949108	9	2026-05-22 10:13:34.949108	8
18	2026-05-22 10:13:34.951127	9	2026-05-22 10:13:34.951127	49
19	2026-05-22 10:13:34.952963	9	2026-05-22 10:13:34.952963	7
20	2026-05-22 10:13:34.955024	9	2026-05-22 10:13:34.955024	44
21	2026-05-22 10:13:34.957491	9	2026-05-22 10:13:34.957491	2
22	2026-05-22 10:13:34.959947	9	2026-05-22 10:13:34.959947	33
23	2026-05-22 10:13:35.113609	10	2026-05-22 10:13:35.113609	13
24	2026-05-22 10:13:35.115862	10	2026-05-22 10:13:35.115862	29
25	2026-05-22 10:13:35.117901	10	2026-05-22 10:13:35.117901	52
26	2026-05-22 10:13:35.119373	10	2026-05-22 10:13:35.119373	40
27	2026-05-22 10:13:35.120817	10	2026-05-22 10:13:35.120817	41
28	2026-05-22 10:13:35.129834	10	2026-05-22 10:13:35.129834	20
29	2026-05-22 10:13:35.13202	10	2026-05-22 10:13:35.13202	22
30	2026-05-22 10:13:35.134771	10	2026-05-22 10:13:35.134771	18
31	2026-05-22 10:13:35.136774	10	2026-05-22 10:13:35.136774	10
32	2026-05-22 10:13:35.139342	10	2026-05-22 10:13:35.139342	35
33	2026-05-22 10:13:35.150144	10	2026-05-22 10:13:35.150144	32
34	2026-05-22 10:13:35.169781	11	2026-05-22 10:13:35.169781	50
35	2026-05-22 10:13:35.17246	11	2026-05-22 10:13:35.17246	41
36	2026-05-22 10:13:35.176351	11	2026-05-22 10:13:35.176351	23
37	2026-05-22 10:13:35.178197	11	2026-05-22 10:13:35.178197	26
38	2026-05-22 10:13:35.180713	11	2026-05-22 10:13:35.180713	47
39	2026-05-22 10:13:35.182842	11	2026-05-22 10:13:35.182842	45
40	2026-05-22 10:13:35.184493	11	2026-05-22 10:13:35.184493	11
41	2026-05-22 10:13:35.185949	11	2026-05-22 10:13:35.185949	13
42	2026-05-22 10:13:35.187506	11	2026-05-22 10:13:35.187506	25
43	2026-05-22 10:13:35.189048	11	2026-05-22 10:13:35.189048	17
44	2026-05-22 10:13:35.19969	11	2026-05-22 10:13:35.19969	49
45	2026-05-22 10:13:35.231031	12	2026-05-22 10:13:35.231031	34
46	2026-05-22 10:13:35.233402	12	2026-05-22 10:13:35.233402	38
47	2026-05-22 10:13:35.235263	12	2026-05-22 10:13:35.235263	23
48	2026-05-22 10:13:35.236973	12	2026-05-22 10:13:35.236973	51
49	2026-05-22 10:13:35.238697	12	2026-05-22 10:13:35.238697	42
50	2026-05-22 10:13:35.24059	12	2026-05-22 10:13:35.24059	6
51	2026-05-22 10:13:35.242886	12	2026-05-22 10:13:35.242886	7
52	2026-05-22 10:13:35.24557	12	2026-05-22 10:13:35.24557	48
53	2026-05-22 10:13:35.247163	12	2026-05-22 10:13:35.247163	29
54	2026-05-22 10:13:35.249338	12	2026-05-22 10:13:35.249338	1
55	2026-05-22 10:13:35.251331	12	2026-05-22 10:13:35.251331	49
56	2026-05-22 10:13:35.334138	13	2026-05-22 10:13:35.334138	5
57	2026-05-22 10:13:35.338844	13	2026-05-22 10:13:35.338844	50
58	2026-05-22 10:13:35.341104	13	2026-05-22 10:13:35.341104	7
59	2026-05-22 10:13:35.343655	13	2026-05-22 10:13:35.343655	22
60	2026-05-22 10:13:35.345913	13	2026-05-22 10:13:35.345913	38
61	2026-05-22 10:13:35.347965	13	2026-05-22 10:13:35.347965	34
62	2026-05-22 10:13:35.350112	13	2026-05-22 10:13:35.350112	27
63	2026-05-22 10:13:35.352426	13	2026-05-22 10:13:35.352426	37
64	2026-05-22 10:13:35.354193	13	2026-05-22 10:13:35.354193	46
65	2026-05-22 10:13:35.358452	13	2026-05-22 10:13:35.358452	43
66	2026-05-22 10:13:35.361711	13	2026-05-22 10:13:35.361711	52
67	2026-05-22 10:13:35.422221	14	2026-05-22 10:13:35.422221	13
68	2026-05-22 10:13:35.425157	14	2026-05-22 10:13:35.425157	48
69	2026-05-22 10:13:35.427925	14	2026-05-22 10:13:35.427925	47
70	2026-05-22 10:13:35.430213	14	2026-05-22 10:13:35.430213	33
71	2026-05-22 10:13:35.432008	14	2026-05-22 10:13:35.432008	7
72	2026-05-22 10:13:35.433942	14	2026-05-22 10:13:35.433942	8
73	2026-05-22 10:13:35.435728	14	2026-05-22 10:13:35.435728	53
74	2026-05-22 10:13:35.437398	14	2026-05-22 10:13:35.437398	5
75	2026-05-22 10:13:35.444715	14	2026-05-22 10:13:35.444715	17
76	2026-05-22 10:13:35.447872	14	2026-05-22 10:13:35.447872	39
77	2026-05-22 10:13:35.450155	14	2026-05-22 10:13:35.450155	51
78	2026-05-22 10:13:35.603159	15	2026-05-22 10:13:35.603159	37
79	2026-05-22 10:13:35.607605	15	2026-05-22 10:13:35.607605	34
80	2026-05-22 10:13:35.612536	15	2026-05-22 10:13:35.612536	41
81	2026-05-22 10:13:35.617754	15	2026-05-22 10:13:35.617754	49
82	2026-05-22 10:13:35.62205	15	2026-05-22 10:13:35.62205	51
83	2026-05-22 10:13:35.632292	15	2026-05-22 10:13:35.632292	42
84	2026-05-22 10:13:35.636928	15	2026-05-22 10:13:35.636928	27
85	2026-05-22 10:13:35.64125	15	2026-05-22 10:13:35.64125	40
86	2026-05-22 10:13:35.652173	15	2026-05-22 10:13:35.652173	22
87	2026-05-22 10:13:35.656165	15	2026-05-22 10:13:35.656165	6
88	2026-05-22 10:13:35.666151	15	2026-05-22 10:13:35.666151	17
89	2026-05-22 10:13:35.865463	16	2026-05-22 10:13:35.865463	4
90	2026-05-22 10:13:35.868173	16	2026-05-22 10:13:35.868173	1
91	2026-05-22 10:13:35.870191	16	2026-05-22 10:13:35.870191	2
92	2026-05-22 10:13:35.874344	16	2026-05-22 10:13:35.874344	47
93	2026-05-22 10:13:35.879476	16	2026-05-22 10:13:35.879476	35
94	2026-05-22 10:13:35.8818	16	2026-05-22 10:13:35.8818	8
95	2026-05-22 10:13:35.883959	16	2026-05-22 10:13:35.883959	12
96	2026-05-22 10:13:35.886022	16	2026-05-22 10:13:35.886022	22
97	2026-05-22 10:13:35.887836	16	2026-05-22 10:13:35.887836	27
98	2026-05-22 10:13:35.897375	16	2026-05-22 10:13:35.897375	49
99	2026-05-22 10:13:35.90169	16	2026-05-22 10:13:35.90169	36
100	2026-05-22 10:13:35.997936	17	2026-05-22 10:13:35.997936	22
101	2026-05-22 10:13:36.000602	17	2026-05-22 10:13:36.000602	7
102	2026-05-22 10:13:36.013191	17	2026-05-22 10:13:36.013191	32
103	2026-05-22 10:13:36.015661	17	2026-05-22 10:13:36.015661	6
104	2026-05-22 10:13:36.019431	17	2026-05-22 10:13:36.019431	48
105	2026-05-22 10:13:36.022103	17	2026-05-22 10:13:36.022103	18
106	2026-05-22 10:13:36.02424	17	2026-05-22 10:13:36.02424	3
107	2026-05-22 10:13:36.026453	17	2026-05-22 10:13:36.026453	37
108	2026-05-22 10:13:36.029797	17	2026-05-22 10:13:36.029797	30
109	2026-05-22 10:13:36.032254	17	2026-05-22 10:13:36.032254	15
110	2026-05-22 10:13:36.036303	17	2026-05-22 10:13:36.036303	5
111	2026-05-22 10:13:36.153003	18	2026-05-22 10:13:36.153003	21
112	2026-05-22 10:13:36.155545	18	2026-05-22 10:13:36.155545	40
113	2026-05-22 10:13:36.158197	18	2026-05-22 10:13:36.158197	11
114	2026-05-22 10:13:36.163587	18	2026-05-22 10:13:36.163587	5
115	2026-05-22 10:13:36.16635	18	2026-05-22 10:13:36.16635	43
116	2026-05-22 10:13:36.16882	18	2026-05-22 10:13:36.16882	22
117	2026-05-22 10:13:36.171148	18	2026-05-22 10:13:36.171148	15
118	2026-05-22 10:13:36.181037	18	2026-05-22 10:13:36.181037	9
119	2026-05-22 10:13:36.183342	18	2026-05-22 10:13:36.183342	3
120	2026-05-22 10:13:36.187509	18	2026-05-22 10:13:36.187509	42
121	2026-05-22 10:13:36.193451	18	2026-05-22 10:13:36.193451	47
122	2026-05-22 10:13:36.200589	19	2026-05-22 10:13:36.200589	9
123	2026-05-22 10:13:36.203302	19	2026-05-22 10:13:36.203302	27
124	2026-05-22 10:13:36.206455	19	2026-05-22 10:13:36.206455	40
125	2026-05-22 10:13:36.209425	19	2026-05-22 10:13:36.209425	29
126	2026-05-22 10:13:36.212636	19	2026-05-22 10:13:36.212636	20
127	2026-05-22 10:13:36.214223	19	2026-05-22 10:13:36.214223	25
128	2026-05-22 10:13:36.216097	19	2026-05-22 10:13:36.216097	42
129	2026-05-22 10:13:36.218213	19	2026-05-22 10:13:36.218213	45
130	2026-05-22 10:13:36.22039	19	2026-05-22 10:13:36.22039	17
131	2026-05-22 10:13:36.222255	19	2026-05-22 10:13:36.222255	4
132	2026-05-22 10:13:36.229573	19	2026-05-22 10:13:36.229573	23
133	2026-05-22 10:13:36.336346	20	2026-05-22 10:13:36.336346	40
134	2026-05-22 10:13:36.338225	20	2026-05-22 10:13:36.338225	26
135	2026-05-22 10:13:36.340945	20	2026-05-22 10:13:36.340945	27
136	2026-05-22 10:13:36.343057	20	2026-05-22 10:13:36.343057	38
137	2026-05-22 10:13:36.345095	20	2026-05-22 10:13:36.345095	35
138	2026-05-22 10:13:36.347629	20	2026-05-22 10:13:36.347629	52
139	2026-05-22 10:13:36.349963	20	2026-05-22 10:13:36.349963	19
140	2026-05-22 10:13:36.351656	20	2026-05-22 10:13:36.351656	45
141	2026-05-22 10:13:36.35399	20	2026-05-22 10:13:36.35399	17
142	2026-05-22 10:13:36.355666	20	2026-05-22 10:13:36.355666	48
143	2026-05-22 10:13:36.363384	20	2026-05-22 10:13:36.363384	42
144	2026-05-22 10:13:36.430085	21	2026-05-22 10:13:36.430085	28
145	2026-05-22 10:13:36.432207	21	2026-05-22 10:13:36.432207	51
146	2026-05-22 10:13:36.434046	21	2026-05-22 10:13:36.434046	37
147	2026-05-22 10:13:36.436093	21	2026-05-22 10:13:36.436093	35
148	2026-05-22 10:13:36.437638	21	2026-05-22 10:13:36.437638	2
149	2026-05-22 10:13:36.439317	21	2026-05-22 10:13:36.439317	34
150	2026-05-22 10:13:36.445001	21	2026-05-22 10:13:36.445001	32
151	2026-05-22 10:13:36.44732	21	2026-05-22 10:13:36.44732	6
152	2026-05-22 10:13:36.449052	21	2026-05-22 10:13:36.449052	10
153	2026-05-22 10:13:36.45134	21	2026-05-22 10:13:36.45134	39
154	2026-05-22 10:13:36.453038	21	2026-05-22 10:13:36.453038	49
155	2026-05-22 10:13:36.48094	22	2026-05-22 10:13:36.48094	22
156	2026-05-22 10:13:36.483531	22	2026-05-22 10:13:36.483531	13
157	2026-05-22 10:13:36.485157	22	2026-05-22 10:13:36.485157	54
158	2026-05-22 10:13:36.486838	22	2026-05-22 10:13:36.486838	38
159	2026-05-22 10:13:36.488592	22	2026-05-22 10:13:36.488592	15
160	2026-05-22 10:13:36.490735	22	2026-05-22 10:13:36.490735	26
161	2026-05-22 10:13:36.492985	22	2026-05-22 10:13:36.492985	28
162	2026-05-22 10:13:36.49473	22	2026-05-22 10:13:36.49473	20
163	2026-05-22 10:13:36.496323	22	2026-05-22 10:13:36.496323	49
164	2026-05-22 10:13:36.498178	22	2026-05-22 10:13:36.498178	37
165	2026-05-22 10:13:36.499894	22	2026-05-22 10:13:36.499894	39
166	2026-05-22 10:13:36.511303	23	2026-05-22 10:13:36.511303	15
167	2026-05-22 10:13:36.512915	23	2026-05-22 10:13:36.512915	45
168	2026-05-22 10:13:36.514363	23	2026-05-22 10:13:36.514363	32
169	2026-05-22 10:13:36.51613	23	2026-05-22 10:13:36.51613	48
170	2026-05-22 10:13:36.518055	23	2026-05-22 10:13:36.518055	49
171	2026-05-22 10:13:36.520142	23	2026-05-22 10:13:36.520142	43
172	2026-05-22 10:13:36.522132	23	2026-05-22 10:13:36.522132	22
173	2026-05-22 10:13:36.524811	23	2026-05-22 10:13:36.524811	4
174	2026-05-22 10:13:36.527312	23	2026-05-22 10:13:36.527312	14
175	2026-05-22 10:13:36.531368	23	2026-05-22 10:13:36.531368	46
176	2026-05-22 10:13:36.533341	23	2026-05-22 10:13:36.533341	51
177	2026-05-22 10:13:36.641084	24	2026-05-22 10:13:36.641084	14
178	2026-05-22 10:13:36.643575	24	2026-05-22 10:13:36.643575	23
179	2026-05-22 10:13:36.645996	24	2026-05-22 10:13:36.645996	33
180	2026-05-22 10:13:36.648203	24	2026-05-22 10:13:36.648203	17
181	2026-05-22 10:13:36.649966	24	2026-05-22 10:13:36.649966	47
182	2026-05-22 10:13:36.65171	24	2026-05-22 10:13:36.65171	24
183	2026-05-22 10:13:36.653251	24	2026-05-22 10:13:36.653251	40
184	2026-05-22 10:13:36.654901	24	2026-05-22 10:13:36.654901	6
185	2026-05-22 10:13:36.6566	24	2026-05-22 10:13:36.6566	29
186	2026-05-22 10:13:36.658336	24	2026-05-22 10:13:36.658336	9
187	2026-05-22 10:13:36.660589	24	2026-05-22 10:13:36.660589	34
188	2026-05-22 10:13:36.788772	25	2026-05-22 10:13:36.788772	15
189	2026-05-22 10:13:36.790767	25	2026-05-22 10:13:36.790767	23
190	2026-05-22 10:13:36.792827	25	2026-05-22 10:13:36.792827	31
191	2026-05-22 10:13:36.794382	25	2026-05-22 10:13:36.794382	4
192	2026-05-22 10:13:36.799492	25	2026-05-22 10:13:36.799492	25
193	2026-05-22 10:13:36.801338	25	2026-05-22 10:13:36.801338	51
194	2026-05-22 10:13:36.803181	25	2026-05-22 10:13:36.803181	50
195	2026-05-22 10:13:36.804762	25	2026-05-22 10:13:36.804762	22
196	2026-05-22 10:13:36.80636	25	2026-05-22 10:13:36.80636	33
197	2026-05-22 10:13:36.813331	25	2026-05-22 10:13:36.813331	24
198	2026-05-22 10:13:36.815022	25	2026-05-22 10:13:36.815022	53
199	2026-05-22 10:13:36.91642	26	2026-05-22 10:13:36.91642	8
200	2026-05-22 10:13:36.918416	26	2026-05-22 10:13:36.918416	40
201	2026-05-22 10:13:36.920316	26	2026-05-22 10:13:36.920316	34
202	2026-05-22 10:13:36.921971	26	2026-05-22 10:13:36.921971	37
203	2026-05-22 10:13:36.930468	26	2026-05-22 10:13:36.930468	14
204	2026-05-22 10:13:36.932506	26	2026-05-22 10:13:36.932506	6
205	2026-05-22 10:13:36.93455	26	2026-05-22 10:13:36.93455	9
206	2026-05-22 10:13:36.936292	26	2026-05-22 10:13:36.936292	53
207	2026-05-22 10:13:36.938185	26	2026-05-22 10:13:36.938185	5
208	2026-05-22 10:13:36.940836	26	2026-05-22 10:13:36.940836	32
209	2026-05-22 10:13:36.943108	26	2026-05-22 10:13:36.943108	54
210	2026-05-22 10:13:37.049695	27	2026-05-22 10:13:37.049695	7
211	2026-05-22 10:13:37.052118	27	2026-05-22 10:13:37.052118	14
212	2026-05-22 10:13:37.053909	27	2026-05-22 10:13:37.053909	34
213	2026-05-22 10:13:37.055559	27	2026-05-22 10:13:37.055559	45
214	2026-05-22 10:13:37.057664	27	2026-05-22 10:13:37.057664	35
215	2026-05-22 10:13:37.060728	27	2026-05-22 10:13:37.060728	17
216	2026-05-22 10:13:37.06281	27	2026-05-22 10:13:37.06281	5
217	2026-05-22 10:13:37.064664	27	2026-05-22 10:13:37.064664	27
218	2026-05-22 10:13:37.066923	27	2026-05-22 10:13:37.066923	22
219	2026-05-22 10:13:37.06983	27	2026-05-22 10:13:37.06983	8
220	2026-05-22 10:13:37.072415	27	2026-05-22 10:13:37.072415	1
221	2026-05-22 10:13:37.171187	28	2026-05-22 10:13:37.171187	23
222	2026-05-22 10:13:37.177658	28	2026-05-22 10:13:37.177658	20
223	2026-05-22 10:13:37.180277	28	2026-05-22 10:13:37.180277	26
224	2026-05-22 10:13:37.182281	28	2026-05-22 10:13:37.182281	51
225	2026-05-22 10:13:37.184111	28	2026-05-22 10:13:37.184111	54
226	2026-05-22 10:13:37.186804	28	2026-05-22 10:13:37.186804	38
227	2026-05-22 10:13:37.188888	28	2026-05-22 10:13:37.188888	52
228	2026-05-22 10:13:37.192366	28	2026-05-22 10:13:37.192366	3
229	2026-05-22 10:13:37.196218	28	2026-05-22 10:13:37.196218	11
230	2026-05-22 10:13:37.198229	28	2026-05-22 10:13:37.198229	18
231	2026-05-22 10:13:37.201276	28	2026-05-22 10:13:37.201276	48
232	2026-05-22 10:13:37.269849	29	2026-05-22 10:13:37.269849	54
233	2026-05-22 10:13:37.271718	29	2026-05-22 10:13:37.271718	14
234	2026-05-22 10:13:37.274116	29	2026-05-22 10:13:37.274116	31
235	2026-05-22 10:13:37.278868	29	2026-05-22 10:13:37.278868	47
236	2026-05-22 10:13:37.280796	29	2026-05-22 10:13:37.280796	28
237	2026-05-22 10:13:37.283745	29	2026-05-22 10:13:37.283745	22
238	2026-05-22 10:13:37.285866	29	2026-05-22 10:13:37.285866	33
239	2026-05-22 10:13:37.288683	29	2026-05-22 10:13:37.288683	48
240	2026-05-22 10:13:37.296592	29	2026-05-22 10:13:37.296592	45
241	2026-05-22 10:13:37.299129	29	2026-05-22 10:13:37.299129	29
242	2026-05-22 10:13:37.301057	29	2026-05-22 10:13:37.301057	27
243	2026-05-22 10:13:37.436314	30	2026-05-22 10:13:37.436314	24
244	2026-05-22 10:13:37.438874	30	2026-05-22 10:13:37.438874	27
245	2026-05-22 10:13:37.44238	30	2026-05-22 10:13:37.44238	38
246	2026-05-22 10:13:37.449619	30	2026-05-22 10:13:37.449619	52
247	2026-05-22 10:13:37.451915	30	2026-05-22 10:13:37.451915	6
248	2026-05-22 10:13:37.454296	30	2026-05-22 10:13:37.454296	1
249	2026-05-22 10:13:37.457419	30	2026-05-22 10:13:37.457419	32
250	2026-05-22 10:13:37.468354	30	2026-05-22 10:13:37.468354	33
251	2026-05-22 10:13:37.470324	30	2026-05-22 10:13:37.470324	14
252	2026-05-22 10:13:37.471961	30	2026-05-22 10:13:37.471961	41
253	2026-05-22 10:13:37.480344	30	2026-05-22 10:13:37.480344	35
254	2026-05-22 10:13:37.636958	31	2026-05-22 10:13:37.636958	3
255	2026-05-22 10:13:37.63978	31	2026-05-22 10:13:37.63978	43
256	2026-05-22 10:13:37.651359	31	2026-05-22 10:13:37.651359	48
257	2026-05-22 10:13:37.653543	31	2026-05-22 10:13:37.653543	21
258	2026-05-22 10:13:37.656224	31	2026-05-22 10:13:37.656224	1
259	2026-05-22 10:13:37.660348	31	2026-05-22 10:13:37.660348	11
260	2026-05-22 10:13:37.662768	31	2026-05-22 10:13:37.662768	51
261	2026-05-22 10:13:37.665241	31	2026-05-22 10:13:37.665241	10
262	2026-05-22 10:13:37.667839	31	2026-05-22 10:13:37.667839	9
263	2026-05-22 10:13:37.670802	31	2026-05-22 10:13:37.670802	41
264	2026-05-22 10:13:37.676346	31	2026-05-22 10:13:37.676346	18
265	2026-05-22 10:13:37.780468	32	2026-05-22 10:13:37.780468	34
266	2026-05-22 10:13:37.783635	32	2026-05-22 10:13:37.783635	32
267	2026-05-22 10:13:37.786367	32	2026-05-22 10:13:37.786367	40
268	2026-05-22 10:13:37.788782	32	2026-05-22 10:13:37.788782	49
269	2026-05-22 10:13:37.79157	32	2026-05-22 10:13:37.79157	9
270	2026-05-22 10:13:37.793997	32	2026-05-22 10:13:37.793997	12
271	2026-05-22 10:13:37.796944	32	2026-05-22 10:13:37.796944	47
272	2026-05-22 10:13:37.799452	32	2026-05-22 10:13:37.799452	8
273	2026-05-22 10:13:37.801803	32	2026-05-22 10:13:37.801803	35
274	2026-05-22 10:13:37.804246	32	2026-05-22 10:13:37.804246	26
275	2026-05-22 10:13:37.806328	32	2026-05-22 10:13:37.806328	54
276	2026-05-22 10:13:37.820644	33	2026-05-22 10:13:37.820644	36
277	2026-05-22 10:13:37.831317	33	2026-05-22 10:13:37.831317	21
278	2026-05-22 10:13:37.833259	33	2026-05-22 10:13:37.833259	52
279	2026-05-22 10:13:37.835129	33	2026-05-22 10:13:37.835129	30
280	2026-05-22 10:13:37.836641	33	2026-05-22 10:13:37.836641	6
281	2026-05-22 10:13:37.838211	33	2026-05-22 10:13:37.838211	42
282	2026-05-22 10:13:37.84099	33	2026-05-22 10:13:37.84099	22
283	2026-05-22 10:13:37.843473	33	2026-05-22 10:13:37.843473	5
284	2026-05-22 10:13:37.845927	33	2026-05-22 10:13:37.845927	45
285	2026-05-22 10:13:37.847943	33	2026-05-22 10:13:37.847943	26
286	2026-05-22 10:13:37.849508	33	2026-05-22 10:13:37.849508	47
287	2026-05-22 10:13:37.941469	34	2026-05-22 10:13:37.941469	54
288	2026-05-22 10:13:37.946852	34	2026-05-22 10:13:37.946852	9
289	2026-05-22 10:13:37.948771	34	2026-05-22 10:13:37.948771	3
290	2026-05-22 10:13:37.951212	34	2026-05-22 10:13:37.951212	18
291	2026-05-22 10:13:37.952674	34	2026-05-22 10:13:37.952674	22
292	2026-05-22 10:13:37.954282	34	2026-05-22 10:13:37.954282	39
293	2026-05-22 10:13:37.956667	34	2026-05-22 10:13:37.956667	12
294	2026-05-22 10:13:37.958761	34	2026-05-22 10:13:37.958761	40
295	2026-05-22 10:13:37.960918	34	2026-05-22 10:13:37.960918	31
296	2026-05-22 10:13:37.964172	34	2026-05-22 10:13:37.964172	23
297	2026-05-22 10:13:37.96668	34	2026-05-22 10:13:37.96668	8
298	2026-05-22 10:13:38.087872	35	2026-05-22 10:13:38.087872	4
299	2026-05-22 10:13:38.089885	35	2026-05-22 10:13:38.089885	32
300	2026-05-22 10:13:38.092656	35	2026-05-22 10:13:38.092656	19
301	2026-05-22 10:13:38.095	35	2026-05-22 10:13:38.095	37
302	2026-05-22 10:13:38.096794	35	2026-05-22 10:13:38.096794	20
303	2026-05-22 10:13:38.098212	35	2026-05-22 10:13:38.098212	18
304	2026-05-22 10:13:38.100208	35	2026-05-22 10:13:38.100208	39
305	2026-05-22 10:13:38.102267	35	2026-05-22 10:13:38.102267	22
306	2026-05-22 10:13:38.10975	35	2026-05-22 10:13:38.10975	21
307	2026-05-22 10:13:38.112003	35	2026-05-22 10:13:38.112003	14
308	2026-05-22 10:13:38.113972	35	2026-05-22 10:13:38.113972	28
309	2026-05-22 10:13:38.232925	36	2026-05-22 10:13:38.232925	15
310	2026-05-22 10:13:38.235208	36	2026-05-22 10:13:38.235208	44
311	2026-05-22 10:13:38.236921	36	2026-05-22 10:13:38.236921	24
312	2026-05-22 10:13:38.23861	36	2026-05-22 10:13:38.23861	4
313	2026-05-22 10:13:38.247166	36	2026-05-22 10:13:38.247166	37
314	2026-05-22 10:13:38.248914	36	2026-05-22 10:13:38.248914	16
315	2026-05-22 10:13:38.250803	36	2026-05-22 10:13:38.250803	34
316	2026-05-22 10:13:38.254327	36	2026-05-22 10:13:38.254327	21
317	2026-05-22 10:13:38.256235	36	2026-05-22 10:13:38.256235	40
318	2026-05-22 10:13:38.25818	36	2026-05-22 10:13:38.25818	13
319	2026-05-22 10:13:38.26123	36	2026-05-22 10:13:38.26123	20
320	2026-05-22 10:13:38.264668	37	2026-05-22 10:13:38.264668	37
321	2026-05-22 10:13:38.267272	37	2026-05-22 10:13:38.267272	26
322	2026-05-22 10:13:38.269623	37	2026-05-22 10:13:38.269623	48
323	2026-05-22 10:13:38.27137	37	2026-05-22 10:13:38.27137	47
324	2026-05-22 10:13:38.272883	37	2026-05-22 10:13:38.272883	8
325	2026-05-22 10:13:38.281249	37	2026-05-22 10:13:38.281249	35
326	2026-05-22 10:13:38.28347	37	2026-05-22 10:13:38.28347	3
327	2026-05-22 10:13:38.285055	37	2026-05-22 10:13:38.285055	36
328	2026-05-22 10:13:38.286607	37	2026-05-22 10:13:38.286607	6
329	2026-05-22 10:13:38.288295	37	2026-05-22 10:13:38.288295	23
330	2026-05-22 10:13:38.290169	37	2026-05-22 10:13:38.290169	24
\.


--
-- Data for Name: reviews; Type: TABLE DATA; Schema: public; Owner: -
--

COPY public.reviews (id, body, created_at, reviewable_id, reviewable_type, updated_at, user_id) FROM stdin;
2	Unde sed voluptas. Voluptas voluptatem ullam. Eveniet quia recusandae. Eius omnis omnis. Architecto hic fugiat. Voluptas nesciunt error. Molestiae quis est. Sed ipsam aliquam. Qui qui soluta. Blanditiis numquam assumenda. Eum qui ea. Quasi assumenda quaerat. Corrupti soluta perspiciatis. Voluptatem cupiditate et. Deleniti ut enim. Sed neque et. Odit ratione porro. Placeat voluptatum numquam. Inventore accusantium iure. Autem nihil necessitatibus. Dolores libero quae.	2026-05-22 10:13:28.740492	1	Project	2026-05-22 10:13:29.190741	16
4	Eveniet harum repellat. Doloremque rem quo. Aspernatur itaque architecto. Adipisci totam consequatur. Dolor nemo odit. Maxime in quis. Qui magni voluptas. Voluptatem omnis ratione. Voluptates omnis labore. Cupiditate et ea. Rerum voluptas eveniet. Quis sunt corrupti. Autem voluptates occaecati. Aut voluptates et. Est cumque voluptatem.	2026-05-22 10:13:28.75766	1	Fish	2026-05-22 10:13:29.287547	47
5	Aut quidem quas. Sint provident voluptas. Voluptatem autem est. Nostrum corrupti voluptatem. Aut earum adipisci. Nisi qui et. Et atque natus. Sed dolore a. Iste sapiente assumenda. Ea eos voluptatem. Sit tempore neque. Explicabo eos suscipit.	2026-05-22 10:13:28.759814	2	Fish	2026-05-22 10:13:29.30012	22
6	Doloremque dicta consequatur. Natus illum perferendis. Accusamus sit labore. Est molestiae possimus. Possimus nesciunt alias. Nostrum culpa sed. Aut vel aperiam. Laboriosam id illum. Ipsa sapiente dolores. Sapiente blanditiis omnis. Et maxime et. Nobis rem deleniti. Dolore at molestiae. Quisquam illum magni. Itaque quo molestiae. Quidem dolores quasi. Autem consectetur sapiente. Quae autem velit. Distinctio architecto earum. Quaerat impedit consectetur. Libero unde incidunt. Impedit suscipit natus. Corrupti facilis quibusdam. Quo eligendi tempora.	2026-05-22 10:13:28.763947	5	Team	2026-05-22 10:13:29.322312	8
7	Alias repellat assumenda. Assumenda autem eum. Nobis odio nemo. Dolores deleniti voluptatibus. Minima et laboriosam. Quo aut nesciunt. Minima explicabo expedita. Fuga sed voluptas. Tempora saepe quidem. Quia quos corporis. Eum omnis fuga. Quia eos et. Explicabo exercitationem in. Nisi quidem necessitatibus. Quidem non suscipit. Officia qui et. Dolor et a. Necessitatibus officiis corrupti. Expedita aspernatur et. Fugit laudantium totam. Voluptates soluta sapiente.	2026-05-22 10:13:28.76719	3	Fish	2026-05-22 10:13:29.339427	42
8	Aperiam beatae voluptas. Omnis et ut. Dolor amet enim. Fuga sint labore. Tenetur est rem. Inventore nisi porro. Aut fuga aliquam. Veritatis optio est. Laborum voluptatibus eaque. Molestiae porro nesciunt. Porro eum recusandae. Cumque velit iste. Enim possimus voluptatem. Error repellat facere. Modi et repellat. Autem ut quis. Tempora iusto quidem. In debitis cum. Quibusdam ullam distinctio. Iste deleniti natus. Nobis assumenda aut. Odio et aliquam. Commodi consequatur veritatis. Quaerat sit ratione. Adipisci optio modi. Ipsa exercitationem itaque. Aut quia vel.	2026-05-22 10:13:28.770711	2	Project	2026-05-22 10:13:29.356366	43
9	Vitae et est. Cupiditate vero magnam. Ad ut inventore. Et sint voluptas. Incidunt fuga est. A repellat similique. Earum error atque. Natus et qui. Officia voluptatibus architecto. Et odio eos. Temporibus nulla sunt. Aut consequuntur autem. Aut placeat at. Repudiandae dolores necessitatibus. Esse est est. Nulla temporibus ut. Qui expedita voluptate. Quibusdam eaque et. Dolorem est doloremque. Fuga qui voluptatem. Eligendi consequatur vel. Dolorem veniam nulla. Eveniet asperiores pariatur. Quia minima in.	2026-05-22 10:13:28.773238	6	Team	2026-05-22 10:13:29.369952	30
10	Vel consequuntur quo. Sunt minus optio. Molestias reiciendis maiores. Provident cupiditate ipsum. Ducimus unde quae. Consectetur quo possimus. Perferendis quae quo. Officiis temporibus et. Amet neque voluptate. Ut minima ea. Autem similique quo. Est rerum accusantium. Repellat aut deserunt. Excepturi placeat doloribus. Nesciunt quia sed. Quidem sint atque. Architecto nulla vero. Et aspernatur animi. Vel nobis qui. Voluptatum sed similique. Perspiciatis quae illo. Commodi veritatis sequi. Nihil vel in. Omnis qui veniam.	2026-05-22 10:13:28.786806	7	Team	2026-05-22 10:13:29.384864	49
11	Laudantium molestias sint. Et velit et. Repellendus aut itaque. Perspiciatis ab dolor. Delectus molestiae accusamus. Perspiciatis non est. Ut facere numquam. Et sit ducimus. Officiis consectetur enim. Ea corrupti eum. Maiores suscipit aut. Et ut nostrum. Quidem beatae rerum. Nisi velit rerum. Assumenda voluptates et. Ea laborum natus. Iste culpa rem. Repellendus ut voluptatem. Corporis quos aliquam. Ipsa dolor omnis. Et blanditiis quasi. Quidem voluptatem amet. Velit libero laudantium. Omnis atque quod.	2026-05-22 10:13:28.79052	3	Post	2026-05-22 10:13:29.423246	10
12	Aut perspiciatis quidem. Blanditiis quis libero. Consequatur animi laborum. Officia delectus aut. Omnis voluptas voluptas. Ad dolore qui. Velit amet harum. Natus praesentium tenetur. Quos et et. Quis autem tenetur. Repellendus inventore voluptas. Qui quia ex. Quo reprehenderit accusantium. Nihil eaque veritatis. Blanditiis ab aut. Maiores quasi consequatur. Tempora dolores ut. Omnis dolorem aperiam. Consequatur maiores culpa. Et quia in. Aspernatur fugiat et. Non officia ratione. Voluptate ducimus accusamus. Nulla odit quasi.	2026-05-22 10:13:28.794871	3	Project	2026-05-22 10:13:29.431696	11
13	Aut perspiciatis et. Natus ipsam id. A et qui. Ut dolorem eaque. Eligendi suscipit perspiciatis. Ex odio et. Ullam qui quidem. Ipsa illo alias. Hic dolorem velit. Dignissimos facilis voluptatem. Sit molestias voluptatem. Fuga et tenetur.	2026-05-22 10:13:28.800988	4	Fish	2026-05-22 10:13:29.448493	32
14	Unde nihil quis. Aliquid at voluptas. Facilis debitis odit. Ratione consequatur laborum. Esse possimus autem. Est deserunt accusantium. Sed rerum cum. Corrupti explicabo dolores. Et similique quod. Ut voluptatem quis. Asperiores aliquam totam. Blanditiis aut ut. Est velit voluptatem. In cumque ut. Optio atque beatae. Incidunt amet ut. Non aliquam quisquam. Animi dolorum qui. Exercitationem quo molestiae. Voluptate qui consequatur. Earum ullam autem. At vel magnam. Esse rerum odio. Et magni non. Dolorem et eum. Sunt aut ab. Asperiores debitis molestias.	2026-05-22 10:13:28.804869	8	Team	2026-05-22 10:13:29.45417	35
15	In impedit eius. Excepturi cum minus. Sit vero ut. Voluptatem sint itaque. Itaque nihil esse. Totam ullam pariatur. Vel eum quam. Voluptas consectetur voluptate. Voluptatem voluptatum et. Aut facere nisi. Nostrum nam omnis. Optio est iure. Natus minima facilis. At quod et. Consequatur eaque totam. Cum et dolorem. Et repudiandae quia. Illo molestias dolorem. Et suscipit soluta. Qui dolor voluptas. Omnis sunt velit.	2026-05-22 10:13:28.81437	4	Post	2026-05-22 10:13:29.504177	7
16	Consequatur est et. Atque vel sunt. Qui facilis soluta. Odio beatae commodi. Voluptatem ut unde. Et maxime voluptate. Nostrum voluptas sit. Incidunt culpa ullam. In numquam ut. Non sint est. Sint est quibusdam. Quia reiciendis et.	2026-05-22 10:13:28.817478	5	Post	2026-05-22 10:13:29.563731	19
18	Sed consequatur aperiam. Quod illum accusantium. Qui architecto ipsam. Quae impedit eos. Dolorem fuga iusto. Facilis et ab. Soluta dignissimos quo. A suscipit quaerat. Inventore possimus eos. Eveniet illo veniam. Deserunt officia unde. Velit et voluptas. Repellendus illum vero. In quae blanditiis. Dolorem est quia.	2026-05-22 10:13:28.823857	9	Team	2026-05-22 10:13:29.578643	40
19	Modi nulla earum. Delectus odio sed. Amet non quia. Ea omnis perspiciatis. Exercitationem vel id. Libero consequatur nemo. Odio dolor saepe. Deleniti quis amet. Rerum et iusto. Culpa ad aut. Consequuntur quaerat velit. Consequuntur dolor numquam. Ab quasi non. Facilis nulla earum. Pariatur non ad. Reprehenderit voluptatem et. Quis sint possimus. Ratione maiores qui. Nisi ut sed. Dolores blanditiis accusamus. Delectus deleniti animi.	2026-05-22 10:13:28.82679	5	Fish	2026-05-22 10:13:29.587741	53
20	Voluptatem molestiae quis. Tempore repellendus accusantium. Aliquam sunt quia. Qui sapiente et. Et ducimus nostrum. Dignissimos natus pariatur. Cupiditate est est. Nihil necessitatibus consequuntur. Aut quisquam voluptas. Et atque enim. Aperiam et rerum. Nisi amet occaecati.	2026-05-22 10:13:28.829802	6	Post	2026-05-22 10:13:29.643475	14
21	Voluptatem quisquam rerum. Qui esse id. Porro consequuntur voluptatum. Modi consequatur nostrum. Quo dolore repellendus. Aut quia sed. Et hic provident. Omnis corrupti ad. Id vitae nostrum. Est sequi beatae. Provident molestiae odio. Aliquid assumenda eaque. Sed rem enim. Eos aut rerum. Eaque aut veniam. Quia ea et. Sunt eligendi qui. Qui iusto repudiandae. Expedita et deleniti. Et dolor et. Inventore ullam reiciendis. Sed nisi quo. Esse expedita nam. Pariatur perspiciatis ut. Eos explicabo sed. Aspernatur perferendis praesentium. Impedit mollitia esse.	2026-05-22 10:13:28.834419	10	Team	2026-05-22 10:13:29.655105	16
22	Facilis deserunt dolor. Consectetur neque dicta. Nesciunt voluptatum atque. Explicabo consequatur praesentium. Voluptate totam quia. Cupiditate similique qui. Alias et harum. Dolor ad eos. Corporis minus illum. Sapiente quis quas. In sint rem. Delectus et fugit. Fugit sunt aut. Corrupti aut laboriosam. Ducimus et excepturi. Illum ex et. Totam distinctio tempore. Enim tempora eligendi. Voluptatem quisquam neque. Sed rerum et. Corporis veniam id. Aperiam sit corrupti. Et quo aut. Rerum velit et.	2026-05-22 10:13:28.837087	7	Post	2026-05-22 10:13:29.721601	54
23	Dolores enim laborum. Sed facilis iure. Optio quasi nemo. Vitae est voluptates. Rerum autem temporibus. Asperiores modi quis. Sunt consectetur accusantium. Ducimus mollitia omnis. Vel nihil in. Voluptatem quas tempora. Laboriosam delectus reiciendis. Qui aspernatur repellendus. Laborum nihil est. Blanditiis et rem. Ratione temporibus rerum.	2026-05-22 10:13:28.849178	5	Project	2026-05-22 10:13:29.731039	36
25	Velit aut voluptatem. Consectetur vel nobis. Inventore molestiae debitis. Illo explicabo dolor. Accusantium sapiente quia. Ab molestiae aut. Dolor soluta et. Dolor ducimus id. Exercitationem voluptates ea. Itaque deserunt est. Rerum aut perspiciatis. Est aut fugiat. Laboriosam dolores molestias. Dolor ea autem. Perferendis porro a. Id a corporis. Provident voluptas voluptatem. Iusto dolorem et. Ratione dolorum quia. Enim consectetur quibusdam. Et repellat aperiam.	2026-05-22 10:13:28.854478	6	Fish	2026-05-22 10:13:29.741945	21
26	Et sint occaecati. Ut deserunt quis. Debitis nemo sint. Corrupti quia aut. A voluptatem quibusdam. Eveniet at voluptatibus. Iure esse velit. Asperiores veritatis et. Odio ut sunt. Aut non et. Saepe voluptatem impedit. Inventore fugiat suscipit. Rem ut eos. Eum sunt nulla. At repellendus repudiandae. Consequuntur expedita ea. Blanditiis consequatur molestias. Vitae sunt harum.	2026-05-22 10:13:28.860422	7	Fish	2026-05-22 10:13:29.746329	21
27	Nihil cumque perferendis. Temporibus doloribus sed. Sint itaque voluptatem. Consequatur aut sit. Perferendis est cumque. Consequatur ut porro. Eos inventore doloremque. Est et quia. Quae veniam quo. Ab possimus beatae. Exercitationem animi est. Temporibus sit eaque. Nemo quis debitis. At sit quis. Quod tenetur assumenda. Voluptatibus porro occaecati. Voluptatem odit expedita. Vitae adipisci explicabo. Cupiditate eum quis. Animi sit voluptatibus. Quia consectetur autem.	2026-05-22 10:13:28.871017	8	Fish	2026-05-22 10:13:29.750481	45
28	In nisi dolorem. Delectus quo aut. Earum quis neque. Facilis commodi corporis. Nihil rem vel. Dolor qui enim. Ipsa voluptatem adipisci. Et tenetur ipsam. Itaque sit aspernatur. Delectus minima ut. Et reiciendis nesciunt. Nulla vero ab. Laborum enim dolorem. Provident sit nostrum. Possimus rem enim. In ut quia. Vitae quisquam fugiat. Non enim quia.	2026-05-22 10:13:28.873685	11	Team	2026-05-22 10:13:29.757953	23
29	Eaque ut asperiores. Suscipit quo corrupti. Alias placeat aliquid. Fugit ut occaecati. Sunt nisi sed. Ea iste eaque. Facere voluptate est. Ratione ad tempora. Excepturi voluptatem est. Ut eaque quaerat. Cum exercitationem quas. Qui rerum est. Animi ex odio. Autem aut odio. Tempora id rerum.	2026-05-22 10:13:28.88115	12	Team	2026-05-22 10:13:29.763037	29
30	Mollitia aliquid inventore. Distinctio reprehenderit porro. Occaecati quia quia. Veniam non necessitatibus. Aliquid dolor molestiae. Amet enim inventore. Tempore ratione aut. Et natus dolor. Atque nobis autem. Qui sunt et. Iste et veniam. In aut dolor. Quasi vitae delectus. Cum ea amet. Velit consequuntur recusandae. Qui adipisci dolores. Delectus molestias quos. Ipsa consequatur illo. Consectetur dolores et. Dignissimos dolor modi. Dolores quos accusamus.	2026-05-22 10:13:28.883697	8	Post	2026-05-22 10:13:29.808867	42
31	Libero dicta molestias. Sit soluta quae. Quia itaque doloremque. Quod voluptates placeat. Nemo cum non. Ad molestias sed. Voluptatem dolores voluptatibus. Velit quasi at. Esse voluptatum eum. Sed iusto omnis. Similique facere libero. Blanditiis porro dolores. Non et velit. Sit vitae blanditiis. Neque saepe perferendis. Occaecati dolor cum. Ducimus officia velit. Omnis fuga enim. Labore cupiditate praesentium. In vero doloremque. Minus qui ipsam. Veniam rem atque. Consequuntur dolorum quo. Hic quos quibusdam. Aut cupiditate reiciendis. Debitis quae repudiandae. Fugit qui similique.	2026-05-22 10:13:28.887084	13	Team	2026-05-22 10:13:29.814519	13
32	Quis deleniti molestiae. Sint eos incidunt. Facilis fuga ipsa. Qui assumenda et. Nam labore alias. Sed distinctio facere. Ducimus sed voluptas. Dignissimos quam dolor. Accusantium qui excepturi. Perspiciatis in eius. Aut omnis nulla. Temporibus cumque et. Nobis dolores voluptatem. Ab odio recusandae. Ab consequatur libero. Quis ea harum. Dignissimos hic maiores. Dolore ut fugit. Odio repudiandae ea. Aut id molestiae. Sapiente et eaque. Sunt temporibus qui. Et in autem. Hic dolor quas. Earum facilis recusandae. Eveniet atque aliquam. Adipisci voluptatem voluptas.	2026-05-22 10:13:28.889758	7	Project	2026-05-22 10:13:29.820516	31
1	Et voluptas aut. Expedita odit provident. Amet molestias ut. Omnis ut sequi. Nulla ipsam laboriosam. Aliquam repellendus voluptate. Aut aperiam voluptas. Dolorum nihil cum. Incidunt eos a. Voluptates aut vitae. Quia id quos. Veniam quo expedita.	2026-05-22 10:13:28.724204	1	Post	2026-05-22 10:13:29.136984	54
3	Nisi voluptatem qui. Autem doloremque deleniti. Quis blanditiis est. Atque hic cum. Et soluta molestiae. Blanditiis consequatur quo. Et et animi. Culpa voluptatibus adipisci. Nulla soluta omnis. Dolores possimus consequatur. Culpa rerum ex. Eius aperiam cum. Consequatur minus ut. Nisi harum voluptates. Eum in quibusdam. Molestias modi aut. Ex quia ipsum. Sit dignissimos velit. Autem et rerum. Voluptatum molestias quos. Sit ea numquam. Beatae sapiente eum. Occaecati et iste. Aut aut maiores. Nostrum similique ab. Quas qui est. Vitae sint quo.	2026-05-22 10:13:28.754516	2	Post	2026-05-22 10:13:29.258625	4
17	Eos quis a. Quasi nihil ea. Beatae qui soluta. Voluptatem sunt et. Sed aut ut. Aspernatur ab voluptates. Nihil aliquam rem. Voluptatem labore quia. Placeat eos voluptatem. Optio nihil officia. Omnis quo error. Et quo non. Enim error ut. Qui omnis in. Quae praesentium placeat. Aspernatur expedita ipsum. Impedit odio quod. Voluptas eligendi sint. Non distinctio illo. Non dolorum repudiandae. Natus aut fugiat.	2026-05-22 10:13:28.820819	4	Project	2026-05-22 10:13:29.570281	47
24	Et repudiandae necessitatibus. Vel corporis harum. Eligendi voluptates cupiditate. Magnam aspernatur fuga. Laborum qui et. Ipsum asperiores labore. Nihil vitae dolorem. Mollitia in id. Voluptates ut et. Voluptatibus sequi tenetur. Non eveniet harum. Rem laboriosam inventore. Minus et nulla. Dolore numquam aperiam. Deleniti aperiam voluptatem. Enim numquam non. Praesentium cum reprehenderit. Necessitatibus consequatur sunt. Explicabo dolorum sint. Rerum quia sapiente. Quo sed tempore. Dolorem odio esse. Tenetur ullam itaque. Fugiat sunt est.	2026-05-22 10:13:28.851919	6	Project	2026-05-22 10:13:29.737753	47
\.


--
-- Data for Name: store_patrons; Type: TABLE DATA; Schema: public; Owner: -
--

COPY public.store_patrons (id, created_at, review, store_id, updated_at, user_id) FROM stdin;
\.


--
-- Data for Name: tags; Type: TABLE DATA; Schema: public; Owner: -
--

COPY public.tags (id, created_at, name, taggings_count, updated_at) FROM stdin;
1	2026-05-22 10:13:28.999615	1	33	2026-05-22 10:13:28.999615
2	2026-05-22 10:13:29.021993	five	33	2026-05-22 10:13:29.021993
4	2026-05-22 10:13:29.032549	seven	33	2026-05-22 10:13:29.032549
3	2026-05-22 10:13:29.029381	2	33	2026-05-22 10:13:29.029381
\.


--
-- Data for Name: taggings; Type: TABLE DATA; Schema: public; Owner: -
--

COPY public.taggings (id, context, created_at, tag_id, taggable_id, taggable_type, tagger_id, tagger_type, tenant) FROM stdin;
1	tags	2026-05-22 10:13:29.079656	1	1	Post	\N	\N	\N
2	tags	2026-05-22 10:13:29.10339	2	1	Post	\N	\N	\N
3	tags	2026-05-22 10:13:29.111158	3	1	Post	\N	\N	\N
4	tags	2026-05-22 10:13:29.11546	4	1	Post	\N	\N	\N
5	tags	2026-05-22 10:13:29.236034	3	2	Post	\N	\N	\N
6	tags	2026-05-22 10:13:29.24096	1	2	Post	\N	\N	\N
7	tags	2026-05-22 10:13:29.247295	4	2	Post	\N	\N	\N
8	tags	2026-05-22 10:13:29.254326	2	2	Post	\N	\N	\N
9	tags	2026-05-22 10:13:29.401969	1	3	Post	\N	\N	\N
10	tags	2026-05-22 10:13:29.408933	4	3	Post	\N	\N	\N
11	tags	2026-05-22 10:13:29.416279	3	3	Post	\N	\N	\N
12	tags	2026-05-22 10:13:29.420519	2	3	Post	\N	\N	\N
13	tags	2026-05-22 10:13:29.467437	2	4	Post	\N	\N	\N
14	tags	2026-05-22 10:13:29.471541	3	4	Post	\N	\N	\N
15	tags	2026-05-22 10:13:29.489358	1	4	Post	\N	\N	\N
16	tags	2026-05-22 10:13:29.500944	4	4	Post	\N	\N	\N
17	tags	2026-05-22 10:13:29.530486	1	5	Post	\N	\N	\N
18	tags	2026-05-22 10:13:29.537168	4	5	Post	\N	\N	\N
19	tags	2026-05-22 10:13:29.553403	2	5	Post	\N	\N	\N
20	tags	2026-05-22 10:13:29.55895	3	5	Post	\N	\N	\N
21	tags	2026-05-22 10:13:29.614949	2	6	Post	\N	\N	\N
22	tags	2026-05-22 10:13:29.620434	4	6	Post	\N	\N	\N
23	tags	2026-05-22 10:13:29.626164	1	6	Post	\N	\N	\N
24	tags	2026-05-22 10:13:29.639502	3	6	Post	\N	\N	\N
25	tags	2026-05-22 10:13:29.680148	3	7	Post	\N	\N	\N
26	tags	2026-05-22 10:13:29.700664	1	7	Post	\N	\N	\N
27	tags	2026-05-22 10:13:29.706583	2	7	Post	\N	\N	\N
28	tags	2026-05-22 10:13:29.717761	4	7	Post	\N	\N	\N
29	tags	2026-05-22 10:13:29.792139	3	8	Post	\N	\N	\N
30	tags	2026-05-22 10:13:29.796452	1	8	Post	\N	\N	\N
31	tags	2026-05-22 10:13:29.801298	4	8	Post	\N	\N	\N
32	tags	2026-05-22 10:13:29.805257	2	8	Post	\N	\N	\N
33	tags	2026-05-22 10:13:29.837568	3	9	Post	\N	\N	\N
34	tags	2026-05-22 10:13:29.843929	1	9	Post	\N	\N	\N
35	tags	2026-05-22 10:13:29.848588	2	9	Post	\N	\N	\N
36	tags	2026-05-22 10:13:29.852232	4	9	Post	\N	\N	\N
37	tags	2026-05-22 10:13:30.25171	3	10	Post	\N	\N	\N
38	tags	2026-05-22 10:13:30.256614	4	10	Post	\N	\N	\N
39	tags	2026-05-22 10:13:30.262926	2	10	Post	\N	\N	\N
40	tags	2026-05-22 10:13:30.267531	1	10	Post	\N	\N	\N
41	tags	2026-05-22 10:13:30.535219	1	11	Post	\N	\N	\N
42	tags	2026-05-22 10:13:30.548384	4	11	Post	\N	\N	\N
43	tags	2026-05-22 10:13:30.552194	3	11	Post	\N	\N	\N
44	tags	2026-05-22 10:13:30.555377	2	11	Post	\N	\N	\N
45	tags	2026-05-22 10:13:30.732596	2	12	Post	\N	\N	\N
46	tags	2026-05-22 10:13:30.735817	1	12	Post	\N	\N	\N
47	tags	2026-05-22 10:13:30.739226	3	12	Post	\N	\N	\N
48	tags	2026-05-22 10:13:30.74469	4	12	Post	\N	\N	\N
49	tags	2026-05-22 10:13:30.90206	1	13	Post	\N	\N	\N
50	tags	2026-05-22 10:13:30.905426	3	13	Post	\N	\N	\N
51	tags	2026-05-22 10:13:30.920757	2	13	Post	\N	\N	\N
52	tags	2026-05-22 10:13:30.925443	4	13	Post	\N	\N	\N
53	tags	2026-05-22 10:13:31.084741	4	14	Post	\N	\N	\N
54	tags	2026-05-22 10:13:31.088401	2	14	Post	\N	\N	\N
55	tags	2026-05-22 10:13:31.104938	1	14	Post	\N	\N	\N
56	tags	2026-05-22 10:13:31.117162	3	14	Post	\N	\N	\N
57	tags	2026-05-22 10:13:31.371783	4	15	Post	\N	\N	\N
58	tags	2026-05-22 10:13:31.380033	2	15	Post	\N	\N	\N
59	tags	2026-05-22 10:13:31.384731	3	15	Post	\N	\N	\N
60	tags	2026-05-22 10:13:31.39684	1	15	Post	\N	\N	\N
61	tags	2026-05-22 10:13:31.551035	4	16	Post	\N	\N	\N
62	tags	2026-05-22 10:13:31.564119	2	16	Post	\N	\N	\N
63	tags	2026-05-22 10:13:31.568919	3	16	Post	\N	\N	\N
64	tags	2026-05-22 10:13:31.573215	1	16	Post	\N	\N	\N
65	tags	2026-05-22 10:13:31.702106	1	17	Post	\N	\N	\N
66	tags	2026-05-22 10:13:31.70652	3	17	Post	\N	\N	\N
67	tags	2026-05-22 10:13:31.711522	2	17	Post	\N	\N	\N
68	tags	2026-05-22 10:13:31.71546	4	17	Post	\N	\N	\N
69	tags	2026-05-22 10:13:31.820138	4	18	Post	\N	\N	\N
70	tags	2026-05-22 10:13:31.831538	3	18	Post	\N	\N	\N
71	tags	2026-05-22 10:13:31.836566	1	18	Post	\N	\N	\N
72	tags	2026-05-22 10:13:31.844913	2	18	Post	\N	\N	\N
73	tags	2026-05-22 10:13:31.951018	3	19	Post	\N	\N	\N
74	tags	2026-05-22 10:13:31.955165	4	19	Post	\N	\N	\N
75	tags	2026-05-22 10:13:31.958922	1	19	Post	\N	\N	\N
76	tags	2026-05-22 10:13:31.963295	2	19	Post	\N	\N	\N
77	tags	2026-05-22 10:13:32.049939	1	20	Post	\N	\N	\N
78	tags	2026-05-22 10:13:32.053769	2	20	Post	\N	\N	\N
79	tags	2026-05-22 10:13:32.059884	4	20	Post	\N	\N	\N
80	tags	2026-05-22 10:13:32.063784	3	20	Post	\N	\N	\N
81	tags	2026-05-22 10:13:32.203645	2	21	Post	\N	\N	\N
82	tags	2026-05-22 10:13:32.210299	4	21	Post	\N	\N	\N
83	tags	2026-05-22 10:13:32.214647	3	21	Post	\N	\N	\N
84	tags	2026-05-22 10:13:32.219516	1	21	Post	\N	\N	\N
85	tags	2026-05-22 10:13:32.281959	1	22	Post	\N	\N	\N
86	tags	2026-05-22 10:13:32.287327	2	22	Post	\N	\N	\N
87	tags	2026-05-22 10:13:32.296916	4	22	Post	\N	\N	\N
88	tags	2026-05-22 10:13:32.301023	3	22	Post	\N	\N	\N
89	tags	2026-05-22 10:13:32.393569	3	23	Post	\N	\N	\N
90	tags	2026-05-22 10:13:32.399066	1	23	Post	\N	\N	\N
91	tags	2026-05-22 10:13:32.403964	4	23	Post	\N	\N	\N
92	tags	2026-05-22 10:13:32.414054	2	23	Post	\N	\N	\N
93	tags	2026-05-22 10:13:32.546295	3	24	Post	\N	\N	\N
94	tags	2026-05-22 10:13:32.550983	2	24	Post	\N	\N	\N
95	tags	2026-05-22 10:13:32.554372	4	24	Post	\N	\N	\N
96	tags	2026-05-22 10:13:32.566412	1	24	Post	\N	\N	\N
97	tags	2026-05-22 10:13:32.693071	2	25	Post	\N	\N	\N
98	tags	2026-05-22 10:13:32.696981	1	25	Post	\N	\N	\N
99	tags	2026-05-22 10:13:32.704211	4	25	Post	\N	\N	\N
100	tags	2026-05-22 10:13:32.715456	3	25	Post	\N	\N	\N
101	tags	2026-05-22 10:13:32.908385	4	26	Post	\N	\N	\N
102	tags	2026-05-22 10:13:32.913467	1	26	Post	\N	\N	\N
103	tags	2026-05-22 10:13:32.919664	3	26	Post	\N	\N	\N
104	tags	2026-05-22 10:13:32.926351	2	26	Post	\N	\N	\N
105	tags	2026-05-22 10:13:33.055911	3	27	Post	\N	\N	\N
106	tags	2026-05-22 10:13:33.061599	1	27	Post	\N	\N	\N
107	tags	2026-05-22 10:13:33.065308	4	27	Post	\N	\N	\N
108	tags	2026-05-22 10:13:33.069401	2	27	Post	\N	\N	\N
109	tags	2026-05-22 10:13:33.185655	4	28	Post	\N	\N	\N
110	tags	2026-05-22 10:13:33.190026	2	28	Post	\N	\N	\N
111	tags	2026-05-22 10:13:33.193904	3	28	Post	\N	\N	\N
112	tags	2026-05-22 10:13:33.198536	1	28	Post	\N	\N	\N
113	tags	2026-05-22 10:13:33.315192	4	29	Post	\N	\N	\N
114	tags	2026-05-22 10:13:33.319762	2	29	Post	\N	\N	\N
115	tags	2026-05-22 10:13:33.323876	1	29	Post	\N	\N	\N
116	tags	2026-05-22 10:13:33.327916	3	29	Post	\N	\N	\N
117	tags	2026-05-22 10:13:33.456077	4	30	Post	\N	\N	\N
118	tags	2026-05-22 10:13:33.465241	1	30	Post	\N	\N	\N
119	tags	2026-05-22 10:13:33.472516	3	30	Post	\N	\N	\N
120	tags	2026-05-22 10:13:33.49534	2	30	Post	\N	\N	\N
121	tags	2026-05-22 10:13:33.585914	1	31	Post	\N	\N	\N
122	tags	2026-05-22 10:13:33.596726	2	31	Post	\N	\N	\N
123	tags	2026-05-22 10:13:33.601066	4	31	Post	\N	\N	\N
124	tags	2026-05-22 10:13:33.605342	3	31	Post	\N	\N	\N
125	tags	2026-05-22 10:13:33.780023	4	32	Post	\N	\N	\N
126	tags	2026-05-22 10:13:33.784202	1	32	Post	\N	\N	\N
127	tags	2026-05-22 10:13:33.78788	3	32	Post	\N	\N	\N
128	tags	2026-05-22 10:13:33.791601	2	32	Post	\N	\N	\N
129	tags	2026-05-22 10:13:33.883709	1	33	Post	\N	\N	\N
130	tags	2026-05-22 10:13:33.886982	2	33	Post	\N	\N	\N
131	tags	2026-05-22 10:13:33.896452	4	33	Post	\N	\N	\N
132	tags	2026-05-22 10:13:33.902246	3	33	Post	\N	\N	\N
\.


--
-- Data for Name: team_memberships; Type: TABLE DATA; Schema: public; Owner: -
--

COPY public.team_memberships (id, created_at, level, team_id, updated_at, user_id) FROM stdin;
1	2026-05-22 10:13:34.380348	advanced	1	2026-05-22 10:13:34.420294	43
2	2026-05-22 10:13:34.42724	advanced	1	2026-05-22 10:13:34.432365	4
3	2026-05-22 10:13:34.434412	intermediate	1	2026-05-22 10:13:34.436675	29
4	2026-05-22 10:13:34.439144	beginner	1	2026-05-22 10:13:34.443357	53
5	2026-05-22 10:13:34.446815	beginner	1	2026-05-22 10:13:34.450235	10
6	2026-05-22 10:13:34.452164	advanced	1	2026-05-22 10:13:34.455628	11
7	2026-05-22 10:13:34.467883	intermediate	1	2026-05-22 10:13:34.470408	39
8	2026-05-22 10:13:34.472161	advanced	1	2026-05-22 10:13:34.475923	51
9	2026-05-22 10:13:34.477761	intermediate	1	2026-05-22 10:13:34.480046	49
10	2026-05-22 10:13:34.48196	advanced	1	2026-05-22 10:13:34.4847	52
11	2026-05-22 10:13:34.486495	advanced	1	2026-05-22 10:13:34.488665	6
12	2026-05-22 10:13:34.493128	advanced	2	2026-05-22 10:13:34.497271	1
13	2026-05-22 10:13:34.501046	advanced	2	2026-05-22 10:13:34.503711	34
14	2026-05-22 10:13:34.505478	advanced	2	2026-05-22 10:13:34.510031	28
15	2026-05-22 10:13:34.512633	advanced	2	2026-05-22 10:13:34.515507	12
16	2026-05-22 10:13:34.519818	beginner	2	2026-05-22 10:13:34.535398	46
17	2026-05-22 10:13:34.539668	advanced	2	2026-05-22 10:13:34.549986	15
18	2026-05-22 10:13:34.552537	advanced	2	2026-05-22 10:13:34.555044	14
19	2026-05-22 10:13:34.557239	intermediate	2	2026-05-22 10:13:34.559964	10
20	2026-05-22 10:13:34.561843	advanced	2	2026-05-22 10:13:34.564724	8
21	2026-05-22 10:13:34.566581	beginner	2	2026-05-22 10:13:34.569131	49
22	2026-05-22 10:13:34.571046	beginner	2	2026-05-22 10:13:34.573104	9
23	2026-05-22 10:13:34.581465	advanced	3	2026-05-22 10:13:34.586047	12
24	2026-05-22 10:13:34.597567	beginner	3	2026-05-22 10:13:34.605757	22
25	2026-05-22 10:13:34.607971	advanced	3	2026-05-22 10:13:34.610277	9
26	2026-05-22 10:13:34.61386	beginner	3	2026-05-22 10:13:34.617131	28
27	2026-05-22 10:13:34.61915	intermediate	3	2026-05-22 10:13:34.622007	20
28	2026-05-22 10:13:34.623945	advanced	3	2026-05-22 10:13:34.627685	18
29	2026-05-22 10:13:34.630708	advanced	3	2026-05-22 10:13:34.633314	10
30	2026-05-22 10:13:34.635174	beginner	3	2026-05-22 10:13:34.63756	7
31	2026-05-22 10:13:34.639079	beginner	3	2026-05-22 10:13:34.647542	15
32	2026-05-22 10:13:34.649629	beginner	3	2026-05-22 10:13:34.652219	32
33	2026-05-22 10:13:34.653638	intermediate	3	2026-05-22 10:13:34.65555	5
34	2026-05-22 10:13:34.668942	advanced	4	2026-05-22 10:13:34.679775	19
35	2026-05-22 10:13:34.68162	beginner	4	2026-05-22 10:13:34.684368	40
36	2026-05-22 10:13:34.689039	beginner	4	2026-05-22 10:13:34.692759	23
37	2026-05-22 10:13:34.694879	advanced	4	2026-05-22 10:13:34.697914	36
38	2026-05-22 10:13:34.700485	advanced	4	2026-05-22 10:13:34.702762	5
39	2026-05-22 10:13:34.704694	intermediate	4	2026-05-22 10:13:34.708293	45
40	2026-05-22 10:13:34.71023	intermediate	4	2026-05-22 10:13:34.71285	46
41	2026-05-22 10:13:34.715595	advanced	4	2026-05-22 10:13:34.718291	8
42	2026-05-22 10:13:34.720744	beginner	4	2026-05-22 10:13:34.729515	50
43	2026-05-22 10:13:34.731999	intermediate	4	2026-05-22 10:13:34.734577	22
44	2026-05-22 10:13:34.736381	advanced	4	2026-05-22 10:13:34.7388	27
\.


--
-- Data for Name: volunteers; Type: TABLE DATA; Schema: public; Owner: -
--

COPY public.volunteers (id, created_at, department, event_id, name, role, skills, updated_at) FROM stdin;
\.


--
-- Name: action_text_rich_texts_id_seq; Type: SEQUENCE SET; Schema: public; Owner: -
--

SELECT pg_catalog.setval('public.action_text_rich_texts_id_seq', 1, true);


--
-- Name: active_storage_attachments_id_seq; Type: SEQUENCE SET; Schema: public; Owner: -
--

SELECT pg_catalog.setval('public.active_storage_attachments_id_seq', 29, true);


--
-- Name: active_storage_blobs_id_seq; Type: SEQUENCE SET; Schema: public; Owner: -
--

SELECT pg_catalog.setval('public.active_storage_blobs_id_seq', 29, true);


--
-- Name: active_storage_variant_records_id_seq; Type: SEQUENCE SET; Schema: public; Owner: -
--

SELECT pg_catalog.setval('public.active_storage_variant_records_id_seq', 1, false);


--
-- Name: cities_id_seq; Type: SEQUENCE SET; Schema: public; Owner: -
--

SELECT pg_catalog.setval('public.cities_id_seq', 27, true);


--
-- Name: comments_id_seq; Type: SEQUENCE SET; Schema: public; Owner: -
--

SELECT pg_catalog.setval('public.comments_id_seq', 437, true);


--
-- Name: course_links_id_seq; Type: SEQUENCE SET; Schema: public; Owner: -
--

SELECT pg_catalog.setval('public.course_links_id_seq', 450, true);


--
-- Name: courses_id_seq; Type: SEQUENCE SET; Schema: public; Owner: -
--

SELECT pg_catalog.setval('public.courses_id_seq', 150, true);


--
-- Name: courses_locations_id_seq; Type: SEQUENCE SET; Schema: public; Owner: -
--

SELECT pg_catalog.setval('public.courses_locations_id_seq', 1, false);


--
-- Name: events_id_seq; Type: SEQUENCE SET; Schema: public; Owner: -
--

SELECT pg_catalog.setval('public.events_id_seq', 1, true);


--
-- Name: fish_id_seq; Type: SEQUENCE SET; Schema: public; Owner: -
--

SELECT pg_catalog.setval('public.fish_id_seq', 8, true);


--
-- Name: galaxy_planet_satellites_id_seq; Type: SEQUENCE SET; Schema: public; Owner: -
--

SELECT pg_catalog.setval('public.galaxy_planet_satellites_id_seq', 20, true);


--
-- Name: galaxy_planets_id_seq; Type: SEQUENCE SET; Schema: public; Owner: -
--

SELECT pg_catalog.setval('public.galaxy_planets_id_seq', 8, true);


--
-- Name: locations_id_seq; Type: SEQUENCE SET; Schema: public; Owner: -
--

SELECT pg_catalog.setval('public.locations_id_seq', 1, true);


--
-- Name: people_id_seq; Type: SEQUENCE SET; Schema: public; Owner: -
--

SELECT pg_catalog.setval('public.people_id_seq', 36, true);


--
-- Name: playgrounds_id_seq; Type: SEQUENCE SET; Schema: public; Owner: -
--

SELECT pg_catalog.setval('public.playgrounds_id_seq', 1, true);


--
-- Name: posts_id_seq; Type: SEQUENCE SET; Schema: public; Owner: -
--

SELECT pg_catalog.setval('public.posts_id_seq', 33, true);


--
-- Name: products_id_seq; Type: SEQUENCE SET; Schema: public; Owner: -
--

SELECT pg_catalog.setval('public.products_id_seq', 4, true);


--
-- Name: projects_id_seq; Type: SEQUENCE SET; Schema: public; Owner: -
--

SELECT pg_catalog.setval('public.projects_id_seq', 37, true);


--
-- Name: projects_users_id_seq; Type: SEQUENCE SET; Schema: public; Owner: -
--

SELECT pg_catalog.setval('public.projects_users_id_seq', 330, true);


--
-- Name: reviews_id_seq; Type: SEQUENCE SET; Schema: public; Owner: -
--

SELECT pg_catalog.setval('public.reviews_id_seq', 32, true);


--
-- Name: store_patrons_id_seq; Type: SEQUENCE SET; Schema: public; Owner: -
--

SELECT pg_catalog.setval('public.store_patrons_id_seq', 1, false);


--
-- Name: stores_id_seq; Type: SEQUENCE SET; Schema: public; Owner: -
--

SELECT pg_catalog.setval('public.stores_id_seq', 1, true);


--
-- Name: taggings_id_seq; Type: SEQUENCE SET; Schema: public; Owner: -
--

SELECT pg_catalog.setval('public.taggings_id_seq', 132, true);


--
-- Name: tags_id_seq; Type: SEQUENCE SET; Schema: public; Owner: -
--

SELECT pg_catalog.setval('public.tags_id_seq', 4, true);


--
-- Name: team_memberships_id_seq; Type: SEQUENCE SET; Schema: public; Owner: -
--

SELECT pg_catalog.setval('public.team_memberships_id_seq', 44, true);


--
-- Name: teams_id_seq; Type: SEQUENCE SET; Schema: public; Owner: -
--

SELECT pg_catalog.setval('public.teams_id_seq', 13, true);


--
-- Name: users_id_seq; Type: SEQUENCE SET; Schema: public; Owner: -
--

SELECT pg_catalog.setval('public.users_id_seq', 54, true);


--
-- Name: volunteers_id_seq; Type: SEQUENCE SET; Schema: public; Owner: -
--

SELECT pg_catalog.setval('public.volunteers_id_seq', 1, false);


--
-- PostgreSQL database dump complete
--

